Item Name,SKU,Unit,Item Type,Category,Subcategory,Description,MOQ,Size,Packaging Type,HEX Color,Image URL
Detail Art Brush Set,ACC-BRS-SET,pcs,Inventory,Accessories,Brushes,Professional art brush set,6,1pcs,N/A,,
Buffer Block 4-Way,ACC-BUFF-001,pcs,Inventory,Accessories,Tools,4-sided buffer block,24,1pcs,N/A,,
Crystal Nail File,ACC-FILE-001,pcs,Inventory,Accessories,Tools,Professional glass file,12,1pcs,N/A,,
LC-BIAB-011,LC-BIAB-011,ml,Inventory,Builder Gel,BIAB,,25,15ml,Jar,,/img/b2b/brush-on-builder/LC-BIAB-011.webp
LC-BIAB-012,LC-BIAB-012,ml,Inventory,Builder Gel,BIAB,,25,15ml,Jar,,/img/b2b/brush-on-builder/LC-BIAB-012.webp
LC-BIAB-013,LC-BIAB-013,ml,Inventory,Builder Gel,BIAB,,25,15ml,Jar,,/img/b2b/brush-on-builder/LC-BIAB-013.webp
LC-BIAB-014,LC-BIAB-014,ml,Inventory,Builder Gel,BIAB,,25,15ml,Jar,,/img/b2b/brush-on-builder/LC-BIAB-014.webp
LC-BIAB-015,LC-BIAB-015,ml,Inventory,Builder Gel,BIAB,,25,15ml,Jar,,/img/b2b/brush-on-builder/LC-BIAB-015.webp
LC-BIAB-016,LC-BIAB-016,ml,Inventory,Builder Gel,BIAB,,25,15ml,Jar,,/img/b2b/brush-on-builder/LC-BIAB-016.webp
LC-BIAB-017,LC-BIAB-017,ml,Inventory,Builder Gel,BIAB,,25,15ml,Jar,,/img/b2b/brush-on-builder/LC-BIAB-017.webp
LC-BIAB-018,LC-BIAB-018,ml,Inventory,Builder Gel,BIAB,,25,15ml,Jar,,/img/b2b/brush-on-builder/LC-BIAB-018.webp
LC-BIAB-019,LC-BIAB-019,ml,Inventory,Builder Gel,BIAB,,25,15ml,Jar,,/img/b2b/brush-on-builder/LC-BIAB-019.webp
LC-BIAB-020,LC-BIAB-020,ml,Inventory,Builder Gel,BIAB,,25,15ml,Jar,,/img/b2b/brush-on-builder/LC-BIAB-020.webp
LC-BIAB-031,LC-BIAB-031,ml,Inventory,Builder Gel,BIAB,,25,15ml,Jar,,/img/b2b/brush-on-builder/LC-BIAB-031.webp
LC-BIAB-032,LC-BIAB-032,ml,Inventory,Builder Gel,BIAB,,25,15ml,Jar,,/img/b2b/brush-on-builder/LC-BIAB-032.webp
LC-BIAB-033,LC-BIAB-033,ml,Inventory,Builder Gel,BIAB,,25,15ml,Jar,,/img/b2b/brush-on-builder/LC-BIAB-033.webp
LC-BIAB-34,LC-BIAB-34,ml,Inventory,Builder Gel,BIAB,,25,15ml,Jar,,/img/b2b/brush-on-builder/LC-BIAB-34.webp
LC-BIAB-035,LC-BIAB-035,ml,Inventory,Builder Gel,BIAB,,25,15ml,Jar,,/img/b2b/brush-on-builder/LC-BIAB-035.webp
LC-BIAB-036,LC-BIAB-036,ml,Inventory,Builder Gel,BIAB,,25,15ml,Jar,,/img/b2b/brush-on-builder/LC-BIAB-036.webp
LC-BIAB-037,LC-BIAB-037,ml,Inventory,Builder Gel,BIAB,,25,15ml,Jar,,/img/b2b/brush-on-builder/LC-BIAB-037.webp
LC-BIAB-038,LC-BIAB-038,ml,Inventory,Builder Gel,BIAB,,25,15ml,Jar,,/img/b2b/brush-on-builder/LC-BIAB-038.webp
LC-BIAB-039,LC-BIAB-039,ml,Inventory,Builder Gel,BIAB,,25,15ml,Jar,,/img/b2b/brush-on-builder/LC-BIAB-039.webp
LC-BIAB-040,LC-BIAB-040,ml,Inventory,Builder Gel,BIAB,,25,15ml,Jar,,/img/b2b/brush-on-builder/LC-BIAB-040.webp
LC-BIAB-051,LC-BIAB-051,ml,Inventory,Builder Gel,BIAB,,25,15ml,Jar,,/img/b2b/brush-on-builder/LC-BIAB-051.webp
LC-BIAB-052,LC-BIAB-052,ml,Inventory,Builder Gel,BIAB,,25,15ml,Jar,,/img/b2b/brush-on-builder/LC-BIAB-052.webp
LC-BIAB-053,LC-BIAB-053,ml,Inventory,Builder Gel,BIAB,,25,15ml,Jar,,/img/b2b/brush-on-builder/LC-BIAB-053.webp
LC-BIAB-054,LC-BIAB-054,ml,Inventory,Builder Gel,BIAB,,25,15ml,Jar,,/img/b2b/brush-on-builder/LC-BIAB-054.webp
LC-BIAB-055,LC-BIAB-055,ml,Inventory,Builder Gel,BIAB,,25,15ml,Jar,,/img/b2b/brush-on-builder/LC-BIAB-055.webp
LC-BIAB-056,LC-BIAB-056,ml,Inventory,Builder Gel,BIAB,,25,15ml,Jar,,/img/b2b/brush-on-builder/LC-BIAB-056.webp
LC-BIAB-057,LC-BIAB-057,ml,Inventory,Builder Gel,BIAB,,25,15ml,Jar,,/img/b2b/brush-on-builder/LC-BIAB-057.webp
LC-BIAB-058,LC-BIAB-058,ml,Inventory,Builder Gel,BIAB,,25,15ml,Jar,,/img/b2b/brush-on-builder/LC-BIAB-058.webp
LC-BIAB-059,LC-BIAB-059,ml,Inventory,Builder Gel,BIAB,,25,15ml,Jar,,/img/b2b/brush-on-builder/LC-BIAB-059.webp
LC-BIAB-060,LC-BIAB-060,ml,Inventory,Builder Gel,BIAB,,25,15ml,Jar,,/img/b2b/brush-on-builder/LC-BIAB-060.webp
LC-BIAB-071,LC-BIAB-071,ml,Inventory,Builder Gel,BIAB,,25,15ml,Jar,,/img/b2b/brush-on-builder/LC-BIAB-071.webp
LC-BIAB-072,LC-BIAB-072,ml,Inventory,Builder Gel,BIAB,,25,15ml,Jar,,/img/b2b/brush-on-builder/LC-BIAB-072.webp
LC-BIAB-073,LC-BIAB-073,ml,Inventory,Builder Gel,BIAB,,25,15ml,Jar,,/img/b2b/brush-on-builder/LC-BIAB-073.webp
LC-BIAB-074,LC-BIAB-074,ml,Inventory,Builder Gel,BIAB,,25,15ml,Jar,,/img/b2b/brush-on-builder/LC-BIAB-074.webp
LC-BIAB-075,LC-BIAB-075,ml,Inventory,Builder Gel,BIAB,,25,15ml,Jar,,/img/b2b/brush-on-builder/LC-BIAB-075.webp
LC-BIAB-076,LC-BIAB-076,ml,Inventory,Builder Gel,BIAB,,25,15ml,Jar,,/img/b2b/brush-on-builder/LC-BIAB-076.webp
LC-BIAB-077,LC-BIAB-077,ml,Inventory,Builder Gel,BIAB,,25,15ml,Jar,,/img/b2b/brush-on-builder/LC-BIAB-077.webp
LC-BIAB-078,LC-BIAB-078,ml,Inventory,Builder Gel,BIAB,,25,15ml,Jar,,/img/b2b/brush-on-builder/LC-BIAB-078.webp
LC-BIAB-079,LC-BIAB-079,ml,Inventory,Builder Gel,BIAB,,25,15ml,Jar,,/img/b2b/brush-on-builder/LC-BIAB-079.webp
LC-BIAB-080,LC-BIAB-080,ml,Inventory,Builder Gel,BIAB,,25,15ml,Jar,,/img/b2b/brush-on-builder/LC-BIAB-080.webp
LC-BIAB-081,LC-BIAB-081,ml,Inventory,Builder Gel,BIAB,,25,15ml,Jar,,/img/b2b/brush-on-builder/LC-BIAB-081.webp
LC-BIAB-082,LC-BIAB-082,ml,Inventory,Builder Gel,BIAB,,25,15ml,Jar,,/img/b2b/brush-on-builder/LC-BIAB-082.webp
LC-BIAB-083,LC-BIAB-083,ml,Inventory,Builder Gel,BIAB,,25,15ml,Jar,,/img/b2b/brush-on-builder/LC-BIAB-083.webp
LC-BIAB-084,LC-BIAB-084,ml,Inventory,Builder Gel,BIAB,,25,15ml,Jar,,/img/b2b/brush-on-builder/LC-BIAB-084.webp
LC-BIAB-085,LC-BIAB-085,ml,Inventory,Builder Gel,BIAB,,25,15ml,Jar,,/img/b2b/brush-on-builder/LC-BIAB-085.webp
LC-BIAB-086,LC-BIAB-086,ml,Inventory,Builder Gel,BIAB,,25,15ml,Jar,,/img/b2b/brush-on-builder/LC-BIAB-086.webp
LC-BIAB-087,LC-BIAB-087,ml,Inventory,Builder Gel,BIAB,,25,15ml,Jar,,/img/b2b/brush-on-builder/LC-BIAB-087.webp
LC-BIAB-088,LC-BIAB-088,ml,Inventory,Builder Gel,BIAB,,25,15ml,Jar,,/img/b2b/brush-on-builder/LC-BIAB-088.webp
LC-BIAB-089,LC-BIAB-089,ml,Inventory,Builder Gel,BIAB,,25,15ml,Jar,,/img/b2b/brush-on-builder/LC-BIAB-089.webp
LC-BIAB-090,LC-BIAB-090,ml,Inventory,Builder Gel,BIAB,,25,15ml,Jar,,/img/b2b/brush-on-builder/LC-BIAB-090.webp
LC-BIAB-091,LC-BIAB-091,ml,Inventory,Builder Gel,BIAB,,25,15ml,Jar,,/img/b2b/brush-on-builder/LC-BIAB-091.webp
LC-BIAB-092,LC-BIAB-092,ml,Inventory,Builder Gel,BIAB,,25,15ml,Jar,,/img/b2b/brush-on-builder/LC-BIAB-092.webp
LC-BIAB-093,LC-BIAB-093,ml,Inventory,Builder Gel,BIAB,,25,15ml,Jar,,/img/b2b/brush-on-builder/LC-BIAB-093.webp
LC-BIAB-094,LC-BIAB-094,ml,Inventory,Builder Gel,BIAB,,25,15ml,Jar,,/img/b2b/brush-on-builder/LC-BIAB-094.webp
LC-BIAB-095,LC-BIAB-095,ml,Inventory,Builder Gel,BIAB,,25,15ml,Jar,,/img/b2b/brush-on-builder/LC-BIAB-095.webp
LC-BIAB-096,LC-BIAB-096,ml,Inventory,Builder Gel,BIAB,,25,15ml,Jar,,/img/b2b/brush-on-builder/LC-BIAB-096.webp
LC-BIAB-097,LC-BIAB-097,ml,Inventory,Builder Gel,BIAB,,25,15ml,Jar,,/img/b2b/brush-on-builder/LC-BIAB-097.webp
LC-BIAB-098,LC-BIAB-098,ml,Inventory,Builder Gel,BIAB,,25,15ml,Jar,,/img/b2b/brush-on-builder/LC-BIAB-098.webp
LC-BIAB-099,LC-BIAB-099,ml,Inventory,Builder Gel,BIAB,,25,15ml,Jar,,/img/b2b/brush-on-builder/LC-BIAB-099.webp
LC-BIAB-100,LC-BIAB-100,ml,Inventory,Builder Gel,BIAB,,25,15ml,Jar,,/img/b2b/brush-on-builder/LC-BIAB-100.webp
LC-BIAB-111,LC-BIAB-111,ml,Inventory,Builder Gel,BIAB,,25,15ml,Jar,,/img/b2b/brush-on-builder/LC-BIAB-111.webp
LC-BIAB-112,LC-BIAB-112,ml,Inventory,Builder Gel,BIAB,,25,15ml,Jar,,/img/b2b/brush-on-builder/LC-BIAB-112.webp
LC-BIAB-113,LC-BIAB-113,ml,Inventory,Builder Gel,BIAB,,25,15ml,Jar,,/img/b2b/brush-on-builder/LC-BIAB-113.webp
LC-BIAB-114,LC-BIAB-114,ml,Inventory,Builder Gel,BIAB,,25,15ml,Jar,,/img/b2b/brush-on-builder/LC-BIAB-114.webp
LC-BIAB-115,LC-BIAB-115,ml,Inventory,Builder Gel,BIAB,,25,15ml,Jar,,/img/b2b/brush-on-builder/LC-BIAB-115.webp
LC-BIAB-116,LC-BIAB-116,ml,Inventory,Builder Gel,BIAB,,25,15ml,Jar,,/img/b2b/brush-on-builder/LC-BIAB-116.webp
LC-BIAB-117,LC-BIAB-117,ml,Inventory,Builder Gel,BIAB,,25,15ml,Jar,,/img/b2b/brush-on-builder/LC-BIAB-117.webp
LC-BIAB-118,LC-BIAB-118,ml,Inventory,Builder Gel,BIAB,,25,15ml,Jar,,/img/b2b/brush-on-builder/LC-BIAB-118.webp
LC-BIAB-119,LC-BIAB-119,ml,Inventory,Builder Gel,BIAB,,25,15ml,Jar,,/img/b2b/brush-on-builder/LC-BIAB-119.webp
LC-BIAB-120,LC-BIAB-120,ml,Inventory,Builder Gel,BIAB,,25,15ml,Jar,,/img/b2b/brush-on-builder/LC-BIAB-120.webp
LC-BIAB-131,LC-BIAB-131,ml,Inventory,Builder Gel,BIAB,,25,15ml,Jar,,/img/b2b/brush-on-builder/LC-BIAB-131.webp
LC-BIAB-132,LC-BIAB-132,ml,Inventory,Builder Gel,BIAB,,25,15ml,Jar,,/img/b2b/brush-on-builder/LC-BIAB-132.webp
LC-BIAB-133,LC-BIAB-133,ml,Inventory,Builder Gel,BIAB,,25,15ml,Jar,,/img/b2b/brush-on-builder/LC-BIAB-133.webp
LC-BIAB-134,LC-BIAB-134,ml,Inventory,Builder Gel,BIAB,,25,15ml,Jar,,/img/b2b/brush-on-builder/LC-BIAB-134.webp
LC-BIAB-135,LC-BIAB-135,ml,Inventory,Builder Gel,BIAB,,25,15ml,Jar,,/img/b2b/brush-on-builder/LC-BIAB-135.webp
LC-BIAB-136,LC-BIAB-136,ml,Inventory,Builder Gel,BIAB,,25,15ml,Jar,,/img/b2b/brush-on-builder/LC-BIAB-136.webp
LC-BIAB-137,LC-BIAB-137,ml,Inventory,Builder Gel,BIAB,,25,15ml,Jar,,/img/b2b/brush-on-builder/LC-BIAB-137.webp
LC-BIAB-138,LC-BIAB-138,ml,Inventory,Builder Gel,BIAB,,25,15ml,Jar,,/img/b2b/brush-on-builder/LC-BIAB-138.webp
LC-BIAB-139,LC-BIAB-139,ml,Inventory,Builder Gel,BIAB,,25,15ml,Jar,,/img/b2b/brush-on-builder/LC-BIAB-139.webp
LC-BIAB-140,LC-BIAB-140,ml,Inventory,Builder Gel,BIAB,,25,15ml,Jar,,/img/b2b/brush-on-builder/LC-BIAB-140.webp
LC-BIAB-141,LC-BIAB-141,ml,Inventory,Builder Gel,BIAB,,25,15ml,Jar,,/img/b2b/brush-on-builder/LC-BIAB-141.webp
LC-BIAB-142,LC-BIAB-142,ml,Inventory,Builder Gel,BIAB,,25,15ml,Jar,,/img/b2b/brush-on-builder/LC-BIAB-142.webp
LC-BIAB-143,LC-BIAB-143,ml,Inventory,Builder Gel,BIAB,,25,15ml,Jar,,/img/b2b/brush-on-builder/LC-BIAB-143.webp
LC-BIAB-144,LC-BIAB-144,ml,Inventory,Builder Gel,BIAB,,25,15ml,Jar,,/img/b2b/brush-on-builder/LC-BIAB-144.webp
LC-BIAB-145,LC-BIAB-145,ml,Inventory,Builder Gel,BIAB,,25,15ml,Jar,,/img/b2b/brush-on-builder/LC-BIAB-145.webp
LC-BIAB-146,LC-BIAB-146,ml,Inventory,Builder Gel,BIAB,,25,15ml,Jar,,/img/b2b/brush-on-builder/LC-BIAB-146.webp
LC-BIAB-147,LC-BIAB-147,ml,Inventory,Builder Gel,BIAB,,25,15ml,Jar,,/img/b2b/brush-on-builder/LC-BIAB-147.webp
LC-BIAB-148,LC-BIAB-148,ml,Inventory,Builder Gel,BIAB,,25,15ml,Jar,,/img/b2b/brush-on-builder/LC-BIAB-148.webp
LC-BIAB-149,LC-BIAB-149,ml,Inventory,Builder Gel,BIAB,,25,15ml,Jar,,/img/b2b/brush-on-builder/LC-BIAB-149.webp
LC-BIAB-150,LC-BIAB-150,ml,Inventory,Builder Gel,BIAB,,25,15ml,Jar,,/img/b2b/brush-on-builder/LC-BIAB-150.webp
LC-BIAB-151,LC-BIAB-151,ml,Inventory,Builder Gel,BIAB,,25,15ml,Jar,,/img/b2b/brush-on-builder/LC-BIAB-151.webp
LC-BIAB-152,LC-BIAB-152,ml,Inventory,Builder Gel,BIAB,,25,15ml,Jar,,/img/b2b/brush-on-builder/LC-BIAB-152.webp
LC-BIAB-153,LC-BIAB-153,ml,Inventory,Builder Gel,BIAB,,25,15ml,Jar,,/img/b2b/brush-on-builder/LC-BIAB-153.webp
LC-BIAB-154,LC-BIAB-154,ml,Inventory,Builder Gel,BIAB,,25,15ml,Jar,,/img/b2b/brush-on-builder/LC-BIAB-154.webp
LC-BIAB-155,LC-BIAB-155,ml,Inventory,Builder Gel,BIAB,,25,15ml,Jar,,/img/b2b/brush-on-builder/LC-BIAB-155.webp
LC-BIAB-156,LC-BIAB-156,ml,Inventory,Builder Gel,BIAB,,25,15ml,Jar,,/img/b2b/brush-on-builder/LC-BIAB-156.webp
LC-BIAB-157,LC-BIAB-157,ml,Inventory,Builder Gel,BIAB,,25,15ml,Jar,,/img/b2b/brush-on-builder/LC-BIAB-157.webp
LC-BIAB-158,LC-BIAB-158,ml,Inventory,Builder Gel,BIAB,,25,15ml,Jar,,/img/b2b/brush-on-builder/LC-BIAB-158.webp
LC-BIAB-159,LC-BIAB-159,ml,Inventory,Builder Gel,BIAB,,25,15ml,Jar,,/img/b2b/brush-on-builder/LC-BIAB-159.webp
LC-BIAB-160,LC-BIAB-160,ml,Inventory,Builder Gel,BIAB,,25,15ml,Jar,,/img/b2b/brush-on-builder/LC-BIAB-160.webp
LC-BIAB-161,LC-BIAB-161,ml,Inventory,Builder Gel,BIAB,,25,15ml,Jar,,/img/b2b/brush-on-builder/LC-BIAB-161.webp
LC-BIAB-162,LC-BIAB-162,ml,Inventory,Builder Gel,BIAB,,25,15ml,Jar,,/img/b2b/brush-on-builder/LC-BIAB-162.webp
LC-BIAB-163,LC-BIAB-163,ml,Inventory,Builder Gel,BIAB,,25,15ml,Jar,,/img/b2b/brush-on-builder/LC-BIAB-163.webp
LC-BIAB-164,LC-BIAB-164,ml,Inventory,Builder Gel,BIAB,,25,15ml,Jar,,/img/b2b/brush-on-builder/LC-BIAB-164.webp
LC-BIAB-165,LC-BIAB-165,ml,Inventory,Builder Gel,BIAB,,25,15ml,Jar,,/img/b2b/brush-on-builder/LC-BIAB-165.webp
LC-BIAB-166,LC-BIAB-166,ml,Inventory,Builder Gel,BIAB,,25,15ml,Jar,,/img/b2b/brush-on-builder/LC-BIAB-166.webp
LC-BIAB-167,LC-BIAB-167,ml,Inventory,Builder Gel,BIAB,,25,15ml,Jar,,/img/b2b/brush-on-builder/LC-BIAB-167.webp
LC-BIAB-168,LC-BIAB-168,ml,Inventory,Builder Gel,BIAB,,25,15ml,Jar,,/img/b2b/brush-on-builder/LC-BIAB-168.webp
LC-BIAB-169,LC-BIAB-169,ml,Inventory,Builder Gel,BIAB,,25,15ml,Jar,,/img/b2b/brush-on-builder/LC-BIAB-169.webp
LC-BIAB-170,LC-BIAB-170,ml,Inventory,Builder Gel,BIAB,,25,15ml,Jar,,/img/b2b/brush-on-builder/LC-BIAB-170.webp
LC-BIAB-171,LC-BIAB-171,ml,Inventory,Builder Gel,BIAB,,25,15ml,Jar,,/img/b2b/brush-on-builder/LC-BIAB-171.webp
LC-BIAB-172,LC-BIAB-172,ml,Inventory,Builder Gel,BIAB,,25,15ml,Jar,,/img/b2b/brush-on-builder/LC-BIAB-172.webp
LC-BIAB-173,LC-BIAB-173,ml,Inventory,Builder Gel,BIAB,,25,15ml,Jar,,/img/b2b/brush-on-builder/LC-BIAB-173.webp
LC-BIAB-174,LC-BIAB-174,ml,Inventory,Builder Gel,BIAB,,25,15ml,Jar,,/img/b2b/brush-on-builder/LC-BIAB-174.webp
LC-BIAB-175,LC-BIAB-175,ml,Inventory,Builder Gel,BIAB,,25,15ml,Jar,,/img/b2b/brush-on-builder/LC-BIAB-175.webp
LC-BIAB-176,LC-BIAB-176,ml,Inventory,Builder Gel,BIAB,,25,15ml,Jar,,/img/b2b/brush-on-builder/LC-BIAB-176.webp
LC-BIAB-177,LC-BIAB-177,ml,Inventory,Builder Gel,BIAB,,25,15ml,Jar,,/img/b2b/brush-on-builder/LC-BIAB-177.webp
LC-BIAB-178,LC-BIAB-178,ml,Inventory,Builder Gel,BIAB,,25,15ml,Jar,,/img/b2b/brush-on-builder/LC-BIAB-178.webp
LC-BIAB-179,LC-BIAB-179,ml,Inventory,Builder Gel,BIAB,,25,15ml,Jar,,/img/b2b/brush-on-builder/LC-BIAB-179.webp
LC-BIAB-180,LC-BIAB-180,ml,Inventory,Builder Gel,BIAB,,25,15ml,Jar,,/img/b2b/brush-on-builder/LC-BIAB-180.webp
LC-BIAB-181,LC-BIAB-181,ml,Inventory,Builder Gel,BIAB,,25,15ml,Jar,,/img/b2b/brush-on-builder/LC-BIAB-181.webp
LC-BIAB-182,LC-BIAB-182,ml,Inventory,Builder Gel,BIAB,,25,15ml,Jar,,/img/b2b/brush-on-builder/LC-BIAB-182.webp
LC-BIAB-183,LC-BIAB-183,ml,Inventory,Builder Gel,BIAB,,25,15ml,Jar,,/img/b2b/brush-on-builder/LC-BIAB-183.webp
LC-BIAB-184,LC-BIAB-184,ml,Inventory,Builder Gel,BIAB,,25,15ml,Jar,,/img/b2b/brush-on-builder/LC-BIAB-184.webp
LC-BIAB-185,LC-BIAB-185,ml,Inventory,Builder Gel,BIAB,,25,15ml,Jar,,/img/b2b/brush-on-builder/LC-BIAB-185.webp
LC-BIAB-186,LC-BIAB-186,ml,Inventory,Builder Gel,BIAB,,25,15ml,Jar,,/img/b2b/brush-on-builder/LC-BIAB-186.webp
LC-BIAB-187,LC-BIAB-187,ml,Inventory,Builder Gel,BIAB,,25,15ml,Jar,,/img/b2b/brush-on-builder/LC-BIAB-187.webp
LC-BIAB-188,LC-BIAB-188,ml,Inventory,Builder Gel,BIAB,,25,15ml,Jar,,/img/b2b/brush-on-builder/LC-BIAB-188.webp
LC-BIAB-189,LC-BIAB-189,ml,Inventory,Builder Gel,BIAB,,25,15ml,Jar,,/img/b2b/brush-on-builder/LC-BIAB-189.webp
LC-BIAB-190,LC-BIAB-190,ml,Inventory,Builder Gel,BIAB,,25,15ml,Jar,,/img/b2b/brush-on-builder/LC-BIAB-190.webp
LC-BIAB-191,LC-BIAB-191,ml,Inventory,Builder Gel,BIAB,,25,15ml,Jar,,/img/b2b/brush-on-builder/LC-BIAB-191.webp
LC-BIAB-192,LC-BIAB-192,ml,Inventory,Builder Gel,BIAB,,25,15ml,Jar,,/img/b2b/brush-on-builder/LC-BIAB-192.webp
LC-BIAB-193,LC-BIAB-193,ml,Inventory,Builder Gel,BIAB,,25,15ml,Jar,,/img/b2b/brush-on-builder/LC-BIAB-193.webp
LC-BIAB-194,LC-BIAB-194,ml,Inventory,Builder Gel,BIAB,,25,15ml,Jar,,/img/b2b/brush-on-builder/LC-BIAB-194.webp
LC-BIAB-195,LC-BIAB-195,ml,Inventory,Builder Gel,BIAB,,25,15ml,Jar,,/img/b2b/brush-on-builder/LC-BIAB-195.webp
LC-BIAB-196,LC-BIAB-196,ml,Inventory,Builder Gel,BIAB,,25,15ml,Jar,,/img/b2b/brush-on-builder/LC-BIAB-196.webp
LC-BIAB-197,LC-BIAB-197,ml,Inventory,Builder Gel,BIAB,,25,15ml,Jar,,/img/b2b/brush-on-builder/LC-BIAB-197.webp
LC-BIAB-198,LC-BIAB-198,ml,Inventory,Builder Gel,BIAB,,25,15ml,Jar,,/img/b2b/brush-on-builder/LC-BIAB-198.webp
LC-BIAB-199,LC-BIAB-199,ml,Inventory,Builder Gel,BIAB,,25,15ml,Jar,,/img/b2b/brush-on-builder/LC-BIAB-199.webp
LC-BIAB-200,LC-BIAB-200,ml,Inventory,Builder Gel,BIAB,,25,15ml,Jar,,/img/b2b/brush-on-builder/LC-BIAB-200.webp
LC-BIAB-201,LC-BIAB-201,ml,Inventory,Builder Gel,BIAB,,25,15ml,Jar,,/img/b2b/brush-on-builder/LC-BIAB-201.webp
LC-BIAB-202,LC-BIAB-202,ml,Inventory,Builder Gel,BIAB,,25,15ml,Jar,,/img/b2b/brush-on-builder/LC-BIAB-202.webp
LC-BIAB-203,LC-BIAB-203,ml,Inventory,Builder Gel,BIAB,,25,15ml,Jar,,/img/b2b/brush-on-builder/LC-BIAB-203.webp
LC-BIAB-204,LC-BIAB-204,ml,Inventory,Builder Gel,BIAB,,25,15ml,Jar,,/img/b2b/brush-on-builder/LC-BIAB-204.webp
LC-BIAB-205,LC-BIAB-205,ml,Inventory,Builder Gel,BIAB,,25,15ml,Jar,,/img/b2b/brush-on-builder/LC-BIAB-205.webp
LC-BIAB-206,LC-BIAB-206,ml,Inventory,Builder Gel,BIAB,,25,15ml,Jar,,/img/b2b/brush-on-builder/LC-BIAB-206.webp
LC-BIAB-207,LC-BIAB-207,ml,Inventory,Builder Gel,BIAB,,25,15ml,Jar,,/img/b2b/brush-on-builder/LC-BIAB-207.webp
LC-BIAB-208,LC-BIAB-208,ml,Inventory,Builder Gel,BIAB,,25,15ml,Jar,,/img/b2b/brush-on-builder/LC-BIAB-208.webp
LC-BIAB-209,LC-BIAB-209,ml,Inventory,Builder Gel,BIAB,,25,15ml,Jar,,/img/b2b/brush-on-builder/LC-BIAB-209.webp
LC-BIAB-210,LC-BIAB-210,ml,Inventory,Builder Gel,BIAB,,25,15ml,Jar,,/img/b2b/brush-on-builder/LC-BIAB-210.webp
LC-BIAB-211,LC-BIAB-211,ml,Inventory,Builder Gel,BIAB,,25,15ml,Jar,,/img/b2b/brush-on-builder/LC-BIAB-211.webp
LC-BIAB-212,LC-BIAB-212,ml,Inventory,Builder Gel,BIAB,,25,15ml,Jar,,/img/b2b/brush-on-builder/LC-BIAB-212.webp
LC-BIAB-213,LC-BIAB-213,ml,Inventory,Builder Gel,BIAB,,25,15ml,Jar,,/img/b2b/brush-on-builder/LC-BIAB-213.webp
LC-BIAB-214,LC-BIAB-214,ml,Inventory,Builder Gel,BIAB,,25,15ml,Jar,,/img/b2b/brush-on-builder/LC-BIAB-214.webp
LC-BIAB-215,LC-BIAB-215,ml,Inventory,Builder Gel,BIAB,,25,15ml,Jar,,/img/b2b/brush-on-builder/LC-BIAB-215.webp
LC-BIAB-216,LC-BIAB-216,ml,Inventory,Builder Gel,BIAB,,25,15ml,Jar,,/img/b2b/brush-on-builder/LC-BIAB-216.webp
LC-BIAB-217,LC-BIAB-217,ml,Inventory,Builder Gel,BIAB,,25,15ml,Jar,,/img/b2b/brush-on-builder/LC-BIAB-217.webp
LC-BIAB-218,LC-BIAB-218,ml,Inventory,Builder Gel,BIAB,,25,15ml,Jar,,/img/b2b/brush-on-builder/LC-BIAB-218.webp
LC-BIAB-219,LC-BIAB-219,ml,Inventory,Builder Gel,BIAB,,25,15ml,Jar,,/img/b2b/brush-on-builder/LC-BIAB-219.webp
LC-BIAB-220,LC-BIAB-220,ml,Inventory,Builder Gel,BIAB,,25,15ml,Jar,,/img/b2b/brush-on-builder/LC-BIAB-220.webp
LC-BIAB-221,LC-BIAB-221,ml,Inventory,Builder Gel,BIAB,,25,15ml,Jar,,/img/b2b/brush-on-builder/LC-BIAB-221.webp
LC-BIAB-222,LC-BIAB-222,ml,Inventory,Builder Gel,BIAB,,25,15ml,Jar,,/img/b2b/brush-on-builder/LC-BIAB-222.webp
LC-BIAB-223,LC-BIAB-223,ml,Inventory,Builder Gel,BIAB,,25,15ml,Jar,,/img/b2b/brush-on-builder/LC-BIAB-223.webp
LC-BIAB-224,LC-BIAB-224,ml,Inventory,Builder Gel,BIAB,,25,15ml,Jar,,/img/b2b/brush-on-builder/LC-BIAB-224.webp
LC-BIAB-225,LC-BIAB-225,ml,Inventory,Builder Gel,BIAB,,25,15ml,Jar,,/img/b2b/brush-on-builder/LC-BIAB-225.webp
LC-BIAB-226,LC-BIAB-226,ml,Inventory,Builder Gel,BIAB,,25,15ml,Jar,,/img/b2b/brush-on-builder/LC-BIAB-226.webp
LC-BIAB-227,LC-BIAB-227,ml,Inventory,Builder Gel,BIAB,,25,15ml,Jar,,/img/b2b/brush-on-builder/LC-BIAB-227.webp
LC-BIAB-228,LC-BIAB-228,ml,Inventory,Builder Gel,BIAB,,25,15ml,Jar,,/img/b2b/brush-on-builder/LC-BIAB-228.webp
LC-BIAB-229,LC-BIAB-229,ml,Inventory,Builder Gel,BIAB,,25,15ml,Jar,,/img/b2b/brush-on-builder/LC-BIAB-229.webp
LC-BIAB-230,LC-BIAB-230,ml,Inventory,Builder Gel,BIAB,,25,15ml,Jar,,/img/b2b/brush-on-builder/LC-BIAB-230.webp
LC-BIAB-231,LC-BIAB-231,ml,Inventory,Builder Gel,BIAB,,25,15ml,Jar,,/img/b2b/brush-on-builder/LC-BIAB-231.webp
LC-BIAB-232,LC-BIAB-232,ml,Inventory,Builder Gel,BIAB,,25,15ml,Jar,,/img/b2b/brush-on-builder/LC-BIAB-232.webp
LC-BIAB-233,LC-BIAB-233,ml,Inventory,Builder Gel,BIAB,,25,15ml,Jar,,/img/b2b/brush-on-builder/LC-BIAB-233.webp
LC-BIAB-234,LC-BIAB-234,ml,Inventory,Builder Gel,BIAB,,25,15ml,Jar,,/img/b2b/brush-on-builder/LC-BIAB-234.webp
LC-BIAB-235,LC-BIAB-235,ml,Inventory,Builder Gel,BIAB,,25,15ml,Jar,,/img/b2b/brush-on-builder/LC-BIAB-235.webp
LC-BIAB-236,LC-BIAB-236,ml,Inventory,Builder Gel,BIAB,,25,15ml,Jar,,/img/b2b/brush-on-builder/LC-BIAB-236.webp
LC-BIAB-237,LC-BIAB-237,ml,Inventory,Builder Gel,BIAB,,25,15ml,Jar,,/img/b2b/brush-on-builder/LC-BIAB-237.webp
LC-BIAB-238,LC-BIAB-238,ml,Inventory,Builder Gel,BIAB,,25,15ml,Jar,,/img/b2b/brush-on-builder/LC-BIAB-238.webp
LC-BIAB-239,LC-BIAB-239,ml,Inventory,Builder Gel,BIAB,,25,15ml,Jar,,/img/b2b/brush-on-builder/LC-BIAB-239.webp
LC-BIAB-240,LC-BIAB-240,ml,Inventory,Builder Gel,BIAB,,25,15ml,Jar,,/img/b2b/brush-on-builder/LC-BIAB-240.webp
LC-BIAB-241,LC-BIAB-241,ml,Inventory,Builder Gel,BIAB,,25,15ml,Jar,,/img/b2b/brush-on-builder/LC-BIAB-241.webp
LC-BIAB-242,LC-BIAB-242,ml,Inventory,Builder Gel,BIAB,,25,15ml,Jar,,/img/b2b/brush-on-builder/LC-BIAB-242.webp
LC-BIAB-243,LC-BIAB-243,ml,Inventory,Builder Gel,BIAB,,25,15ml,Jar,,/img/b2b/brush-on-builder/LC-BIAB-243.webp
LC-BIAB-244,LC-BIAB-244,ml,Inventory,Builder Gel,BIAB,,25,15ml,Jar,,/img/b2b/brush-on-builder/LC-BIAB-244.webp
LC-BIAB-245,LC-BIAB-245,ml,Inventory,Builder Gel,BIAB,,25,15ml,Jar,,/img/b2b/brush-on-builder/LC-BIAB-245.webp
LC-BIAB-246,LC-BIAB-246,ml,Inventory,Builder Gel,BIAB,,25,15ml,Jar,,/img/b2b/brush-on-builder/LC-BIAB-246.webp
LC-BIAB-247,LC-BIAB-247,ml,Inventory,Builder Gel,BIAB,,25,15ml,Jar,,/img/b2b/brush-on-builder/LC-BIAB-247.webp
LC-BIAB-248,LC-BIAB-248,ml,Inventory,Builder Gel,BIAB,,25,15ml,Jar,,/img/b2b/brush-on-builder/LC-BIAB-248.webp
LC-BIAB-249,LC-BIAB-249,ml,Inventory,Builder Gel,BIAB,,25,15ml,Jar,,/img/b2b/brush-on-builder/LC-BIAB-249.webp
LC-BIAB-250,LC-BIAB-250,ml,Inventory,Builder Gel,BIAB,,25,15ml,Jar,,/img/b2b/brush-on-builder/LC-BIAB-250.webp
LC-BIAB-251,LC-BIAB-251,ml,Inventory,Builder Gel,BIAB,,25,15ml,Jar,,/img/b2b/brush-on-builder/LC-BIAB-251.webp
LC-BIAB-252,LC-BIAB-252,ml,Inventory,Builder Gel,BIAB,,25,15ml,Jar,,/img/b2b/brush-on-builder/LC-BIAB-252.webp
LC-BIAB-253,LC-BIAB-253,ml,Inventory,Builder Gel,BIAB,,25,15ml,Jar,,/img/b2b/brush-on-builder/LC-BIAB-253.webp
LC-BIAB-254,LC-BIAB-254,ml,Inventory,Builder Gel,BIAB,,25,15ml,Jar,,/img/b2b/brush-on-builder/LC-BIAB-254.webp
LC-BIAB-255,LC-BIAB-255,ml,Inventory,Builder Gel,BIAB,,25,15ml,Jar,,/img/b2b/brush-on-builder/LC-BIAB-255.webp
LC-BIAB-256,LC-BIAB-256,ml,Inventory,Builder Gel,BIAB,,25,15ml,Jar,,/img/b2b/brush-on-builder/LC-BIAB-256.webp
LC-BIAB-257,LC-BIAB-257,ml,Inventory,Builder Gel,BIAB,,25,15ml,Jar,,/img/b2b/brush-on-builder/LC-BIAB-257.webp
LC-BIAB-258,LC-BIAB-258,ml,Inventory,Builder Gel,BIAB,,25,15ml,Jar,,/img/b2b/brush-on-builder/LC-BIAB-258.webp
LC-BIAB-259,LC-BIAB-259,ml,Inventory,Builder Gel,BIAB,,25,15ml,Jar,,/img/b2b/brush-on-builder/LC-BIAB-259.webp
LC-BIAB-260,LC-BIAB-260,ml,Inventory,Builder Gel,BIAB,,25,15ml,Jar,,/img/b2b/brush-on-builder/LC-BIAB-260.webp
LC-BIAB-261,LC-BIAB-261,ml,Inventory,Builder Gel,BIAB,,25,15ml,Jar,,/img/b2b/brush-on-builder/LC-BIAB-261.webp
LC-BIAB-262,LC-BIAB-262,ml,Inventory,Builder Gel,BIAB,,25,15ml,Jar,,/img/b2b/brush-on-builder/LC-BIAB-262.webp
LC-BIAB-263,LC-BIAB-263,ml,Inventory,Builder Gel,BIAB,,25,15ml,Jar,,/img/b2b/brush-on-builder/LC-BIAB-263.webp
LC-BIAB-264,LC-BIAB-264,ml,Inventory,Builder Gel,BIAB,,25,15ml,Jar,,/img/b2b/brush-on-builder/LC-BIAB-264.webp
LC-BIAB-265,LC-BIAB-265,ml,Inventory,Builder Gel,BIAB,,25,15ml,Jar,,/img/b2b/brush-on-builder/LC-BIAB-265.webp
LC-BIAB-266,LC-BIAB-266,ml,Inventory,Builder Gel,BIAB,,25,15ml,Jar,,/img/b2b/brush-on-builder/LC-BIAB-266.webp
LC-BIAB-267,LC-BIAB-267,ml,Inventory,Builder Gel,BIAB,,25,15ml,Jar,,/img/b2b/brush-on-builder/LC-BIAB-267.webp
LC-BIAB-268,LC-BIAB-268,ml,Inventory,Builder Gel,BIAB,,25,15ml,Jar,,/img/b2b/brush-on-builder/LC-BIAB-268.webp
LC-BIAB-269,LC-BIAB-269,ml,Inventory,Builder Gel,BIAB,,25,15ml,Jar,,/img/b2b/brush-on-builder/LC-BIAB-269.webp
LC-BIAB-270,LC-BIAB-270,ml,Inventory,Builder Gel,BIAB,,25,15ml,Jar,,/img/b2b/brush-on-builder/LC-BIAB-270.webp
LC-BIAB-271,LC-BIAB-271,ml,Inventory,Builder Gel,BIAB,,25,15ml,Jar,,/img/b2b/brush-on-builder/LC-BIAB-271.webp
LC-BIAB-272,LC-BIAB-272,ml,Inventory,Builder Gel,BIAB,,25,15ml,Jar,,/img/b2b/brush-on-builder/LC-BIAB-272.webp
LC-BIAB-273,LC-BIAB-273,ml,Inventory,Builder Gel,BIAB,,25,15ml,Jar,,/img/b2b/brush-on-builder/LC-BIAB-273.webp
LC-BIAB-274,LC-BIAB-274,ml,Inventory,Builder Gel,BIAB,,25,15ml,Jar,,/img/b2b/brush-on-builder/LC-BIAB-274.webp
LC-BIAB-275,LC-BIAB-275,ml,Inventory,Builder Gel,BIAB,,25,15ml,Jar,,/img/b2b/brush-on-builder/LC-BIAB-275.webp
LC-BIAB-276,LC-BIAB-276,ml,Inventory,Builder Gel,BIAB,,25,15ml,Jar,,/img/b2b/brush-on-builder/LC-BIAB-276.webp
LC-BIAB-277,LC-BIAB-277,ml,Inventory,Builder Gel,BIAB,,25,15ml,Jar,,/img/b2b/brush-on-builder/LC-BIAB-277.webp
LC-BIAB-278,LC-BIAB-278,ml,Inventory,Builder Gel,BIAB,,25,15ml,Jar,,/img/b2b/brush-on-builder/LC-BIAB-278.webp
LC-BIAB-279,LC-BIAB-279,ml,Inventory,Builder Gel,BIAB,,25,15ml,Jar,,/img/b2b/brush-on-builder/LC-BIAB-279.webp
LC-BIAB-280,LC-BIAB-280,ml,Inventory,Builder Gel,BIAB,,25,15ml,Jar,,/img/b2b/brush-on-builder/LC-BIAB-280.webp
LC-BIAB-281,LC-BIAB-281,ml,Inventory,Builder Gel,BIAB,,25,15ml,Jar,,/img/b2b/brush-on-builder/LC-BIAB-281.webp
LC-BIAB-282,LC-BIAB-282,ml,Inventory,Builder Gel,BIAB,,25,15ml,Jar,,/img/b2b/brush-on-builder/LC-BIAB-282.webp
LC-BIAB-283,LC-BIAB-283,ml,Inventory,Builder Gel,BIAB,,25,15ml,Jar,,/img/b2b/brush-on-builder/LC-BIAB-283.webp
LC-BIAB-284,LC-BIAB-284,ml,Inventory,Builder Gel,BIAB,,25,15ml,Jar,,/img/b2b/brush-on-builder/LC-BIAB-284.webp
LC-BIAB-285,LC-BIAB-285,ml,Inventory,Builder Gel,BIAB,,25,15ml,Jar,,/img/b2b/brush-on-builder/LC-BIAB-285.webp
LC-BIAB-286,LC-BIAB-286,ml,Inventory,Builder Gel,BIAB,,25,15ml,Jar,,/img/b2b/brush-on-builder/LC-BIAB-286.webp
LC-BIAB-287,LC-BIAB-287,ml,Inventory,Builder Gel,BIAB,,25,15ml,Jar,,/img/b2b/brush-on-builder/LC-BIAB-287.webp
LC-BIAB-288,LC-BIAB-288,ml,Inventory,Builder Gel,BIAB,,25,15ml,Jar,,/img/b2b/brush-on-builder/LC-BIAB-288.webp
LC-BIAB-289,LC-BIAB-289,ml,Inventory,Builder Gel,BIAB,,25,15ml,Jar,,/img/b2b/brush-on-builder/LC-BIAB-289.webp
LC-BIAB-290,LC-BIAB-290,ml,Inventory,Builder Gel,BIAB,,25,15ml,Jar,,/img/b2b/brush-on-builder/LC-BIAB-290.webp
LC-BIAB-291,LC-BIAB-291,ml,Inventory,Builder Gel,BIAB,,25,15ml,Jar,,/img/b2b/brush-on-builder/LC-BIAB-291.webp
LC-BIAB-292,LC-BIAB-292,ml,Inventory,Builder Gel,BIAB,,25,15ml,Jar,,/img/b2b/brush-on-builder/LC-BIAB-292.webp
LC-BIAB-293,LC-BIAB-293,ml,Inventory,Builder Gel,BIAB,,25,15ml,Jar,,/img/b2b/brush-on-builder/LC-BIAB-293.webp
LC-BIAB-294,LC-BIAB-294,ml,Inventory,Builder Gel,BIAB,,25,15ml,Jar,,/img/b2b/brush-on-builder/LC-BIAB-294.webp
LC-BIAB-295,LC-BIAB-295,ml,Inventory,Builder Gel,BIAB,,25,15ml,Jar,,/img/b2b/brush-on-builder/LC-BIAB-295.webp
LC-BIAB-296,LC-BIAB-296,ml,Inventory,Builder Gel,BIAB,,25,15ml,Jar,,/img/b2b/brush-on-builder/LC-BIAB-296.webp
LC-BIAB-297,LC-BIAB-297,ml,Inventory,Builder Gel,BIAB,,25,15ml,Jar,,/img/b2b/brush-on-builder/LC-BIAB-297.webp
LC-BIAB-298,LC-BIAB-298,ml,Inventory,Builder Gel,BIAB,,25,15ml,Jar,,/img/b2b/brush-on-builder/LC-BIAB-298.webp
LC-BIAB-299,LC-BIAB-299,ml,Inventory,Builder Gel,BIAB,,25,15ml,Jar,,/img/b2b/brush-on-builder/LC-BIAB-299.webp
LC-BIAB-300,LC-BIAB-300,ml,Inventory,Builder Gel,BIAB,,25,15ml,Jar,,/img/b2b/brush-on-builder/LC-BIAB-300.webp
LC-BIAB-301,LC-BIAB-301,ml,Inventory,Builder Gel,BIAB,,25,15ml,Jar,,/img/b2b/brush-on-builder/LC-BIAB-301.webp
LC-BIAB-302,LC-BIAB-302,ml,Inventory,Builder Gel,BIAB,,25,15ml,Jar,,/img/b2b/brush-on-builder/LC-BIAB-302.webp
LC-BIAB-303,LC-BIAB-303,ml,Inventory,Builder Gel,BIAB,,25,15ml,Jar,,/img/b2b/brush-on-builder/LC-BIAB-303.webp
LC-BIAB-304,LC-BIAB-304,ml,Inventory,Builder Gel,BIAB,,25,15ml,Jar,,/img/b2b/brush-on-builder/LC-BIAB-304.webp
LC-BIAB-305,LC-BIAB-305,ml,Inventory,Builder Gel,BIAB,,25,15ml,Jar,,/img/b2b/brush-on-builder/LC-BIAB-305.webp
LC-BIAB-306,LC-BIAB-306,ml,Inventory,Builder Gel,BIAB,,25,15ml,Jar,,/img/b2b/brush-on-builder/LC-BIAB-306.webp
LC-BIAB-307,LC-BIAB-307,ml,Inventory,Builder Gel,BIAB,,25,15ml,Jar,,/img/b2b/brush-on-builder/LC-BIAB-307.webp
LC-BIAB-308,LC-BIAB-308,ml,Inventory,Builder Gel,BIAB,,25,15ml,Jar,,/img/b2b/brush-on-builder/LC-BIAB-308.webp
LC-BIAB-309,LC-BIAB-309,ml,Inventory,Builder Gel,BIAB,,25,15ml,Jar,,/img/b2b/brush-on-builder/LC-BIAB-309.webp
LC-BIAB-310,LC-BIAB-310,ml,Inventory,Builder Gel,BIAB,,25,15ml,Jar,,/img/b2b/brush-on-builder/LC-BIAB-310.webp
LC-BIAB-311,LC-BIAB-311,ml,Inventory,Builder Gel,BIAB,,25,15ml,Jar,,/img/b2b/brush-on-builder/LC-BIAB-311.webp
LC-BIAB-312,LC-BIAB-312,ml,Inventory,Builder Gel,BIAB,,25,15ml,Jar,,/img/b2b/brush-on-builder/LC-BIAB-312.webp
LC-BIAB-313,LC-BIAB-313,ml,Inventory,Builder Gel,BIAB,,25,15ml,Jar,,/img/b2b/brush-on-builder/LC-BIAB-313.webp
LC-BIAB-314,LC-BIAB-314,ml,Inventory,Builder Gel,BIAB,,25,15ml,Jar,,/img/b2b/brush-on-builder/LC-BIAB-314.webp
LC-BIAB-315,LC-BIAB-315,ml,Inventory,Builder Gel,BIAB,,25,15ml,Jar,,/img/b2b/brush-on-builder/LC-BIAB-315.webp
LC-BIAB-316,LC-BIAB-316,ml,Inventory,Builder Gel,BIAB,,25,15ml,Jar,,/img/b2b/brush-on-builder/LC-BIAB-316.webp
LC-BIAB-317,LC-BIAB-317,ml,Inventory,Builder Gel,BIAB,,25,15ml,Jar,,/img/b2b/brush-on-builder/LC-BIAB-317.webp
LC-BIAB-318,LC-BIAB-318,ml,Inventory,Builder Gel,BIAB,,25,15ml,Jar,,/img/b2b/brush-on-builder/LC-BIAB-318.webp
LC-BIAB-319,LC-BIAB-319,ml,Inventory,Builder Gel,BIAB,,25,15ml,Jar,,/img/b2b/brush-on-builder/LC-BIAB-319.webp
LC-BIAB-320,LC-BIAB-320,ml,Inventory,Builder Gel,BIAB,,25,15ml,Jar,,/img/b2b/brush-on-builder/LC-BIAB-320.webp
LC-BIAB-321,LC-BIAB-321,ml,Inventory,Builder Gel,BIAB,,25,15ml,Jar,,/img/b2b/brush-on-builder/LC-BIAB-321.webp
LC-BIAB-322,LC-BIAB-322,ml,Inventory,Builder Gel,BIAB,,25,15ml,Jar,,/img/b2b/brush-on-builder/LC-BIAB-322.webp
LC-BIAB-323,LC-BIAB-323,ml,Inventory,Builder Gel,BIAB,,25,15ml,Jar,,/img/b2b/brush-on-builder/LC-BIAB-323.webp
LC-BIAB-324,LC-BIAB-324,ml,Inventory,Builder Gel,BIAB,,25,15ml,Jar,,/img/b2b/brush-on-builder/LC-BIAB-324.webp
LC-BIAB-325,LC-BIAB-325,ml,Inventory,Builder Gel,BIAB,,25,15ml,Jar,,/img/b2b/brush-on-builder/LC-BIAB-325.webp
LC-BIAB-326,LC-BIAB-326,ml,Inventory,Builder Gel,BIAB,,25,15ml,Jar,,/img/b2b/brush-on-builder/LC-BIAB-326.webp
LC-BIAB-327,LC-BIAB-327,ml,Inventory,Builder Gel,BIAB,,25,15ml,Jar,,/img/b2b/brush-on-builder/LC-BIAB-327.webp
LC-BIAB-328,LC-BIAB-328,ml,Inventory,Builder Gel,BIAB,,25,15ml,Jar,,/img/b2b/brush-on-builder/LC-BIAB-328.webp
LC-BIAB-329,LC-BIAB-329,ml,Inventory,Builder Gel,BIAB,,25,15ml,Jar,,/img/b2b/brush-on-builder/LC-BIAB-329.webp
LC-BIAB-330,LC-BIAB-330,ml,Inventory,Builder Gel,BIAB,,25,15ml,Jar,,/img/b2b/brush-on-builder/LC-BIAB-330.webp
LC-BIAB-331,LC-BIAB-331,ml,Inventory,Builder Gel,BIAB,,25,15ml,Jar,,/img/b2b/brush-on-builder/LC-BIAB-331.webp
LC-BIAB-332,LC-BIAB-332,ml,Inventory,Builder Gel,BIAB,,25,15ml,Jar,,/img/b2b/brush-on-builder/LC-BIAB-332.webp
LC-BIAB-333,LC-BIAB-333,ml,Inventory,Builder Gel,BIAB,,25,15ml,Jar,,/img/b2b/brush-on-builder/LC-BIAB-333.webp
LC-BIAB-334,LC-BIAB-334,ml,Inventory,Builder Gel,BIAB,,25,15ml,Jar,,/img/b2b/brush-on-builder/LC-BIAB-334.webp
LC-BIAB-335,LC-BIAB-335,ml,Inventory,Builder Gel,BIAB,,25,15ml,Jar,,/img/b2b/brush-on-builder/LC-BIAB-335.webp
LC-BIAB-336,LC-BIAB-336,ml,Inventory,Builder Gel,BIAB,,25,15ml,Jar,,/img/b2b/brush-on-builder/LC-BIAB-336.webp
LC-BIAB-337,LC-BIAB-337,ml,Inventory,Builder Gel,BIAB,,25,15ml,Jar,,/img/b2b/brush-on-builder/LC-BIAB-337.webp
LC-BIAB-338,LC-BIAB-338,ml,Inventory,Builder Gel,BIAB,,25,15ml,Jar,,/img/b2b/brush-on-builder/LC-BIAB-338.webp
LC-BIAB-339,LC-BIAB-339,ml,Inventory,Builder Gel,BIAB,,25,15ml,Jar,,/img/b2b/brush-on-builder/LC-BIAB-339.webp
LC-BIAB-340,LC-BIAB-340,ml,Inventory,Builder Gel,BIAB,,25,15ml,Jar,,/img/b2b/brush-on-builder/LC-BIAB-340.webp
LC-BIAB-clear,LC-BIAB-clear,ml,Inventory,Builder Gel,BIAB,,25,15ml,Jar,,/img/b2b/brush-on-builder/LC-BIAB-clear.webp
LC_YG2-BRIDBG-01,LC_YG2-BRIDBG-01,g,Inventory,Builder Gel,Bridal Builder Gel,,1,,Jar,,/img/builder-gels/3-in-1-builder/bridal-builder-gel/LC_YG2-BRIDBG-01.webp
LC_YG2-BRIDBG-02,LC_YG2-BRIDBG-02,g,Inventory,Builder Gel,Bridal Builder Gel,,1,,Jar,,/img/builder-gels/3-in-1-builder/bridal-builder-gel/LC_YG2-BRIDBG-02.webp
LC_YG2-BRIDBG-03,LC_YG2-BRIDBG-03,g,Inventory,Builder Gel,Bridal Builder Gel,,1,,Jar,,/img/builder-gels/3-in-1-builder/bridal-builder-gel/LC_YG2-BRIDBG-03.webp
LC_YG2-BRIDBG-04,LC_YG2-BRIDBG-04,g,Inventory,Builder Gel,Bridal Builder Gel,,1,,Jar,,/img/builder-gels/3-in-1-builder/bridal-builder-gel/LC_YG2-BRIDBG-04.webp
LC_YG2-BRIDBG-05,LC_YG2-BRIDBG-05,g,Inventory,Builder Gel,Bridal Builder Gel,,1,,Jar,,/img/builder-gels/3-in-1-builder/bridal-builder-gel/LC_YG2-BRIDBG-05.webp
LC_YG2-BRIDBG-06,LC_YG2-BRIDBG-06,g,Inventory,Builder Gel,Bridal Builder Gel,,1,,Jar,,/img/builder-gels/3-in-1-builder/bridal-builder-gel/LC_YG2-BRIDBG-06.webp
LC_YG2-BRIDBG-07,LC_YG2-BRIDBG-07,g,Inventory,Builder Gel,Bridal Builder Gel,,1,,Jar,,/img/builder-gels/3-in-1-builder/bridal-builder-gel/LC_YG2-BRIDBG-07.webp
LC_YG2-BRIDBG-08,LC_YG2-BRIDBG-08,g,Inventory,Builder Gel,Bridal Builder Gel,,1,,Jar,,/img/builder-gels/3-in-1-builder/bridal-builder-gel/LC_YG2-BRIDBG-08.webp
LC_YG2-BRIDBG-09,LC_YG2-BRIDBG-09,g,Inventory,Builder Gel,Bridal Builder Gel,,1,,Jar,,/img/builder-gels/3-in-1-builder/bridal-builder-gel/LC_YG2-BRIDBG-09.webp
LC_YG2-BRIDBG-10,LC_YG2-BRIDBG-10,g,Inventory,Builder Gel,Bridal Builder Gel,,1,,Jar,,/img/builder-gels/3-in-1-builder/bridal-builder-gel/LC_YG2-BRIDBG-10.webp
LC_YG2-BRIDBG-11,LC_YG2-BRIDBG-11,g,Inventory,Builder Gel,Bridal Builder Gel,,1,,Jar,,/img/builder-gels/3-in-1-builder/bridal-builder-gel/LC_YG2-BRIDBG-11.webp
LC_YG2-BRIDBG-12,LC_YG2-BRIDBG-12,g,Inventory,Builder Gel,Bridal Builder Gel,,1,,Jar,,/img/builder-gels/3-in-1-builder/bridal-builder-gel/LC_YG2-BRIDBG-12.webp
LC_YG2-BRIDBG-13,LC_YG2-BRIDBG-13,g,Inventory,Builder Gel,Bridal Builder Gel,,1,,Jar,,/img/builder-gels/3-in-1-builder/bridal-builder-gel/LC_YG2-BRIDBG-13.webp
LC_YG2-BRIDBG-14,LC_YG2-BRIDBG-14,g,Inventory,Builder Gel,Bridal Builder Gel,,1,,Jar,,/img/builder-gels/3-in-1-builder/bridal-builder-gel/LC_YG2-BRIDBG-14.webp
LC_YG2-BRIDBG-15,LC_YG2-BRIDBG-15,g,Inventory,Builder Gel,Bridal Builder Gel,,1,,Jar,,/img/builder-gels/3-in-1-builder/bridal-builder-gel/LC_YG2-BRIDBG-15.webp
LC_YG2-BRIDBG-16,LC_YG2-BRIDBG-16,g,Inventory,Builder Gel,Bridal Builder Gel,,1,,Jar,,/img/builder-gels/3-in-1-builder/bridal-builder-gel/LC_YG2-BRIDBG-16.webp
LC_YG2-BRIDBG-17,LC_YG2-BRIDBG-17,g,Inventory,Builder Gel,Bridal Builder Gel,,1,,Jar,,/img/builder-gels/3-in-1-builder/bridal-builder-gel/LC_YG2-BRIDBG-17.webp
LC_YG2-BRIDBG-18,LC_YG2-BRIDBG-18,g,Inventory,Builder Gel,Bridal Builder Gel,,1,,Jar,,/img/builder-gels/3-in-1-builder/bridal-builder-gel/LC_YG2-BRIDBG-18.webp
LC_A_UG-3-in-1_22,LC_A_UG-3-in-1_22,g,Inventory,Builder Gel,Camouflage Builder Gel,,1,,Jar,,/img/builder-gels/3-in-1-builder/Camouflage-builder-gel/LC_A_UG-3-in-1_22.webp
LC_A_UG-3-in-1_23,LC_A_UG-3-in-1_23,g,Inventory,Builder Gel,Camouflage Builder Gel,,1,,Jar,,/img/builder-gels/3-in-1-builder/Camouflage-builder-gel/LC_A_UG-3-in-1_23.webp
LC_A_UG-3-in-1_24,LC_A_UG-3-in-1_24,g,Inventory,Builder Gel,Camouflage Builder Gel,,1,,Jar,,/img/builder-gels/3-in-1-builder/Camouflage-builder-gel/LC_A_UG-3-in-1_24.webp
LC_A_UG-3-in-1_25,LC_A_UG-3-in-1_25,g,Inventory,Builder Gel,Camouflage Builder Gel,,1,,Jar,,/img/builder-gels/3-in-1-builder/Camouflage-builder-gel/LC_A_UG-3-in-1_25.webp
LC_A_UG-3-in-1_26,LC_A_UG-3-in-1_26,g,Inventory,Builder Gel,Camouflage Builder Gel,,1,,Jar,,/img/builder-gels/3-in-1-builder/Camouflage-builder-gel/LC_A_UG-3-in-1_26.webp
LC_A_UG-3-in-1_27,LC_A_UG-3-in-1_27,g,Inventory,Builder Gel,Camouflage Builder Gel,,1,,Jar,,/img/builder-gels/3-in-1-builder/Camouflage-builder-gel/LC_A_UG-3-in-1_27.webp
LC_A_UG-3-in-1_28,LC_A_UG-3-in-1_28,g,Inventory,Builder Gel,Camouflage Builder Gel,,1,,Jar,,/img/builder-gels/3-in-1-builder/Camouflage-builder-gel/LC_A_UG-3-in-1_28.webp
LC_A_UG-3-in-1_29,LC_A_UG-3-in-1_29,g,Inventory,Builder Gel,Camouflage Builder Gel,,1,,Jar,,/img/builder-gels/3-in-1-builder/Camouflage-builder-gel/LC_A_UG-3-in-1_29.webp
LC_A_UG-3-in-1_30,LC_A_UG-3-in-1_30,g,Inventory,Builder Gel,Camouflage Builder Gel,,1,,Jar,,/img/builder-gels/3-in-1-builder/Camouflage-builder-gel/LC_A_UG-3-in-1_30.webp
LC_A_UG-3-in-1_31,LC_A_UG-3-in-1_31,g,Inventory,Builder Gel,Camouflage Builder Gel,,1,,Jar,,/img/builder-gels/3-in-1-builder/Camouflage-builder-gel/LC_A_UG-3-in-1_31.webp
LC_A_UG-3-in-1_32,LC_A_UG-3-in-1_32,g,Inventory,Builder Gel,Camouflage Builder Gel,,1,,Jar,,/img/builder-gels/3-in-1-builder/Camouflage-builder-gel/LC_A_UG-3-in-1_32.webp
LC_A_UG-3-in-1_33,LC_A_UG-3-in-1_33,g,Inventory,Builder Gel,Camouflage Builder Gel,,1,,Jar,,/img/builder-gels/3-in-1-builder/Camouflage-builder-gel/LC_A_UG-3-in-1_33.webp
LC_A_UG-3-in-1_34,LC_A_UG-3-in-1_34,g,Inventory,Builder Gel,Camouflage Builder Gel,,1,,Jar,,/img/builder-gels/3-in-1-builder/Camouflage-builder-gel/LC_A_UG-3-in-1_34.webp
LC_A_UG-3-in-1_35,LC_A_UG-3-in-1_35,g,Inventory,Builder Gel,Camouflage Builder Gel,,1,,Jar,,/img/builder-gels/3-in-1-builder/Camouflage-builder-gel/LC_A_UG-3-in-1_35.webp
LC_A_UG-3-in-1_36,LC_A_UG-3-in-1_36,g,Inventory,Builder Gel,Camouflage Builder Gel,,1,,Jar,,/img/builder-gels/3-in-1-builder/Camouflage-builder-gel/LC_A_UG-3-in-1_36.webp
LC_A_UG-3-in-1_37,LC_A_UG-3-in-1_37,g,Inventory,Builder Gel,Camouflage Builder Gel,,1,,Jar,,/img/builder-gels/3-in-1-builder/Camouflage-builder-gel/LC_A_UG-3-in-1_37.webp
LC_A_UG-3-in-1_38,LC_A_UG-3-in-1_38,g,Inventory,Builder Gel,Camouflage Builder Gel,,1,,Jar,,/img/builder-gels/3-in-1-builder/Camouflage-builder-gel/LC_A_UG-3-in-1_38.webp
LC_A_UG-3-in-1_39,LC_A_UG-3-in-1_39,g,Inventory,Builder Gel,Camouflage Builder Gel,,1,,Jar,,/img/builder-gels/3-in-1-builder/Camouflage-builder-gel/LC_A_UG-3-in-1_39.webp
LC_A_UG-3-in-1_40,LC_A_UG-3-in-1_40,g,Inventory,Builder Gel,Camouflage Builder Gel,,1,,Jar,,/img/builder-gels/3-in-1-builder/Camouflage-builder-gel/LC_A_UG-3-in-1_40.webp
LC_A_UG-3-in-1_41,LC_A_UG-3-in-1_41,g,Inventory,Builder Gel,Camouflage Builder Gel,,1,,Jar,,/img/builder-gels/3-in-1-builder/Camouflage-builder-gel/LC_A_UG-3-in-1_41.webp
LC_A_UG-3-in-1_42,LC_A_UG-3-in-1_42,g,Inventory,Builder Gel,Camouflage Builder Gel,,1,,Jar,,/img/builder-gels/3-in-1-builder/Camouflage-builder-gel/LC_A_UG-3-in-1_42.webp
LC_A_UG-3-in-1_43,LC_A_UG-3-in-1_43,g,Inventory,Builder Gel,Camouflage Builder Gel,,1,,Jar,,/img/builder-gels/3-in-1-builder/Camouflage-builder-gel/LC_A_UG-3-in-1_43.webp
LC_A_UG-3-in-1_44,LC_A_UG-3-in-1_44,g,Inventory,Builder Gel,Camouflage Builder Gel,,1,,Jar,,/img/builder-gels/3-in-1-builder/Camouflage-builder-gel/LC_A_UG-3-in-1_44.webp
LC_A_UG-3-in-1_45,LC_A_UG-3-in-1_45,g,Inventory,Builder Gel,Camouflage Builder Gel,,1,,Jar,,/img/builder-gels/3-in-1-builder/Camouflage-builder-gel/LC_A_UG-3-in-1_45.webp
LC_A_UG-3-in-1_46,LC_A_UG-3-in-1_46,g,Inventory,Builder Gel,Camouflage Builder Gel,,1,,Jar,,/img/builder-gels/3-in-1-builder/Camouflage-builder-gel/LC_A_UG-3-in-1_46.webp
LC_A_UG-3-in-1_47,LC_A_UG-3-in-1_47,g,Inventory,Builder Gel,Camouflage Builder Gel,,1,,Jar,,/img/builder-gels/3-in-1-builder/Camouflage-builder-gel/LC_A_UG-3-in-1_47.webp
LC_A_UG-3-in-1_48,LC_A_UG-3-in-1_48,g,Inventory,Builder Gel,Camouflage Builder Gel,,1,,Jar,,/img/builder-gels/3-in-1-builder/Camouflage-builder-gel/LC_A_UG-3-in-1_48.webp
LC_A_UG-3-in-1_49,LC_A_UG-3-in-1_49,g,Inventory,Builder Gel,Camouflage Builder Gel,,1,,Jar,,/img/builder-gels/3-in-1-builder/Camouflage-builder-gel/LC_A_UG-3-in-1_49.webp
LC_A_UG-3-in-1_50,LC_A_UG-3-in-1_50,g,Inventory,Builder Gel,Camouflage Builder Gel,,1,,Jar,,/img/builder-gels/3-in-1-builder/Camouflage-builder-gel/LC_A_UG-3-in-1_50.webp
LC_A_UG-3-in-1_51,LC_A_UG-3-in-1_51,g,Inventory,Builder Gel,Camouflage Builder Gel,,1,,Jar,,/img/builder-gels/3-in-1-builder/Camouflage-builder-gel/LC_A_UG-3-in-1_51.webp
LC_A_UG-3-in-1_52,LC_A_UG-3-in-1_52,g,Inventory,Builder Gel,Camouflage Builder Gel,,1,,Jar,,/img/builder-gels/3-in-1-builder/Camouflage-builder-gel/LC_A_UG-3-in-1_52.webp
LC_A_UG-3-in-1_53,LC_A_UG-3-in-1_53,g,Inventory,Builder Gel,Camouflage Builder Gel,,1,,Jar,,/img/builder-gels/3-in-1-builder/Camouflage-builder-gel/LC_A_UG-3-in-1_53.webp
LC_A_UG-3-in-1_54,LC_A_UG-3-in-1_54,g,Inventory,Builder Gel,Camouflage Builder Gel,,1,,Jar,,/img/builder-gels/3-in-1-builder/Camouflage-builder-gel/LC_A_UG-3-in-1_54.webp
LC_A_UG-3-in-1_55,LC_A_UG-3-in-1_55,g,Inventory,Builder Gel,Camouflage Builder Gel,,1,,Jar,,/img/builder-gels/3-in-1-builder/Camouflage-builder-gel/LC_A_UG-3-in-1_55.webp
LC_UG-3-in-1_01,LC_UG-3-in-1_01,g,Inventory,Builder Gel,Camouflage Builder Gel,,1,,Jar,,/img/builder-gels/3-in-1-builder/Camouflage-builder-gel/LC_UG-3-in-1_01.webp
LC_UG-3-in-1_02,LC_UG-3-in-1_02,g,Inventory,Builder Gel,Camouflage Builder Gel,,1,,Jar,,/img/builder-gels/3-in-1-builder/Camouflage-builder-gel/LC_UG-3-in-1_02.webp
LC_UG-3-in-1_03,LC_UG-3-in-1_03,g,Inventory,Builder Gel,Camouflage Builder Gel,,1,,Jar,,/img/builder-gels/3-in-1-builder/Camouflage-builder-gel/LC_UG-3-in-1_03.webp
LC_UG-3-in-1_04,LC_UG-3-in-1_04,g,Inventory,Builder Gel,Camouflage Builder Gel,,1,,Jar,,/img/builder-gels/3-in-1-builder/Camouflage-builder-gel/LC_UG-3-in-1_04.webp
LC_UG-3-in-1_05,LC_UG-3-in-1_05,g,Inventory,Builder Gel,Camouflage Builder Gel,,1,,Jar,,/img/builder-gels/3-in-1-builder/Camouflage-builder-gel/LC_UG-3-in-1_05.webp
LC_UG-3-in-1_06,LC_UG-3-in-1_06,g,Inventory,Builder Gel,Camouflage Builder Gel,,1,,Jar,,/img/builder-gels/3-in-1-builder/Camouflage-builder-gel/LC_UG-3-in-1_06.webp
LC_UG-3-in-1_07,LC_UG-3-in-1_07,g,Inventory,Builder Gel,Camouflage Builder Gel,,1,,Jar,,/img/builder-gels/3-in-1-builder/Camouflage-builder-gel/LC_UG-3-in-1_07.webp
LC_UG-3-in-1_08,LC_UG-3-in-1_08,g,Inventory,Builder Gel,Camouflage Builder Gel,,1,,Jar,,/img/builder-gels/3-in-1-builder/Camouflage-builder-gel/LC_UG-3-in-1_08.webp
LC_UG-3-in-1_09,LC_UG-3-in-1_09,g,Inventory,Builder Gel,Camouflage Builder Gel,,1,,Jar,,/img/builder-gels/3-in-1-builder/Camouflage-builder-gel/LC_UG-3-in-1_09.webp
LC_UG-3-in-1_10,LC_UG-3-in-1_10,g,Inventory,Builder Gel,Camouflage Builder Gel,,1,,Jar,,/img/builder-gels/3-in-1-builder/Camouflage-builder-gel/LC_UG-3-in-1_10.webp
LC_UG-3-in-1_11,LC_UG-3-in-1_11,g,Inventory,Builder Gel,Camouflage Builder Gel,,1,,Jar,,/img/builder-gels/3-in-1-builder/Camouflage-builder-gel/LC_UG-3-in-1_11.webp
LC_UG-3-in-1_12,LC_UG-3-in-1_12,g,Inventory,Builder Gel,Camouflage Builder Gel,,1,,Jar,,/img/builder-gels/3-in-1-builder/Camouflage-builder-gel/LC_UG-3-in-1_12.webp
LC_UG-3-in-1_13,LC_UG-3-in-1_13,g,Inventory,Builder Gel,Camouflage Builder Gel,,1,,Jar,,/img/builder-gels/3-in-1-builder/Camouflage-builder-gel/LC_UG-3-in-1_13.webp
LC_UG-3-in-1_14,LC_UG-3-in-1_14,g,Inventory,Builder Gel,Camouflage Builder Gel,,1,,Jar,,/img/builder-gels/3-in-1-builder/Camouflage-builder-gel/LC_UG-3-in-1_14.webp
LC_UG-3-in-1_15,LC_UG-3-in-1_15,g,Inventory,Builder Gel,Camouflage Builder Gel,,1,,Jar,,/img/builder-gels/3-in-1-builder/Camouflage-builder-gel/LC_UG-3-in-1_15.webp
LC_UG-3-in-1_16,LC_UG-3-in-1_16,g,Inventory,Builder Gel,Camouflage Builder Gel,,1,,Jar,,/img/builder-gels/3-in-1-builder/Camouflage-builder-gel/LC_UG-3-in-1_16.webp
LC_UG-3-in-1_17,LC_UG-3-in-1_17,g,Inventory,Builder Gel,Camouflage Builder Gel,,1,,Jar,,/img/builder-gels/3-in-1-builder/Camouflage-builder-gel/LC_UG-3-in-1_17.webp
LC_UG-3-in-1_18,LC_UG-3-in-1_18,g,Inventory,Builder Gel,Camouflage Builder Gel,,1,,Jar,,/img/builder-gels/3-in-1-builder/Camouflage-builder-gel/LC_UG-3-in-1_18.webp
LC_UG-3-in-1_19,LC_UG-3-in-1_19,g,Inventory,Builder Gel,Camouflage Builder Gel,,1,,Jar,,/img/builder-gels/3-in-1-builder/Camouflage-builder-gel/LC_UG-3-in-1_19.webp
LC_UG-3-in-1_20,LC_UG-3-in-1_20,g,Inventory,Builder Gel,Camouflage Builder Gel,,1,,Jar,,/img/builder-gels/3-in-1-builder/Camouflage-builder-gel/LC_UG-3-in-1_20.webp
LC_UG-3-in-1_21,LC_UG-3-in-1_21,g,Inventory,Builder Gel,Camouflage Builder Gel,,1,,Jar,,/img/builder-gels/3-in-1-builder/Camouflage-builder-gel/LC_UG-3-in-1_21.webp
LC_UG-3-in-1_22,LC_UG-3-in-1_22,g,Inventory,Builder Gel,Camouflage Builder Gel,,1,,Jar,,/img/builder-gels/3-in-1-builder/Camouflage-builder-gel/LC_UG-3-in-1_22.webp
LC_UG-3-in-1_23,LC_UG-3-in-1_23,g,Inventory,Builder Gel,Camouflage Builder Gel,,1,,Jar,,/img/builder-gels/3-in-1-builder/Camouflage-builder-gel/LC_UG-3-in-1_23.webp
LC_UG-3-in-1_24,LC_UG-3-in-1_24,g,Inventory,Builder Gel,Camouflage Builder Gel,,1,,Jar,,/img/builder-gels/3-in-1-builder/Camouflage-builder-gel/LC_UG-3-in-1_24.webp
LC_UG-3-in-1_25,LC_UG-3-in-1_25,g,Inventory,Builder Gel,Camouflage Builder Gel,,1,,Jar,,/img/builder-gels/3-in-1-builder/Camouflage-builder-gel/LC_UG-3-in-1_25.webp
LC_UG-3-in-1_26,LC_UG-3-in-1_26,g,Inventory,Builder Gel,Camouflage Builder Gel,,1,,Jar,,/img/builder-gels/3-in-1-builder/Camouflage-builder-gel/LC_UG-3-in-1_26.webp
LC_UG-3-in-1_27,LC_UG-3-in-1_27,g,Inventory,Builder Gel,Camouflage Builder Gel,,1,,Jar,,/img/builder-gels/3-in-1-builder/Camouflage-builder-gel/LC_UG-3-in-1_27.webp
LC_UG-3-in-1_28,LC_UG-3-in-1_28,g,Inventory,Builder Gel,Camouflage Builder Gel,,1,,Jar,,/img/builder-gels/3-in-1-builder/Camouflage-builder-gel/LC_UG-3-in-1_28.webp
LC_UG-3-in-1_29,LC_UG-3-in-1_29,g,Inventory,Builder Gel,Camouflage Builder Gel,,1,,Jar,,/img/builder-gels/3-in-1-builder/Camouflage-builder-gel/LC_UG-3-in-1_29.webp
LC_UG-3-in-1_30,LC_UG-3-in-1_30,g,Inventory,Builder Gel,Camouflage Builder Gel,,1,,Jar,,/img/builder-gels/3-in-1-builder/Camouflage-builder-gel/LC_UG-3-in-1_30.webp
LC_UG-3-in-1_31,LC_UG-3-in-1_31,g,Inventory,Builder Gel,Camouflage Builder Gel,,1,,Jar,,/img/builder-gels/3-in-1-builder/Camouflage-builder-gel/LC_UG-3-in-1_31.webp
LC_UGI-T-3-in-1CBG_01,LC_UGI-T-3-in-1CBG_01,ml,Inventory,Builder Gel,Colour Builder Gel,,25,15ml,Jar,,/img/b2b/builder-gels/3-in-1-builder/colour-builder-gel/LC_UGI-T-3-in-1CBG_01.webp
LC_UGI-T-3-in-1CBG_02,LC_UGI-T-3-in-1CBG_02,ml,Inventory,Builder Gel,Colour Builder Gel,,25,15ml,Jar,,/img/b2b/builder-gels/3-in-1-builder/colour-builder-gel/LC_UGI-T-3-in-1CBG_02.webp
LC_UGI-T-3-in-1CBG_03,LC_UGI-T-3-in-1CBG_03,ml,Inventory,Builder Gel,Colour Builder Gel,,25,15ml,Jar,,/img/b2b/builder-gels/3-in-1-builder/colour-builder-gel/LC_UGI-T-3-in-1CBG_03.webp
LC_UGI-T-3-in-1CBG_04,LC_UGI-T-3-in-1CBG_04,ml,Inventory,Builder Gel,Colour Builder Gel,,25,15ml,Jar,,/img/b2b/builder-gels/3-in-1-builder/colour-builder-gel/LC_UGI-T-3-in-1CBG_04.webp
LC_UGI-T-3-in-1CBG_05,LC_UGI-T-3-in-1CBG_05,ml,Inventory,Builder Gel,Colour Builder Gel,,25,15ml,Jar,,/img/b2b/builder-gels/3-in-1-builder/colour-builder-gel/LC_UGI-T-3-in-1CBG_05.webp
LC_UGI-T-3-in-1CBG_06,LC_UGI-T-3-in-1CBG_06,ml,Inventory,Builder Gel,Colour Builder Gel,,25,15ml,Jar,,/img/b2b/builder-gels/3-in-1-builder/colour-builder-gel/LC_UGI-T-3-in-1CBG_06.webp
LC_UGI-T-3-in-1CBG_07,LC_UGI-T-3-in-1CBG_07,ml,Inventory,Builder Gel,Colour Builder Gel,,25,15ml,Jar,,/img/b2b/builder-gels/3-in-1-builder/colour-builder-gel/LC_UGI-T-3-in-1CBG_07.webp
LC_UGI-T-3-in-1CBG_08,LC_UGI-T-3-in-1CBG_08,ml,Inventory,Builder Gel,Colour Builder Gel,,25,15ml,Jar,,/img/b2b/builder-gels/3-in-1-builder/colour-builder-gel/LC_UGI-T-3-in-1CBG_08.webp
LC_UGI-T-3-in-1CBG_09,LC_UGI-T-3-in-1CBG_09,ml,Inventory,Builder Gel,Colour Builder Gel,,25,15ml,Jar,,/img/b2b/builder-gels/3-in-1-builder/colour-builder-gel/LC_UGI-T-3-in-1CBG_09.webp
LC_UGI-T-3-in-1CBG_10,LC_UGI-T-3-in-1CBG_10,ml,Inventory,Builder Gel,Colour Builder Gel,,25,15ml,Jar,,/img/b2b/builder-gels/3-in-1-builder/colour-builder-gel/LC_UGI-T-3-in-1CBG_10.webp
LC_UGI-T-3-in-1CBG_11,LC_UGI-T-3-in-1CBG_11,ml,Inventory,Builder Gel,Colour Builder Gel,,25,15ml,Jar,,/img/b2b/builder-gels/3-in-1-builder/colour-builder-gel/LC_UGI-T-3-in-1CBG_11.webp
LC_UGI-T-3-in-1CBG_12,LC_UGI-T-3-in-1CBG_12,ml,Inventory,Builder Gel,Colour Builder Gel,,25,15ml,Jar,,/img/b2b/builder-gels/3-in-1-builder/colour-builder-gel/LC_UGI-T-3-in-1CBG_12.webp
LC_UGI-T-3-in-1CBG_13,LC_UGI-T-3-in-1CBG_13,ml,Inventory,Builder Gel,Colour Builder Gel,,25,15ml,Jar,,/img/b2b/builder-gels/3-in-1-builder/colour-builder-gel/LC_UGI-T-3-in-1CBG_13.webp
LC_UGI-T-3-in-1CBG_14,LC_UGI-T-3-in-1CBG_14,ml,Inventory,Builder Gel,Colour Builder Gel,,25,15ml,Jar,,/img/b2b/builder-gels/3-in-1-builder/colour-builder-gel/LC_UGI-T-3-in-1CBG_14.webp
LC_UGI-T-3-in-1CBG_15,LC_UGI-T-3-in-1CBG_15,ml,Inventory,Builder Gel,Colour Builder Gel,,25,15ml,Jar,,/img/b2b/builder-gels/3-in-1-builder/colour-builder-gel/LC_UGI-T-3-in-1CBG_15.webp
LC_UGI-T-3-in-1CBG_16,LC_UGI-T-3-in-1CBG_16,ml,Inventory,Builder Gel,Colour Builder Gel,,25,15ml,Jar,,/img/b2b/builder-gels/3-in-1-builder/colour-builder-gel/LC_UGI-T-3-in-1CBG_16.webp
LC_UGI-T-3-in-1CBG_17,LC_UGI-T-3-in-1CBG_17,ml,Inventory,Builder Gel,Colour Builder Gel,,25,15ml,Jar,,/img/b2b/builder-gels/3-in-1-builder/colour-builder-gel/LC_UGI-T-3-in-1CBG_17.webp
LC_UGI-T-3-in-1CBG_18,LC_UGI-T-3-in-1CBG_18,ml,Inventory,Builder Gel,Colour Builder Gel,,25,15ml,Jar,,/img/b2b/builder-gels/3-in-1-builder/colour-builder-gel/LC_UGI-T-3-in-1CBG_18.webp
LC_UGI-T-3-in-1CBG_19,LC_UGI-T-3-in-1CBG_19,ml,Inventory,Builder Gel,Colour Builder Gel,,25,15ml,Jar,,/img/b2b/builder-gels/3-in-1-builder/colour-builder-gel/LC_UGI-T-3-in-1CBG_19.webp
LC_UGI-T-3-in-1CBG_20,LC_UGI-T-3-in-1CBG_20,ml,Inventory,Builder Gel,Colour Builder Gel,,25,15ml,Jar,,/img/b2b/builder-gels/3-in-1-builder/colour-builder-gel/LC_UGI-T-3-in-1CBG_20.webp
LC_UGI-T-3-in-1CBG_21,LC_UGI-T-3-in-1CBG_21,ml,Inventory,Builder Gel,Colour Builder Gel,,25,15ml,Jar,,/img/b2b/builder-gels/3-in-1-builder/colour-builder-gel/LC_UGI-T-3-in-1CBG_21.webp
LC_UGI-T-3-in-1CBG_22,LC_UGI-T-3-in-1CBG_22,ml,Inventory,Builder Gel,Colour Builder Gel,,25,15ml,Jar,,/img/b2b/builder-gels/3-in-1-builder/colour-builder-gel/LC_UGI-T-3-in-1CBG_22.webp
LC_UGI-T-3-in-1CBG_23,LC_UGI-T-3-in-1CBG_23,ml,Inventory,Builder Gel,Colour Builder Gel,,25,15ml,Jar,,/img/b2b/builder-gels/3-in-1-builder/colour-builder-gel/LC_UGI-T-3-in-1CBG_23.webp
LC_UGI-T-3-in-1CBG_24,LC_UGI-T-3-in-1CBG_24,ml,Inventory,Builder Gel,Colour Builder Gel,,25,15ml,Jar,,/img/b2b/builder-gels/3-in-1-builder/colour-builder-gel/LC_UGI-T-3-in-1CBG_24.webp
LC_UGI-T-3-in-1CBG_25,LC_UGI-T-3-in-1CBG_25,ml,Inventory,Builder Gel,Colour Builder Gel,,25,15ml,Jar,,/img/b2b/builder-gels/3-in-1-builder/colour-builder-gel/LC_UGI-T-3-in-1CBG_25.webp
LC_UGI-T-3-in-1CBG_26,LC_UGI-T-3-in-1CBG_26,ml,Inventory,Builder Gel,Colour Builder Gel,,25,15ml,Jar,,/img/b2b/builder-gels/3-in-1-builder/colour-builder-gel/LC_UGI-T-3-in-1CBG_26.webp
LC_UGI-T-3-in-1CBG_27,LC_UGI-T-3-in-1CBG_27,ml,Inventory,Builder Gel,Colour Builder Gel,,25,15ml,Jar,,/img/b2b/builder-gels/3-in-1-builder/colour-builder-gel/LC_UGI-T-3-in-1CBG_27.webp
LC_UGI-T-3-in-1CBG_28,LC_UGI-T-3-in-1CBG_28,ml,Inventory,Builder Gel,Colour Builder Gel,,25,15ml,Jar,,/img/b2b/builder-gels/3-in-1-builder/colour-builder-gel/LC_UGI-T-3-in-1CBG_28.webp
LC_UGI-T-3-in-1CBG_29,LC_UGI-T-3-in-1CBG_29,ml,Inventory,Builder Gel,Colour Builder Gel,,25,15ml,Jar,,/img/b2b/builder-gels/3-in-1-builder/colour-builder-gel/LC_UGI-T-3-in-1CBG_29.webp
LC_UGI-T-3-in-1CBG_30,LC_UGI-T-3-in-1CBG_30,ml,Inventory,Builder Gel,Colour Builder Gel,,25,15ml,Jar,,/img/b2b/builder-gels/3-in-1-builder/colour-builder-gel/LC_UGI-T-3-in-1CBG_30.webp
LC_UGI-T-3-in-1CBG_31,LC_UGI-T-3-in-1CBG_31,ml,Inventory,Builder Gel,Colour Builder Gel,,25,15ml,Jar,,/img/b2b/builder-gels/3-in-1-builder/colour-builder-gel/LC_UGI-T-3-in-1CBG_31.webp
LC_UGI-T-3-in-1CBG_32,LC_UGI-T-3-in-1CBG_32,ml,Inventory,Builder Gel,Colour Builder Gel,,25,15ml,Jar,,/img/b2b/builder-gels/3-in-1-builder/colour-builder-gel/LC_UGI-T-3-in-1CBG_32.webp
LC_UGI-T-3-in-1CBG_33,LC_UGI-T-3-in-1CBG_33,ml,Inventory,Builder Gel,Colour Builder Gel,,25,15ml,Jar,,/img/b2b/builder-gels/3-in-1-builder/colour-builder-gel/LC_UGI-T-3-in-1CBG_33.webp
LC_UGI-T-3-in-1CBG_34,LC_UGI-T-3-in-1CBG_34,ml,Inventory,Builder Gel,Colour Builder Gel,,25,15ml,Jar,,/img/b2b/builder-gels/3-in-1-builder/colour-builder-gel/LC_UGI-T-3-in-1CBG_34.webp
LC_UGI-T-3-in-1CBG_35,LC_UGI-T-3-in-1CBG_35,ml,Inventory,Builder Gel,Colour Builder Gel,,25,15ml,Jar,,/img/b2b/builder-gels/3-in-1-builder/colour-builder-gel/LC_UGI-T-3-in-1CBG_35.webp
LC_UGI-T-3-in-1CBG_36,LC_UGI-T-3-in-1CBG_36,ml,Inventory,Builder Gel,Colour Builder Gel,,25,15ml,Jar,,/img/b2b/builder-gels/3-in-1-builder/colour-builder-gel/LC_UGI-T-3-in-1CBG_36.webp
LC_UGI-T-3-in-1CBG_37,LC_UGI-T-3-in-1CBG_37,ml,Inventory,Builder Gel,Colour Builder Gel,,25,15ml,Jar,,/img/b2b/builder-gels/3-in-1-builder/colour-builder-gel/LC_UGI-T-3-in-1CBG_37.webp
LC_UGI-T-3-in-1CBG_38,LC_UGI-T-3-in-1CBG_38,ml,Inventory,Builder Gel,Colour Builder Gel,,25,15ml,Jar,,/img/b2b/builder-gels/3-in-1-builder/colour-builder-gel/LC_UGI-T-3-in-1CBG_38.webp
LC_UGI-T-3-in-1CBG_39,LC_UGI-T-3-in-1CBG_39,ml,Inventory,Builder Gel,Colour Builder Gel,,25,15ml,Jar,,/img/b2b/builder-gels/3-in-1-builder/colour-builder-gel/LC_UGI-T-3-in-1CBG_39.webp
LC_UGI-T-3-in-1CBG_40,LC_UGI-T-3-in-1CBG_40,ml,Inventory,Builder Gel,Colour Builder Gel,,25,15ml,Jar,,/img/b2b/builder-gels/3-in-1-builder/colour-builder-gel/LC_UGI-T-3-in-1CBG_40.webp
LC_UGI-T-3-in-1CBG_41,LC_UGI-T-3-in-1CBG_41,ml,Inventory,Builder Gel,Colour Builder Gel,,25,15ml,Jar,,/img/b2b/builder-gels/3-in-1-builder/colour-builder-gel/LC_UGI-T-3-in-1CBG_41.webp
LC_UGI-T-3-in-1CBG_42,LC_UGI-T-3-in-1CBG_42,ml,Inventory,Builder Gel,Colour Builder Gel,,25,15ml,Jar,,/img/b2b/builder-gels/3-in-1-builder/colour-builder-gel/LC_UGI-T-3-in-1CBG_42.webp
LC_UGI-T-3-in-1CBG_43,LC_UGI-T-3-in-1CBG_43,ml,Inventory,Builder Gel,Colour Builder Gel,,25,15ml,Jar,,/img/b2b/builder-gels/3-in-1-builder/colour-builder-gel/LC_UGI-T-3-in-1CBG_43.webp
LC_UGI-T-3-in-1CBG_44,LC_UGI-T-3-in-1CBG_44,ml,Inventory,Builder Gel,Colour Builder Gel,,25,15ml,Jar,,/img/b2b/builder-gels/3-in-1-builder/colour-builder-gel/LC_UGI-T-3-in-1CBG_44.webp
LC_UGI-T-3-in-1CBG_45,LC_UGI-T-3-in-1CBG_45,ml,Inventory,Builder Gel,Colour Builder Gel,,25,15ml,Jar,,/img/b2b/builder-gels/3-in-1-builder/colour-builder-gel/LC_UGI-T-3-in-1CBG_45.webp
LC_UGI-T-3-in-1CBG_46,LC_UGI-T-3-in-1CBG_46,ml,Inventory,Builder Gel,Colour Builder Gel,,25,15ml,Jar,,/img/b2b/builder-gels/3-in-1-builder/colour-builder-gel/LC_UGI-T-3-in-1CBG_46.webp
LC_UGI-T-3-in-1CBG_47,LC_UGI-T-3-in-1CBG_47,ml,Inventory,Builder Gel,Colour Builder Gel,,25,15ml,Jar,,/img/b2b/builder-gels/3-in-1-builder/colour-builder-gel/LC_UGI-T-3-in-1CBG_47.webp
LC_UGI-T-3-in-1CBG_48,LC_UGI-T-3-in-1CBG_48,ml,Inventory,Builder Gel,Colour Builder Gel,,25,15ml,Jar,,/img/b2b/builder-gels/3-in-1-builder/colour-builder-gel/LC_UGI-T-3-in-1CBG_48.webp
LC-FIBG_almond,LC-FIBG_almond,ml,Inventory,Builder Gel,Fiberglass,,25,15ml,Jar,,/img/b2b/builder-gels/Fiberglass Builder Gels/LC-FIBG_almond.webp
LC-FIBG_baby_pink,LC-FIBG_baby_pink,ml,Inventory,Builder Gel,Fiberglass,,25,15ml,Jar,,/img/b2b/builder-gels/Fiberglass Builder Gels/LC-FIBG_baby_pink.webp
LC-FIBG_blush_peach,LC-FIBG_blush_peach,ml,Inventory,Builder Gel,Fiberglass,,25,15ml,Jar,,/img/b2b/builder-gels/Fiberglass Builder Gels/LC-FIBG_blush_peach.webp
LC-FIBG_blush_rose,LC-FIBG_blush_rose,ml,Inventory,Builder Gel,Fiberglass,,25,15ml,Jar,,/img/b2b/builder-gels/Fiberglass Builder Gels/LC-FIBG_blush_rose.webp
LC-FIBG_caramel_nude,LC-FIBG_caramel_nude,ml,Inventory,Builder Gel,Fiberglass,,25,15ml,Jar,,/img/b2b/builder-gels/Fiberglass Builder Gels/LC-FIBG_caramel_nude.webp
LC-FIBG_clear,LC-FIBG_clear,ml,Inventory,Builder Gel,Fiberglass,,25,15ml,Jar,,/img/b2b/builder-gels/Fiberglass Builder Gels/LC-FIBG_clear.webp
LC-FIBG_cocoa_rose,LC-FIBG_cocoa_rose,ml,Inventory,Builder Gel,Fiberglass,,25,15ml,Jar,,/img/b2b/builder-gels/Fiberglass Builder Gels/LC-FIBG_cocoa_rose.webp
LC-FIBG_extra_white,LC-FIBG_extra_white,ml,Inventory,Builder Gel,Fiberglass,,25,15ml,Jar,,/img/b2b/builder-gels/Fiberglass Builder Gels/LC-FIBG_extra_white.webp
LC-FIBG_extreme_white,LC-FIBG_extreme_white,ml,Inventory,Builder Gel,Fiberglass,,25,15ml,Jar,,/img/b2b/builder-gels/Fiberglass Builder Gels/LC-FIBG_extreme_white.webp
LC-FIBG_golden_tan,LC-FIBG_golden_tan,ml,Inventory,Builder Gel,Fiberglass,,25,15ml,Jar,,/img/b2b/builder-gels/Fiberglass Builder Gels/LC-FIBG_golden_tan.webp
LC-FIBG_ivory,LC-FIBG_ivory,ml,Inventory,Builder Gel,Fiberglass,,25,15ml,Jar,,/img/b2b/builder-gels/Fiberglass Builder Gels/LC-FIBG_ivory.webp
LC-FIBG_milky,LC-FIBG_milky,ml,Inventory,Builder Gel,Fiberglass,,25,15ml,Jar,,/img/b2b/builder-gels/Fiberglass Builder Gels/LC-FIBG_milky.webp
LC-FIBG_milky_pink,LC-FIBG_milky_pink,ml,Inventory,Builder Gel,Fiberglass,,25,15ml,Jar,,/img/b2b/builder-gels/Fiberglass Builder Gels/LC-FIBG_milky_pink.webp
LC-FIBG_milky_rose,LC-FIBG_milky_rose,ml,Inventory,Builder Gel,Fiberglass,,25,15ml,Jar,,/img/b2b/builder-gels/Fiberglass Builder Gels/LC-FIBG_milky_rose.webp
LC-FIBG_natural_extension,LC-FIBG_natural_extension,ml,Inventory,Builder Gel,Fiberglass,,25,15ml,Jar,,/img/b2b/builder-gels/Fiberglass Builder Gels/LC-FIBG_natural_extension.webp
LC-FIBG_nude,LC-FIBG_nude,ml,Inventory,Builder Gel,Fiberglass,,25,15ml,Jar,,/img/b2b/builder-gels/Fiberglass Builder Gels/LC-FIBG_nude.webp
LC-FIBG_pastel_pink,LC-FIBG_pastel_pink,ml,Inventory,Builder Gel,Fiberglass,,25,15ml,Jar,,/img/b2b/builder-gels/Fiberglass Builder Gels/LC-FIBG_pastel_pink.webp
LC-FIBG_peach_beige,LC-FIBG_peach_beige,ml,Inventory,Builder Gel,Fiberglass,,25,15ml,Jar,,/img/b2b/builder-gels/Fiberglass Builder Gels/LC-FIBG_peach_beige.webp
LC-FIBG_pink,LC-FIBG_pink,ml,Inventory,Builder Gel,Fiberglass,,25,15ml,Jar,,/img/b2b/builder-gels/Fiberglass Builder Gels/LC-FIBG_pink.webp
LC-FIBG_pink_extension,LC-FIBG_pink_extension,ml,Inventory,Builder Gel,Fiberglass,,25,15ml,Jar,,/img/b2b/builder-gels/Fiberglass Builder Gels/LC-FIBG_pink_extension.webp
LC-FIBG_sandy_rose,LC-FIBG_sandy_rose,ml,Inventory,Builder Gel,Fiberglass,,25,15ml,Jar,,/img/b2b/builder-gels/Fiberglass Builder Gels/LC-FIBG_sandy_rose.webp
LC-FIBG_sparkle_almond,LC-FIBG_sparkle_almond,ml,Inventory,Builder Gel,Fiberglass,,25,15ml,Jar,,/img/b2b/builder-gels/Fiberglass Builder Gels/LC-FIBG_sparkle_almond.webp
LC-FIBG_sparkle_blush_peach,LC-FIBG_sparkle_blush_peach,ml,Inventory,Builder Gel,Fiberglass,,25,15ml,Jar,,/img/b2b/builder-gels/Fiberglass Builder Gels/LC-FIBG_sparkle_blush_peach.webp
LC-FIBG_sparkle_ivory,LC-FIBG_sparkle_ivory,ml,Inventory,Builder Gel,Fiberglass,,25,15ml,Jar,,/img/b2b/builder-gels/Fiberglass Builder Gels/LC-FIBG_sparkle_ivory.webp
LC-FIBG_sparkle_natural,LC-FIBG_sparkle_natural,ml,Inventory,Builder Gel,Fiberglass,,25,15ml,Jar,,/img/b2b/builder-gels/Fiberglass Builder Gels/LC-FIBG_sparkle_natural.webp
LC-FIBG_sparkle_pastel_pink,LC-FIBG_sparkle_pastel_pink,ml,Inventory,Builder Gel,Fiberglass,,25,15ml,Jar,,/img/b2b/builder-gels/Fiberglass Builder Gels/LC-FIBG_sparkle_pastel_pink.webp
LC-FIBG_sparkle_rose,LC-FIBG_sparkle_rose,ml,Inventory,Builder Gel,Fiberglass,,25,15ml,Jar,,/img/b2b/builder-gels/Fiberglass Builder Gels/LC-FIBG_sparkle_rose.webp
LC-FIBG_sparkle_tan,LC-FIBG_sparkle_tan,ml,Inventory,Builder Gel,Fiberglass,,25,15ml,Jar,,/img/b2b/builder-gels/Fiberglass Builder Gels/LC-FIBG_sparkle_tan.webp
LC-FIBG_tan,LC-FIBG_tan,ml,Inventory,Builder Gel,Fiberglass,,25,15ml,Jar,,/img/b2b/builder-gels/Fiberglass Builder Gels/LC-FIBG_tan.webp
LC-FIBG_vintage_pink,LC-FIBG_vintage_pink,ml,Inventory,Builder Gel,Fiberglass,,25,15ml,Jar,,/img/b2b/builder-gels/Fiberglass Builder Gels/LC-FIBG_vintage_pink.webp
LC-FIBG_vivid_pink,LC-FIBG_vivid_pink,ml,Inventory,Builder Gel,Fiberglass,,25,15ml,Jar,,/img/b2b/builder-gels/Fiberglass Builder Gels/LC-FIBG_vivid_pink.webp
LC-FIBG_white,LC-FIBG_white,ml,Inventory,Builder Gel,Fiberglass,,25,15ml,Jar,,/img/b2b/builder-gels/Fiberglass Builder Gels/LC-FIBG_white.webp
LC_UGF-3-in-1_01,LC_UGF-3-in-1_01,g,Inventory,Builder Gel,Forming Builder Gel,,1,,Jar,,/img/builder-gels/3-in-1-builder/forming-builder-gel/LC_UGF-3-in-1_01.webp
LC_UGF-3-in-1_02,LC_UGF-3-in-1_02,g,Inventory,Builder Gel,Forming Builder Gel,,1,,Jar,,/img/builder-gels/3-in-1-builder/forming-builder-gel/LC_UGF-3-in-1_02.webp
LC_UGF-3-in-1_03,LC_UGF-3-in-1_03,g,Inventory,Builder Gel,Forming Builder Gel,,1,,Jar,,/img/builder-gels/3-in-1-builder/forming-builder-gel/LC_UGF-3-in-1_03.webp
LC_UGF-3-in-1_04,LC_UGF-3-in-1_04,g,Inventory,Builder Gel,Forming Builder Gel,,1,,Jar,,/img/builder-gels/3-in-1-builder/forming-builder-gel/LC_UGF-3-in-1_04.webp
LC_UGF-3-in-1_05,LC_UGF-3-in-1_05,g,Inventory,Builder Gel,Forming Builder Gel,,1,,Jar,,/img/builder-gels/3-in-1-builder/forming-builder-gel/LC_UGF-3-in-1_05.webp
LC_UGF-3-in-1_06,LC_UGF-3-in-1_06,g,Inventory,Builder Gel,Forming Builder Gel,,1,,Jar,,/img/builder-gels/3-in-1-builder/forming-builder-gel/LC_UGF-3-in-1_06.webp
LC_UGF-3-in-1_07,LC_UGF-3-in-1_07,g,Inventory,Builder Gel,Forming Builder Gel,,1,,Jar,,/img/builder-gels/3-in-1-builder/forming-builder-gel/LC_UGF-3-in-1_07.webp
LC_UGF-3-in-1_08,LC_UGF-3-in-1_08,g,Inventory,Builder Gel,Forming Builder Gel,,1,,Jar,,/img/builder-gels/3-in-1-builder/forming-builder-gel/LC_UGF-3-in-1_08.webp
LC_UGF-3-in-1_09,LC_UGF-3-in-1_09,g,Inventory,Builder Gel,Forming Builder Gel,,1,,Jar,,/img/builder-gels/3-in-1-builder/forming-builder-gel/LC_UGF-3-in-1_09.webp
LC_UGF-3-in-1_10,LC_UGF-3-in-1_10,g,Inventory,Builder Gel,Forming Builder Gel,,1,,Jar,,/img/builder-gels/3-in-1-builder/forming-builder-gel/LC_UGF-3-in-1_10.webp
LC_UGF-3-in-1_11,LC_UGF-3-in-1_11,g,Inventory,Builder Gel,Forming Builder Gel,,1,,Jar,,/img/builder-gels/3-in-1-builder/forming-builder-gel/LC_UGF-3-in-1_11.webp
LC_UGF-3-in-1_12,LC_UGF-3-in-1_12,g,Inventory,Builder Gel,Forming Builder Gel,,1,,Jar,,/img/builder-gels/3-in-1-builder/forming-builder-gel/LC_UGF-3-in-1_12.webp
LC_UGF-3-in-1_13,LC_UGF-3-in-1_13,g,Inventory,Builder Gel,Forming Builder Gel,,1,,Jar,,/img/builder-gels/3-in-1-builder/forming-builder-gel/LC_UGF-3-in-1_13.webp
LC_UGF-3-in-1_14,LC_UGF-3-in-1_14,g,Inventory,Builder Gel,Forming Builder Gel,,1,,Jar,,/img/builder-gels/3-in-1-builder/forming-builder-gel/LC_UGF-3-in-1_14.webp
LC_UGF-3-in-1_15,LC_UGF-3-in-1_15,g,Inventory,Builder Gel,Forming Builder Gel,,1,,Jar,,/img/builder-gels/3-in-1-builder/forming-builder-gel/LC_UGF-3-in-1_15.webp
LC_UGF-3-in-1_16,LC_UGF-3-in-1_16,g,Inventory,Builder Gel,Forming Builder Gel,,1,,Jar,,/img/builder-gels/3-in-1-builder/forming-builder-gel/LC_UGF-3-in-1_16.webp
LC_UGF-3-in-1_17,LC_UGF-3-in-1_17,g,Inventory,Builder Gel,Forming Builder Gel,,1,,Jar,,/img/builder-gels/3-in-1-builder/forming-builder-gel/LC_UGF-3-in-1_17.webp
LC_UGF-3-in-1_18,LC_UGF-3-in-1_18,g,Inventory,Builder Gel,Forming Builder Gel,,1,,Jar,,/img/builder-gels/3-in-1-builder/forming-builder-gel/LC_UGF-3-in-1_18.webp
LC_UGF-3-in-1_19,LC_UGF-3-in-1_19,g,Inventory,Builder Gel,Forming Builder Gel,,1,,Jar,,/img/builder-gels/3-in-1-builder/forming-builder-gel/LC_UGF-3-in-1_19.webp
LC_UGF-3-in-1_20,LC_UGF-3-in-1_20,g,Inventory,Builder Gel,Forming Builder Gel,,1,,Jar,,/img/builder-gels/3-in-1-builder/forming-builder-gel/LC_UGF-3-in-1_20.webp
LC_UGF-3-in-1_21,LC_UGF-3-in-1_21,g,Inventory,Builder Gel,Forming Builder Gel,,1,,Jar,,/img/builder-gels/3-in-1-builder/forming-builder-gel/LC_UGF-3-in-1_21.webp
LC_UGF-3-in-1_22,LC_UGF-3-in-1_22,g,Inventory,Builder Gel,Forming Builder Gel,,1,,Jar,,/img/builder-gels/3-in-1-builder/forming-builder-gel/LC_UGF-3-in-1_22.webp
LC_UGF-3-in-1_23,LC_UGF-3-in-1_23,g,Inventory,Builder Gel,Forming Builder Gel,,1,,Jar,,/img/builder-gels/3-in-1-builder/forming-builder-gel/LC_UGF-3-in-1_23.webp
LC_UGF-3-in-1_24,LC_UGF-3-in-1_24,g,Inventory,Builder Gel,Forming Builder Gel,,1,,Jar,,/img/builder-gels/3-in-1-builder/forming-builder-gel/LC_UGF-3-in-1_24.webp
LC_UGF-3-in-1_25,LC_UGF-3-in-1_25,g,Inventory,Builder Gel,Forming Builder Gel,,1,,Jar,,/img/builder-gels/3-in-1-builder/forming-builder-gel/LC_UGF-3-in-1_25.webp
LC_UGF-3-in-1_26,LC_UGF-3-in-1_26,g,Inventory,Builder Gel,Forming Builder Gel,,1,,Jar,,/img/builder-gels/3-in-1-builder/forming-builder-gel/LC_UGF-3-in-1_26.webp
LC_UGF-3-in-1_27,LC_UGF-3-in-1_27,g,Inventory,Builder Gel,Forming Builder Gel,,1,,Jar,,/img/builder-gels/3-in-1-builder/forming-builder-gel/LC_UGF-3-in-1_27.webp
LC_UGF-3-in-1_28,LC_UGF-3-in-1_28,g,Inventory,Builder Gel,Forming Builder Gel,,1,,Jar,,/img/builder-gels/3-in-1-builder/forming-builder-gel/LC_UGF-3-in-1_28.webp
LC_UGF-3-in-1_29,LC_UGF-3-in-1_29,g,Inventory,Builder Gel,Forming Builder Gel,,1,,Jar,,/img/builder-gels/3-in-1-builder/forming-builder-gel/LC_UGF-3-in-1_29.webp
LC_UGF-3-in-1_30,LC_UGF-3-in-1_30,g,Inventory,Builder Gel,Forming Builder Gel,,1,,Jar,,/img/builder-gels/3-in-1-builder/forming-builder-gel/LC_UGF-3-in-1_30.webp
LC_UGF-3-in-1_31,LC_UGF-3-in-1_31,g,Inventory,Builder Gel,Forming Builder Gel,,1,,Jar,,/img/builder-gels/3-in-1-builder/forming-builder-gel/LC_UGF-3-in-1_31.webp
LC_UGF-3-in-1_32,LC_UGF-3-in-1_32,g,Inventory,Builder Gel,Forming Builder Gel,,1,,Jar,,/img/builder-gels/3-in-1-builder/forming-builder-gel/LC_UGF-3-in-1_32.webp
LC_UGF-3-in-1_33,LC_UGF-3-in-1_33,g,Inventory,Builder Gel,Forming Builder Gel,,1,,Jar,,/img/builder-gels/3-in-1-builder/forming-builder-gel/LC_UGF-3-in-1_33.webp
LC_UGF-3-in-1_34,LC_UGF-3-in-1_34,g,Inventory,Builder Gel,Forming Builder Gel,,1,,Jar,,/img/builder-gels/3-in-1-builder/forming-builder-gel/LC_UGF-3-in-1_34.webp
LC_UGF-3-in-1_35,LC_UGF-3-in-1_35,g,Inventory,Builder Gel,Forming Builder Gel,,1,,Jar,,/img/builder-gels/3-in-1-builder/forming-builder-gel/LC_UGF-3-in-1_35.webp
LC_UGF-3-in-1_36,LC_UGF-3-in-1_36,g,Inventory,Builder Gel,Forming Builder Gel,,1,,Jar,,/img/builder-gels/3-in-1-builder/forming-builder-gel/LC_UGF-3-in-1_36.webp
LC_UGF-3-in-1_37,LC_UGF-3-in-1_37,g,Inventory,Builder Gel,Forming Builder Gel,,1,,Jar,,/img/builder-gels/3-in-1-builder/forming-builder-gel/LC_UGF-3-in-1_37.webp
LC_UGF-3-in-1_38,LC_UGF-3-in-1_38,g,Inventory,Builder Gel,Forming Builder Gel,,1,,Jar,,/img/builder-gels/3-in-1-builder/forming-builder-gel/LC_UGF-3-in-1_38.webp
LC_UGF-3-in-1_39,LC_UGF-3-in-1_39,g,Inventory,Builder Gel,Forming Builder Gel,,1,,Jar,,/img/builder-gels/3-in-1-builder/forming-builder-gel/LC_UGF-3-in-1_39.webp
LC_UGF-3-in-1_40,LC_UGF-3-in-1_40,g,Inventory,Builder Gel,Forming Builder Gel,,1,,Jar,,/img/builder-gels/3-in-1-builder/forming-builder-gel/LC_UGF-3-in-1_40.webp
LC_UGF-3-in-1_41,LC_UGF-3-in-1_41,g,Inventory,Builder Gel,Forming Builder Gel,,1,,Jar,,/img/builder-gels/3-in-1-builder/forming-builder-gel/LC_UGF-3-in-1_41.webp
LC_UGF-3-in-1_42,LC_UGF-3-in-1_42,g,Inventory,Builder Gel,Forming Builder Gel,,1,,Jar,,/img/builder-gels/3-in-1-builder/forming-builder-gel/LC_UGF-3-in-1_42.webp
LC_UGF-3-in-1_43,LC_UGF-3-in-1_43,g,Inventory,Builder Gel,Forming Builder Gel,,1,,Jar,,/img/builder-gels/3-in-1-builder/forming-builder-gel/LC_UGF-3-in-1_43.webp
LC_UGF-3-in-1_44,LC_UGF-3-in-1_44,g,Inventory,Builder Gel,Forming Builder Gel,,1,,Jar,,/img/builder-gels/3-in-1-builder/forming-builder-gel/LC_UGF-3-in-1_44.webp
LC_UGF-3-in-1_45,LC_UGF-3-in-1_45,g,Inventory,Builder Gel,Forming Builder Gel,,1,,Jar,,/img/builder-gels/3-in-1-builder/forming-builder-gel/LC_UGF-3-in-1_45.webp
LC_UGF-3-in-1_46,LC_UGF-3-in-1_46,g,Inventory,Builder Gel,Forming Builder Gel,,1,,Jar,,/img/builder-gels/3-in-1-builder/forming-builder-gel/LC_UGF-3-in-1_46.webp
LC_UGF-3-in-1_47,LC_UGF-3-in-1_47,g,Inventory,Builder Gel,Forming Builder Gel,,1,,Jar,,/img/builder-gels/3-in-1-builder/forming-builder-gel/LC_UGF-3-in-1_47.webp
LC_UGF-3-in-1_48,LC_UGF-3-in-1_48,g,Inventory,Builder Gel,Forming Builder Gel,,1,,Jar,,/img/builder-gels/3-in-1-builder/forming-builder-gel/LC_UGF-3-in-1_48.webp
LC_UGS-GLBG-01,LC_UGS-GLBG-01,g,Inventory,Builder Gel,Glitter Builder Gel,,1,,Jar,,/img/builder-gels/3-in-1-builder/glitter-builder-gel/LC_UGS-GLBG-01.webp
LC_UGS-GLBG-02,LC_UGS-GLBG-02,g,Inventory,Builder Gel,Glitter Builder Gel,,1,,Jar,,/img/builder-gels/3-in-1-builder/glitter-builder-gel/LC_UGS-GLBG-02.webp
LC_UGS-GLBG-03,LC_UGS-GLBG-03,g,Inventory,Builder Gel,Glitter Builder Gel,,1,,Jar,,/img/builder-gels/3-in-1-builder/glitter-builder-gel/LC_UGS-GLBG-03.webp
LC_UGS-GLBG-04,LC_UGS-GLBG-04,g,Inventory,Builder Gel,Glitter Builder Gel,,1,,Jar,,/img/builder-gels/3-in-1-builder/glitter-builder-gel/LC_UGS-GLBG-04.webp
LC_UGS-GLBG-05,LC_UGS-GLBG-05,g,Inventory,Builder Gel,Glitter Builder Gel,,1,,Jar,,/img/builder-gels/3-in-1-builder/glitter-builder-gel/LC_UGS-GLBG-05.webp
LC_UGS-GLBG-06,LC_UGS-GLBG-06,g,Inventory,Builder Gel,Glitter Builder Gel,,1,,Jar,,/img/builder-gels/3-in-1-builder/glitter-builder-gel/LC_UGS-GLBG-06.webp
LC_UGS-GLBG-07,LC_UGS-GLBG-07,g,Inventory,Builder Gel,Glitter Builder Gel,,1,,Jar,,/img/builder-gels/3-in-1-builder/glitter-builder-gel/LC_UGS-GLBG-07.webp
LC_UGS-GLBG-08,LC_UGS-GLBG-08,g,Inventory,Builder Gel,Glitter Builder Gel,,1,,Jar,,/img/builder-gels/3-in-1-builder/glitter-builder-gel/LC_UGS-GLBG-08.webp
LC_UGS-GLBG-09,LC_UGS-GLBG-09,g,Inventory,Builder Gel,Glitter Builder Gel,,1,,Jar,,/img/builder-gels/3-in-1-builder/glitter-builder-gel/LC_UGS-GLBG-09.webp
LC_UGS-GLBG-10,LC_UGS-GLBG-10,g,Inventory,Builder Gel,Glitter Builder Gel,,1,,Jar,,/img/builder-gels/3-in-1-builder/glitter-builder-gel/LC_UGS-GLBG-10.webp
LC_UGS-GLBG-11,LC_UGS-GLBG-11,g,Inventory,Builder Gel,Glitter Builder Gel,,1,,Jar,,/img/builder-gels/3-in-1-builder/glitter-builder-gel/LC_UGS-GLBG-11.webp
LC_UGS-GLBG-12,LC_UGS-GLBG-12,g,Inventory,Builder Gel,Glitter Builder Gel,,1,,Jar,,/img/builder-gels/3-in-1-builder/glitter-builder-gel/LC_UGS-GLBG-12.webp
LC_UGS-GLBG-13,LC_UGS-GLBG-13,g,Inventory,Builder Gel,Glitter Builder Gel,,1,,Jar,,/img/builder-gels/3-in-1-builder/glitter-builder-gel/LC_UGS-GLBG-13.webp
LC_UGS-GLBG-14,LC_UGS-GLBG-14,g,Inventory,Builder Gel,Glitter Builder Gel,,1,,Jar,,/img/builder-gels/3-in-1-builder/glitter-builder-gel/LC_UGS-GLBG-14.webp
LC_UGS-GLBG-15,LC_UGS-GLBG-15,g,Inventory,Builder Gel,Glitter Builder Gel,,1,,Jar,,/img/builder-gels/3-in-1-builder/glitter-builder-gel/LC_UGS-GLBG-15.webp
LC_UGS-GLBG-16,LC_UGS-GLBG-16,g,Inventory,Builder Gel,Glitter Builder Gel,,1,,Jar,,/img/builder-gels/3-in-1-builder/glitter-builder-gel/LC_UGS-GLBG-16.webp
LC_UGS-GLBG-17,LC_UGS-GLBG-17,g,Inventory,Builder Gel,Glitter Builder Gel,,1,,Jar,,/img/builder-gels/3-in-1-builder/glitter-builder-gel/LC_UGS-GLBG-17.webp
LC_UGS-GLBG-18,LC_UGS-GLBG-18,g,Inventory,Builder Gel,Glitter Builder Gel,,1,,Jar,,/img/builder-gels/3-in-1-builder/glitter-builder-gel/LC_UGS-GLBG-18.webp
LC_UGS-GLBG-19,LC_UGS-GLBG-19,g,Inventory,Builder Gel,Glitter Builder Gel,,1,,Jar,,/img/builder-gels/3-in-1-builder/glitter-builder-gel/LC_UGS-GLBG-19.webp
LC_UGS-GLBG-20,LC_UGS-GLBG-20,g,Inventory,Builder Gel,Glitter Builder Gel,,1,,Jar,,/img/builder-gels/3-in-1-builder/glitter-builder-gel/LC_UGS-GLBG-20.webp
LC_UGS-GLBG-21,LC_UGS-GLBG-21,g,Inventory,Builder Gel,Glitter Builder Gel,,1,,Jar,,/img/builder-gels/3-in-1-builder/glitter-builder-gel/LC_UGS-GLBG-21.webp
LC_UGS-GLBG-22,LC_UGS-GLBG-22,g,Inventory,Builder Gel,Glitter Builder Gel,,1,,Jar,,/img/builder-gels/3-in-1-builder/glitter-builder-gel/LC_UGS-GLBG-22.webp
LC_UGS-GLBG-23,LC_UGS-GLBG-23,g,Inventory,Builder Gel,Glitter Builder Gel,,1,,Jar,,/img/builder-gels/3-in-1-builder/glitter-builder-gel/LC_UGS-GLBG-23.webp
LC_UGS-GLBG-24,LC_UGS-GLBG-24,g,Inventory,Builder Gel,Glitter Builder Gel,,1,,Jar,,/img/builder-gels/3-in-1-builder/glitter-builder-gel/LC_UGS-GLBG-24.webp
LC_GLOW3-in-1_01,LC_GLOW3-in-1_01,g,Inventory,Builder Gel,Glow Builder Gel,,1,,Jar,,/img/builder-gels/3-in-1-builder/glow-builder-gel/LC_GLOW3-in-1_01.webp
LC_GLOW3-in-1_02,LC_GLOW3-in-1_02,g,Inventory,Builder Gel,Glow Builder Gel,,1,,Jar,,/img/builder-gels/3-in-1-builder/glow-builder-gel/LC_GLOW3-in-1_02.webp
LC_GLOW3-in-1_03,LC_GLOW3-in-1_03,g,Inventory,Builder Gel,Glow Builder Gel,,1,,Jar,,/img/builder-gels/3-in-1-builder/glow-builder-gel/LC_GLOW3-in-1_03.webp
LC_GLOW3-in-1_04,LC_GLOW3-in-1_04,g,Inventory,Builder Gel,Glow Builder Gel,,1,,Jar,,/img/builder-gels/3-in-1-builder/glow-builder-gel/LC_GLOW3-in-1_04.webp
LC_GLOW3-in-1_05,LC_GLOW3-in-1_05,g,Inventory,Builder Gel,Glow Builder Gel,,1,,Jar,,/img/builder-gels/3-in-1-builder/glow-builder-gel/LC_GLOW3-in-1_05.webp
LC_GLOW3-in-1_06,LC_GLOW3-in-1_06,g,Inventory,Builder Gel,Glow Builder Gel,,1,,Jar,,/img/builder-gels/3-in-1-builder/glow-builder-gel/LC_GLOW3-in-1_06.webp
LC_GLOW3-in-1_07,LC_GLOW3-in-1_07,g,Inventory,Builder Gel,Glow Builder Gel,,1,,Jar,,/img/builder-gels/3-in-1-builder/glow-builder-gel/LC_GLOW3-in-1_07.webp
LC_GLOW3-in-1_08,LC_GLOW3-in-1_08,g,Inventory,Builder Gel,Glow Builder Gel,,1,,Jar,,/img/builder-gels/3-in-1-builder/glow-builder-gel/LC_GLOW3-in-1_08.webp
LC_GLOW3-in-1_09,LC_GLOW3-in-1_09,g,Inventory,Builder Gel,Glow Builder Gel,,1,,Jar,,/img/builder-gels/3-in-1-builder/glow-builder-gel/LC_GLOW3-in-1_09.webp
LC_GLOW3-in-1_10,LC_GLOW3-in-1_10,g,Inventory,Builder Gel,Glow Builder Gel,,1,,Jar,,/img/builder-gels/3-in-1-builder/glow-builder-gel/LC_GLOW3-in-1_10.webp
LC_GLOW3-in-1_11,LC_GLOW3-in-1_11,g,Inventory,Builder Gel,Glow Builder Gel,,1,,Jar,,/img/builder-gels/3-in-1-builder/glow-builder-gel/LC_GLOW3-in-1_11.webp
LC_GLOW3-in-1_12,LC_GLOW3-in-1_12,g,Inventory,Builder Gel,Glow Builder Gel,,1,,Jar,,/img/builder-gels/3-in-1-builder/glow-builder-gel/LC_GLOW3-in-1_12.webp
LC_GLOW3-in-1_13,LC_GLOW3-in-1_13,g,Inventory,Builder Gel,Glow Builder Gel,,1,,Jar,,/img/builder-gels/3-in-1-builder/glow-builder-gel/LC_GLOW3-in-1_13.webp
LC_GLOW3-in-1_14,LC_GLOW3-in-1_14,g,Inventory,Builder Gel,Glow Builder Gel,,1,,Jar,,/img/builder-gels/3-in-1-builder/glow-builder-gel/LC_GLOW3-in-1_14.webp
LC_GLOW3-in-1_15,LC_GLOW3-in-1_15,g,Inventory,Builder Gel,Glow Builder Gel,,1,,Jar,,/img/builder-gels/3-in-1-builder/glow-builder-gel/LC_GLOW3-in-1_15.webp
LC_GLOW3-in-1_16,LC_GLOW3-in-1_16,g,Inventory,Builder Gel,Glow Builder Gel,,1,,Jar,,/img/builder-gels/3-in-1-builder/glow-builder-gel/LC_GLOW3-in-1_16.webp
LC_UGI-LAZ-3-in-1BG_01,LC_UGI-LAZ-3-in-1BG_01,g,Inventory,Builder Gel,Lazer Builder Gel,,1,,Jar,,/img/builder-gels/3-in-1-builder/lazer-builder-gel/LC_UGI-LAZ-3-in-1BG_01.webp
LC_UGI-LAZ-3-in-1BG_02,LC_UGI-LAZ-3-in-1BG_02,g,Inventory,Builder Gel,Lazer Builder Gel,,1,,Jar,,/img/builder-gels/3-in-1-builder/lazer-builder-gel/LC_UGI-LAZ-3-in-1BG_02.webp
LC_UGI-LAZ-3-in-1BG_03,LC_UGI-LAZ-3-in-1BG_03,g,Inventory,Builder Gel,Lazer Builder Gel,,1,,Jar,,/img/builder-gels/3-in-1-builder/lazer-builder-gel/LC_UGI-LAZ-3-in-1BG_03.webp
LC_UGI-LAZ-3-in-1BG_04,LC_UGI-LAZ-3-in-1BG_04,g,Inventory,Builder Gel,Lazer Builder Gel,,1,,Jar,,/img/builder-gels/3-in-1-builder/lazer-builder-gel/LC_UGI-LAZ-3-in-1BG_04.webp
LC_UGI-LAZ-3-in-1BG_05,LC_UGI-LAZ-3-in-1BG_05,g,Inventory,Builder Gel,Lazer Builder Gel,,1,,Jar,,/img/builder-gels/3-in-1-builder/lazer-builder-gel/LC_UGI-LAZ-3-in-1BG_05.webp
LC_UGI-LAZ-3-in-1BG_06,LC_UGI-LAZ-3-in-1BG_06,g,Inventory,Builder Gel,Lazer Builder Gel,,1,,Jar,,/img/builder-gels/3-in-1-builder/lazer-builder-gel/LC_UGI-LAZ-3-in-1BG_06.webp
LC_UGI-LAZ-3-in-1BG_07,LC_UGI-LAZ-3-in-1BG_07,g,Inventory,Builder Gel,Lazer Builder Gel,,1,,Jar,,/img/builder-gels/3-in-1-builder/lazer-builder-gel/LC_UGI-LAZ-3-in-1BG_07.webp
LC_UGI-LAZ-3-in-1BG_08,LC_UGI-LAZ-3-in-1BG_08,g,Inventory,Builder Gel,Lazer Builder Gel,,1,,Jar,,/img/builder-gels/3-in-1-builder/lazer-builder-gel/LC_UGI-LAZ-3-in-1BG_08.webp
LC_UGI-LAZ-3-in-1BG_09,LC_UGI-LAZ-3-in-1BG_09,g,Inventory,Builder Gel,Lazer Builder Gel,,1,,Jar,,/img/builder-gels/3-in-1-builder/lazer-builder-gel/LC_UGI-LAZ-3-in-1BG_09.webp
LC_UGI-LAZ-3-in-1BG_10,LC_UGI-LAZ-3-in-1BG_10,g,Inventory,Builder Gel,Lazer Builder Gel,,1,,Jar,,/img/builder-gels/3-in-1-builder/lazer-builder-gel/LC_UGI-LAZ-3-in-1BG_10.webp
LC_UGI-LAZ-3-in-1BG_11,LC_UGI-LAZ-3-in-1BG_11,g,Inventory,Builder Gel,Lazer Builder Gel,,1,,Jar,,/img/builder-gels/3-in-1-builder/lazer-builder-gel/LC_UGI-LAZ-3-in-1BG_11.webp
LC_UGI-LAZ-3-in-1BG_12,LC_UGI-LAZ-3-in-1BG_12,g,Inventory,Builder Gel,Lazer Builder Gel,,1,,Jar,,/img/builder-gels/3-in-1-builder/lazer-builder-gel/LC_UGI-LAZ-3-in-1BG_12.webp
LC_UGI-LAZ-3-in-1BG_13,LC_UGI-LAZ-3-in-1BG_13,g,Inventory,Builder Gel,Lazer Builder Gel,,1,,Jar,,/img/builder-gels/3-in-1-builder/lazer-builder-gel/LC_UGI-LAZ-3-in-1BG_13.webp
LC_UGI-LAZ-3-in-1BG_14,LC_UGI-LAZ-3-in-1BG_14,g,Inventory,Builder Gel,Lazer Builder Gel,,1,,Jar,,/img/builder-gels/3-in-1-builder/lazer-builder-gel/LC_UGI-LAZ-3-in-1BG_14.webp
LC_UGN-3-in-1BG_01,LC_UGN-3-in-1BG_01,ml,Inventory,Builder Gel,Master Builder Gels,,25,15ml,Jar,,/img/b2b/builder-gels/3-in-1-builder/master-builder-gels/LC_UGN-3-in-1BG_01.webp
LC_UGN-3-in-1BG_02,LC_UGN-3-in-1BG_02,ml,Inventory,Builder Gel,Master Builder Gels,,25,15ml,Jar,,/img/b2b/builder-gels/3-in-1-builder/master-builder-gels/LC_UGN-3-in-1BG_02.webp
LC_UGN-3-in-1BG_03,LC_UGN-3-in-1BG_03,ml,Inventory,Builder Gel,Master Builder Gels,,25,15ml,Jar,,/img/b2b/builder-gels/3-in-1-builder/master-builder-gels/LC_UGN-3-in-1BG_03.webp
LC_UGN-3-in-1BG_04,LC_UGN-3-in-1BG_04,ml,Inventory,Builder Gel,Master Builder Gels,,25,15ml,Jar,,/img/b2b/builder-gels/3-in-1-builder/master-builder-gels/LC_UGN-3-in-1BG_04.webp
LC_UGN-3-in-1BG_05,LC_UGN-3-in-1BG_05,ml,Inventory,Builder Gel,Master Builder Gels,,25,15ml,Jar,,/img/b2b/builder-gels/3-in-1-builder/master-builder-gels/LC_UGN-3-in-1BG_05.webp
LC_UGN-3-in-1BG_06,LC_UGN-3-in-1BG_06,ml,Inventory,Builder Gel,Master Builder Gels,,25,15ml,Jar,,/img/b2b/builder-gels/3-in-1-builder/master-builder-gels/LC_UGN-3-in-1BG_06.webp
LC_UGN-3-in-1BG_07,LC_UGN-3-in-1BG_07,ml,Inventory,Builder Gel,Master Builder Gels,,25,15ml,Jar,,/img/b2b/builder-gels/3-in-1-builder/master-builder-gels/LC_UGN-3-in-1BG_07.webp
LC_UGN-3-in-1BG_08,LC_UGN-3-in-1BG_08,ml,Inventory,Builder Gel,Master Builder Gels,,25,15ml,Jar,,/img/b2b/builder-gels/3-in-1-builder/master-builder-gels/LC_UGN-3-in-1BG_08.webp
LC_UGN-3-in-1BG_09,LC_UGN-3-in-1BG_09,ml,Inventory,Builder Gel,Master Builder Gels,,25,15ml,Jar,,/img/b2b/builder-gels/3-in-1-builder/master-builder-gels/LC_UGN-3-in-1BG_09.webp
LC_UGN-3-in-1BG_10,LC_UGN-3-in-1BG_10,ml,Inventory,Builder Gel,Master Builder Gels,,25,15ml,Jar,,/img/b2b/builder-gels/3-in-1-builder/master-builder-gels/LC_UGN-3-in-1BG_10.webp
LC_UGN-3-in-1BG_11,LC_UGN-3-in-1BG_11,ml,Inventory,Builder Gel,Master Builder Gels,,25,15ml,Jar,,/img/b2b/builder-gels/3-in-1-builder/master-builder-gels/LC_UGN-3-in-1BG_11.webp
LC_UGN-3-in-1BG_12,LC_UGN-3-in-1BG_12,ml,Inventory,Builder Gel,Master Builder Gels,,25,15ml,Jar,,/img/b2b/builder-gels/3-in-1-builder/master-builder-gels/LC_UGN-3-in-1BG_12.webp
LC_UGN-3-in-1BG_13,LC_UGN-3-in-1BG_13,ml,Inventory,Builder Gel,Master Builder Gels,,25,15ml,Jar,,/img/b2b/builder-gels/3-in-1-builder/master-builder-gels/LC_UGN-3-in-1BG_13.webp
LC_UGN-3-in-1BG_14,LC_UGN-3-in-1BG_14,ml,Inventory,Builder Gel,Master Builder Gels,,25,15ml,Jar,,/img/b2b/builder-gels/3-in-1-builder/master-builder-gels/LC_UGN-3-in-1BG_14.webp
LC_UGN-3-in-1BG_15,LC_UGN-3-in-1BG_15,ml,Inventory,Builder Gel,Master Builder Gels,,25,15ml,Jar,,/img/b2b/builder-gels/3-in-1-builder/master-builder-gels/LC_UGN-3-in-1BG_15.webp
LC_UGN-3-in-1BG_16,LC_UGN-3-in-1BG_16,ml,Inventory,Builder Gel,Master Builder Gels,,25,15ml,Jar,,/img/b2b/builder-gels/3-in-1-builder/master-builder-gels/LC_UGN-3-in-1BG_16.webp
LC_UGN-3-in-1BG_17,LC_UGN-3-in-1BG_17,ml,Inventory,Builder Gel,Master Builder Gels,,25,15ml,Jar,,/img/b2b/builder-gels/3-in-1-builder/master-builder-gels/LC_UGN-3-in-1BG_17.webp
LC_UGN-3-in-1BG_18,LC_UGN-3-in-1BG_18,ml,Inventory,Builder Gel,Master Builder Gels,,25,15ml,Jar,,/img/b2b/builder-gels/3-in-1-builder/master-builder-gels/LC_UGN-3-in-1BG_18.webp
LC_UGN-3-in-1BG_19,LC_UGN-3-in-1BG_19,ml,Inventory,Builder Gel,Master Builder Gels,,25,15ml,Jar,,/img/b2b/builder-gels/3-in-1-builder/master-builder-gels/LC_UGN-3-in-1BG_19.webp
LC_UGN-3-in-1BG_20,LC_UGN-3-in-1BG_20,ml,Inventory,Builder Gel,Master Builder Gels,,25,15ml,Jar,,/img/b2b/builder-gels/3-in-1-builder/master-builder-gels/LC_UGN-3-in-1BG_20.webp
LC_UGN-3-in-1BG_21,LC_UGN-3-in-1BG_21,ml,Inventory,Builder Gel,Master Builder Gels,,25,15ml,Jar,,/img/b2b/builder-gels/3-in-1-builder/master-builder-gels/LC_UGN-3-in-1BG_21.webp
LC_UGN-3-in-1BG_22,LC_UGN-3-in-1BG_22,ml,Inventory,Builder Gel,Master Builder Gels,,25,15ml,Jar,,/img/b2b/builder-gels/3-in-1-builder/master-builder-gels/LC_UGN-3-in-1BG_22.webp
LC_UGN-3-in-1BG_23,LC_UGN-3-in-1BG_23,ml,Inventory,Builder Gel,Master Builder Gels,,25,15ml,Jar,,/img/b2b/builder-gels/3-in-1-builder/master-builder-gels/LC_UGN-3-in-1BG_23.webp
LC_UGN-3-in-1BG_24,LC_UGN-3-in-1BG_24,ml,Inventory,Builder Gel,Master Builder Gels,,25,15ml,Jar,,/img/b2b/builder-gels/3-in-1-builder/master-builder-gels/LC_UGN-3-in-1BG_24.webp
LC_UGN-3-in-1BG_25,LC_UGN-3-in-1BG_25,ml,Inventory,Builder Gel,Master Builder Gels,,25,15ml,Jar,,/img/b2b/builder-gels/3-in-1-builder/master-builder-gels/LC_UGN-3-in-1BG_25.webp
LC_UGN-NHEAT-01,LC_UGN-NHEAT-01,ml,Inventory,Builder Gel,No Heat Builder,,25,15ml,Jar,,/img/b2b/builder-gels/3-in-1-builder/no-heat-builder/LC_UGN-NHEAT-01.webp
LC_UGN-NHEAT-02,LC_UGN-NHEAT-02,ml,Inventory,Builder Gel,No Heat Builder,,25,15ml,Jar,,/img/b2b/builder-gels/3-in-1-builder/no-heat-builder/LC_UGN-NHEAT-02.webp
LC_UGN-NHEAT-03,LC_UGN-NHEAT-03,ml,Inventory,Builder Gel,No Heat Builder,,25,15ml,Jar,,/img/b2b/builder-gels/3-in-1-builder/no-heat-builder/LC_UGN-NHEAT-03.webp
LC_UGN-NHEAT-04,LC_UGN-NHEAT-04,ml,Inventory,Builder Gel,No Heat Builder,,25,15ml,Jar,,/img/b2b/builder-gels/3-in-1-builder/no-heat-builder/LC_UGN-NHEAT-04.webp
LC_UGN-NHEAT-05,LC_UGN-NHEAT-05,ml,Inventory,Builder Gel,No Heat Builder,,25,15ml,Jar,,/img/b2b/builder-gels/3-in-1-builder/no-heat-builder/LC_UGN-NHEAT-05.webp
LC_UGN-NHEAT-06,LC_UGN-NHEAT-06,ml,Inventory,Builder Gel,No Heat Builder,,25,15ml,Jar,,/img/b2b/builder-gels/3-in-1-builder/no-heat-builder/LC_UGN-NHEAT-06.webp
LC_UGN-NHEAT-07,LC_UGN-NHEAT-07,ml,Inventory,Builder Gel,No Heat Builder,,25,15ml,Jar,,/img/b2b/builder-gels/3-in-1-builder/no-heat-builder/LC_UGN-NHEAT-07.webp
LC_UGN-NHEAT-08,LC_UGN-NHEAT-08,ml,Inventory,Builder Gel,No Heat Builder,,25,15ml,Jar,,/img/b2b/builder-gels/3-in-1-builder/no-heat-builder/LC_UGN-NHEAT-08.webp
LC_UGN-NHEAT-09,LC_UGN-NHEAT-09,ml,Inventory,Builder Gel,No Heat Builder,,25,15ml,Jar,,/img/b2b/builder-gels/3-in-1-builder/no-heat-builder/LC_UGN-NHEAT-09.webp
LC_UGN-NHEAT-10,LC_UGN-NHEAT-10,ml,Inventory,Builder Gel,No Heat Builder,,25,15ml,Jar,,/img/b2b/builder-gels/3-in-1-builder/no-heat-builder/LC_UGN-NHEAT-10.webp
LC_UGN-NHEAT-11,LC_UGN-NHEAT-11,ml,Inventory,Builder Gel,No Heat Builder,,25,15ml,Jar,,/img/b2b/builder-gels/3-in-1-builder/no-heat-builder/LC_UGN-NHEAT-11.webp
LC_UGN-NHEAT-12,LC_UGN-NHEAT-12,ml,Inventory,Builder Gel,No Heat Builder,,25,15ml,Jar,,/img/b2b/builder-gels/3-in-1-builder/no-heat-builder/LC_UGN-NHEAT-12.webp
LC_UGN-NHEAT-13,LC_UGN-NHEAT-13,ml,Inventory,Builder Gel,No Heat Builder,,25,15ml,Jar,,/img/b2b/builder-gels/3-in-1-builder/no-heat-builder/LC_UGN-NHEAT-13.webp
LC_UGN-NHEAT-14,LC_UGN-NHEAT-14,ml,Inventory,Builder Gel,No Heat Builder,,25,15ml,Jar,,/img/b2b/builder-gels/3-in-1-builder/no-heat-builder/LC_UGN-NHEAT-14.webp
LC_UGN-NHEAT-15,LC_UGN-NHEAT-15,ml,Inventory,Builder Gel,No Heat Builder,,25,15ml,Jar,,/img/b2b/builder-gels/3-in-1-builder/no-heat-builder/LC_UGN-NHEAT-15.webp
LC_UGN-NHEAT-16,LC_UGN-NHEAT-16,ml,Inventory,Builder Gel,No Heat Builder,,25,15ml,Jar,,/img/b2b/builder-gels/3-in-1-builder/no-heat-builder/LC_UGN-NHEAT-16.webp
LC_UGN-NHEAT-17,LC_UGN-NHEAT-17,ml,Inventory,Builder Gel,No Heat Builder,,25,15ml,Jar,,/img/b2b/builder-gels/3-in-1-builder/no-heat-builder/LC_UGN-NHEAT-17.webp
LC_UGN-NHEAT-18,LC_UGN-NHEAT-18,ml,Inventory,Builder Gel,No Heat Builder,,25,15ml,Jar,,/img/b2b/builder-gels/3-in-1-builder/no-heat-builder/LC_UGN-NHEAT-18.webp
LC_UGN-NHEAT-19,LC_UGN-NHEAT-19,ml,Inventory,Builder Gel,No Heat Builder,,25,15ml,Jar,,/img/b2b/builder-gels/3-in-1-builder/no-heat-builder/LC_UGN-NHEAT-19.webp
LC_UGN-NHEAT-20,LC_UGN-NHEAT-20,ml,Inventory,Builder Gel,No Heat Builder,,25,15ml,Jar,,/img/b2b/builder-gels/3-in-1-builder/no-heat-builder/LC_UGN-NHEAT-20.webp
LC_UGN-NHEAT-21,LC_UGN-NHEAT-21,ml,Inventory,Builder Gel,No Heat Builder,,25,15ml,Jar,,/img/b2b/builder-gels/3-in-1-builder/no-heat-builder/LC_UGN-NHEAT-21.webp
LC_UGN-NHEAT-22,LC_UGN-NHEAT-22,ml,Inventory,Builder Gel,No Heat Builder,,25,15ml,Jar,,/img/b2b/builder-gels/3-in-1-builder/no-heat-builder/LC_UGN-NHEAT-22.webp
LC_UGN-NHEAT-23,LC_UGN-NHEAT-23,ml,Inventory,Builder Gel,No Heat Builder,,25,15ml,Jar,,/img/b2b/builder-gels/3-in-1-builder/no-heat-builder/LC_UGN-NHEAT-23.webp
LC_UGN-NHEAT-24,LC_UGN-NHEAT-24,ml,Inventory,Builder Gel,No Heat Builder,,25,15ml,Jar,,/img/b2b/builder-gels/3-in-1-builder/no-heat-builder/LC_UGN-NHEAT-24.webp
LC_UGN-NHEAT-25,LC_UGN-NHEAT-25,ml,Inventory,Builder Gel,No Heat Builder,,25,15ml,Jar,,/img/b2b/builder-gels/3-in-1-builder/no-heat-builder/LC_UGN-NHEAT-25.webp
LC_UGS-PEARLBG-01,LC_UGS-PEARLBG-01,g,Inventory,Builder Gel,Pearl Builder Gel,,1,,Jar,,/img/builder-gels/3-in-1-builder/pearl-builder-gel/LC_UGS-PEARLBG-01.webp
LC_UGS-PEARLBG-02,LC_UGS-PEARLBG-02,g,Inventory,Builder Gel,Pearl Builder Gel,,1,,Jar,,/img/builder-gels/3-in-1-builder/pearl-builder-gel/LC_UGS-PEARLBG-02.webp
LC_UGS-PEARLBG-03,LC_UGS-PEARLBG-03,g,Inventory,Builder Gel,Pearl Builder Gel,,1,,Jar,,/img/builder-gels/3-in-1-builder/pearl-builder-gel/LC_UGS-PEARLBG-03.webp
LC_UGS-PEARLBG-04,LC_UGS-PEARLBG-04,g,Inventory,Builder Gel,Pearl Builder Gel,,1,,Jar,,/img/builder-gels/3-in-1-builder/pearl-builder-gel/LC_UGS-PEARLBG-04.webp
LC_UGS-PEARLBG-05,LC_UGS-PEARLBG-05,g,Inventory,Builder Gel,Pearl Builder Gel,,1,,Jar,,/img/builder-gels/3-in-1-builder/pearl-builder-gel/LC_UGS-PEARLBG-05.webp
LC_UGS-PEARLBG-06,LC_UGS-PEARLBG-06,g,Inventory,Builder Gel,Pearl Builder Gel,,1,,Jar,,/img/builder-gels/3-in-1-builder/pearl-builder-gel/LC_UGS-PEARLBG-06.webp
LC_UGS-PEARLBG-07,LC_UGS-PEARLBG-07,g,Inventory,Builder Gel,Pearl Builder Gel,,1,,Jar,,/img/builder-gels/3-in-1-builder/pearl-builder-gel/LC_UGS-PEARLBG-07.webp
LC_UGS-PEARLBG-08,LC_UGS-PEARLBG-08,g,Inventory,Builder Gel,Pearl Builder Gel,,1,,Jar,,/img/builder-gels/3-in-1-builder/pearl-builder-gel/LC_UGS-PEARLBG-08.webp
LC_UGS-PEARLBG-09,LC_UGS-PEARLBG-09,g,Inventory,Builder Gel,Pearl Builder Gel,,1,,Jar,,/img/builder-gels/3-in-1-builder/pearl-builder-gel/LC_UGS-PEARLBG-09.webp
LC_UGS-PEARLBG-10,LC_UGS-PEARLBG-10,g,Inventory,Builder Gel,Pearl Builder Gel,,1,,Jar,,/img/builder-gels/3-in-1-builder/pearl-builder-gel/LC_UGS-PEARLBG-10.webp
LC_UGS-PEARLBG-11,LC_UGS-PEARLBG-11,g,Inventory,Builder Gel,Pearl Builder Gel,,1,,Jar,,/img/builder-gels/3-in-1-builder/pearl-builder-gel/LC_UGS-PEARLBG-11.webp
LC_UGS-PEARLBG-12,LC_UGS-PEARLBG-12,g,Inventory,Builder Gel,Pearl Builder Gel,,1,,Jar,,/img/builder-gels/3-in-1-builder/pearl-builder-gel/LC_UGS-PEARLBG-12.webp
LC_UGS-PEARLBG-13,LC_UGS-PEARLBG-13,g,Inventory,Builder Gel,Pearl Builder Gel,,1,,Jar,,/img/builder-gels/3-in-1-builder/pearl-builder-gel/LC_UGS-PEARLBG-13.webp
LC_UGS-PEARLBG-14,LC_UGS-PEARLBG-14,g,Inventory,Builder Gel,Pearl Builder Gel,,1,,Jar,,/img/builder-gels/3-in-1-builder/pearl-builder-gel/LC_UGS-PEARLBG-14.webp
LC_UGS-PEARLBG-15,LC_UGS-PEARLBG-15,g,Inventory,Builder Gel,Pearl Builder Gel,,1,,Jar,,/img/builder-gels/3-in-1-builder/pearl-builder-gel/LC_UGS-PEARLBG-15.webp
LC_UGS-PEARLBG-16,LC_UGS-PEARLBG-16,g,Inventory,Builder Gel,Pearl Builder Gel,,1,,Jar,,/img/builder-gels/3-in-1-builder/pearl-builder-gel/LC_UGS-PEARLBG-16.webp
LC_UGS-PEARLBG-17,LC_UGS-PEARLBG-17,g,Inventory,Builder Gel,Pearl Builder Gel,,1,,Jar,,/img/builder-gels/3-in-1-builder/pearl-builder-gel/LC_UGS-PEARLBG-17.webp
LC_UGS-PEARLBG-18,LC_UGS-PEARLBG-18,g,Inventory,Builder Gel,Pearl Builder Gel,,1,,Jar,,/img/builder-gels/3-in-1-builder/pearl-builder-gel/LC_UGS-PEARLBG-18.webp
LC_UGS-PEARLBG-19,LC_UGS-PEARLBG-19,g,Inventory,Builder Gel,Pearl Builder Gel,,1,,Jar,,/img/builder-gels/3-in-1-builder/pearl-builder-gel/LC_UGS-PEARLBG-19.webp
LC_UGS-PEARLBG-20,LC_UGS-PEARLBG-20,g,Inventory,Builder Gel,Pearl Builder Gel,,1,,Jar,,/img/builder-gels/3-in-1-builder/pearl-builder-gel/LC_UGS-PEARLBG-20.webp
LC_UGS-REFGLBG-01,LC_UGS-REFGLBG-01,g,Inventory,Builder Gel,Reflective Glitter Gel,,1,,Jar,,/img/builder-gels/3-in-1-builder/reflective-glitter-gel/LC_UGS-REFGLBG-01.webp
LC_UGS-REFGLBG-02,LC_UGS-REFGLBG-02,g,Inventory,Builder Gel,Reflective Glitter Gel,,1,,Jar,,/img/builder-gels/3-in-1-builder/reflective-glitter-gel/LC_UGS-REFGLBG-02.webp
LC_UGS-REFGLBG-03,LC_UGS-REFGLBG-03,g,Inventory,Builder Gel,Reflective Glitter Gel,,1,,Jar,,/img/builder-gels/3-in-1-builder/reflective-glitter-gel/LC_UGS-REFGLBG-03.webp
LC_UGS-REFGLBG-04,LC_UGS-REFGLBG-04,g,Inventory,Builder Gel,Reflective Glitter Gel,,1,,Jar,,/img/builder-gels/3-in-1-builder/reflective-glitter-gel/LC_UGS-REFGLBG-04.webp
LC_UGS-REFGLBG-05,LC_UGS-REFGLBG-05,g,Inventory,Builder Gel,Reflective Glitter Gel,,1,,Jar,,/img/builder-gels/3-in-1-builder/reflective-glitter-gel/LC_UGS-REFGLBG-05.webp
LC_UGS-REFGLBG-06,LC_UGS-REFGLBG-06,g,Inventory,Builder Gel,Reflective Glitter Gel,,1,,Jar,,/img/builder-gels/3-in-1-builder/reflective-glitter-gel/LC_UGS-REFGLBG-06.webp
LC_UGS-REFGLBG-07,LC_UGS-REFGLBG-07,g,Inventory,Builder Gel,Reflective Glitter Gel,,1,,Jar,,/img/builder-gels/3-in-1-builder/reflective-glitter-gel/LC_UGS-REFGLBG-07.webp
LC_UGS-REFGLBG-08,LC_UGS-REFGLBG-08,g,Inventory,Builder Gel,Reflective Glitter Gel,,1,,Jar,,/img/builder-gels/3-in-1-builder/reflective-glitter-gel/LC_UGS-REFGLBG-08.webp
LC_UGS-REFGLBG-09,LC_UGS-REFGLBG-09,g,Inventory,Builder Gel,Reflective Glitter Gel,,1,,Jar,,/img/builder-gels/3-in-1-builder/reflective-glitter-gel/LC_UGS-REFGLBG-09.webp
LC_UGS-REFGLBG-10,LC_UGS-REFGLBG-10,g,Inventory,Builder Gel,Reflective Glitter Gel,,1,,Jar,,/img/builder-gels/3-in-1-builder/reflective-glitter-gel/LC_UGS-REFGLBG-10.webp
LC_UGS-REFGLBG-11,LC_UGS-REFGLBG-11,g,Inventory,Builder Gel,Reflective Glitter Gel,,1,,Jar,,/img/builder-gels/3-in-1-builder/reflective-glitter-gel/LC_UGS-REFGLBG-11.webp
LC_UGS-REFGLBG-12,LC_UGS-REFGLBG-12,g,Inventory,Builder Gel,Reflective Glitter Gel,,1,,Jar,,/img/builder-gels/3-in-1-builder/reflective-glitter-gel/LC_UGS-REFGLBG-12.webp
LC_UGS-REFGLBG-13,LC_UGS-REFGLBG-13,g,Inventory,Builder Gel,Reflective Glitter Gel,,1,,Jar,,/img/builder-gels/3-in-1-builder/reflective-glitter-gel/LC_UGS-REFGLBG-13.webp
LC_UGS-REFGLBG-14,LC_UGS-REFGLBG-14,g,Inventory,Builder Gel,Reflective Glitter Gel,,1,,Jar,,/img/builder-gels/3-in-1-builder/reflective-glitter-gel/LC_UGS-REFGLBG-14.webp
LC_UGS-REFGLBG-15,LC_UGS-REFGLBG-15,g,Inventory,Builder Gel,Reflective Glitter Gel,,1,,Jar,,/img/builder-gels/3-in-1-builder/reflective-glitter-gel/LC_UGS-REFGLBG-15.webp
LC_UGS-REFGLBG-16,LC_UGS-REFGLBG-16,g,Inventory,Builder Gel,Reflective Glitter Gel,,1,,Jar,,/img/builder-gels/3-in-1-builder/reflective-glitter-gel/LC_UGS-REFGLBG-16.webp
LC_UGS-REFGLBG-17,LC_UGS-REFGLBG-17,g,Inventory,Builder Gel,Reflective Glitter Gel,,1,,Jar,,/img/builder-gels/3-in-1-builder/reflective-glitter-gel/LC_UGS-REFGLBG-17.webp
LC_UGS-REFGLBG-18,LC_UGS-REFGLBG-18,g,Inventory,Builder Gel,Reflective Glitter Gel,,1,,Jar,,/img/builder-gels/3-in-1-builder/reflective-glitter-gel/LC_UGS-REFGLBG-18.webp
LC_UGS-SHMBG-01,LC_UGS-SHMBG-01,g,Inventory,Builder Gel,Shimmer Builder Gel,,1,,Jar,,/img/builder-gels/3-in-1-builder/shimmer-builder-gel/LC_UGS-SHMBG-01.webp
LC_UGS-SHMBG-02,LC_UGS-SHMBG-02,g,Inventory,Builder Gel,Shimmer Builder Gel,,1,,Jar,,/img/builder-gels/3-in-1-builder/shimmer-builder-gel/LC_UGS-SHMBG-02.webp
LC_UGS-SHMBG-03,LC_UGS-SHMBG-03,g,Inventory,Builder Gel,Shimmer Builder Gel,,1,,Jar,,/img/builder-gels/3-in-1-builder/shimmer-builder-gel/LC_UGS-SHMBG-03.webp
LC_UGS-SHMBG-04,LC_UGS-SHMBG-04,g,Inventory,Builder Gel,Shimmer Builder Gel,,1,,Jar,,/img/builder-gels/3-in-1-builder/shimmer-builder-gel/LC_UGS-SHMBG-04.webp
LC_UGS-SHMBG-05,LC_UGS-SHMBG-05,g,Inventory,Builder Gel,Shimmer Builder Gel,,1,,Jar,,/img/builder-gels/3-in-1-builder/shimmer-builder-gel/LC_UGS-SHMBG-05.webp
LC_UGS-SHMBG-06,LC_UGS-SHMBG-06,g,Inventory,Builder Gel,Shimmer Builder Gel,,1,,Jar,,/img/builder-gels/3-in-1-builder/shimmer-builder-gel/LC_UGS-SHMBG-06.webp
LC_UGS-SHMBG-07,LC_UGS-SHMBG-07,g,Inventory,Builder Gel,Shimmer Builder Gel,,1,,Jar,,/img/builder-gels/3-in-1-builder/shimmer-builder-gel/LC_UGS-SHMBG-07.webp
LC_UGS-SHMBG-08,LC_UGS-SHMBG-08,g,Inventory,Builder Gel,Shimmer Builder Gel,,1,,Jar,,/img/builder-gels/3-in-1-builder/shimmer-builder-gel/LC_UGS-SHMBG-08.webp
LC_UGS-SHMBG-09,LC_UGS-SHMBG-09,g,Inventory,Builder Gel,Shimmer Builder Gel,,1,,Jar,,/img/builder-gels/3-in-1-builder/shimmer-builder-gel/LC_UGS-SHMBG-09.webp
LC_UGS-SHMBG-10,LC_UGS-SHMBG-10,g,Inventory,Builder Gel,Shimmer Builder Gel,,1,,Jar,,/img/builder-gels/3-in-1-builder/shimmer-builder-gel/LC_UGS-SHMBG-10.webp
LC_UGS-SHMBG-11,LC_UGS-SHMBG-11,g,Inventory,Builder Gel,Shimmer Builder Gel,,1,,Jar,,/img/builder-gels/3-in-1-builder/shimmer-builder-gel/LC_UGS-SHMBG-11.webp
LC_UGS-SHMBG-12,LC_UGS-SHMBG-12,g,Inventory,Builder Gel,Shimmer Builder Gel,,1,,Jar,,/img/builder-gels/3-in-1-builder/shimmer-builder-gel/LC_UGS-SHMBG-12.webp
LC_TX-01,LC_TX-01,ml,Inventory,Builder Gel,Thixotropic Gel,,25,15ml,Jar,,/img/b2b/builder-gels/3-in-1-builder/thixotropic-gel/LC_TX-01.webp
LC_TX-02,LC_TX-02,ml,Inventory,Builder Gel,Thixotropic Gel,,25,15ml,Jar,,/img/b2b/builder-gels/3-in-1-builder/thixotropic-gel/LC_TX-02.webp
LC_TX-03,LC_TX-03,ml,Inventory,Builder Gel,Thixotropic Gel,,25,15ml,Jar,,/img/b2b/builder-gels/3-in-1-builder/thixotropic-gel/LC_TX-03.webp
LC_TX-04,LC_TX-04,ml,Inventory,Builder Gel,Thixotropic Gel,,25,15ml,Jar,,/img/b2b/builder-gels/3-in-1-builder/thixotropic-gel/LC_TX-04.webp
LC_TX-05,LC_TX-05,ml,Inventory,Builder Gel,Thixotropic Gel,,25,15ml,Jar,,/img/b2b/builder-gels/3-in-1-builder/thixotropic-gel/LC_TX-05.webp
LC_TX-06,LC_TX-06,ml,Inventory,Builder Gel,Thixotropic Gel,,25,15ml,Jar,,/img/b2b/builder-gels/3-in-1-builder/thixotropic-gel/LC_TX-06.webp
LC_TX-07,LC_TX-07,ml,Inventory,Builder Gel,Thixotropic Gel,,25,15ml,Jar,,/img/b2b/builder-gels/3-in-1-builder/thixotropic-gel/LC_TX-07.webp
LC_TX-08,LC_TX-08,ml,Inventory,Builder Gel,Thixotropic Gel,,25,15ml,Jar,,/img/b2b/builder-gels/3-in-1-builder/thixotropic-gel/LC_TX-08.webp
LC_TX-09,LC_TX-09,ml,Inventory,Builder Gel,Thixotropic Gel,,25,15ml,Jar,,/img/b2b/builder-gels/3-in-1-builder/thixotropic-gel/LC_TX-09.webp
LC_TX-10,LC_TX-10,ml,Inventory,Builder Gel,Thixotropic Gel,,25,15ml,Jar,,/img/b2b/builder-gels/3-in-1-builder/thixotropic-gel/LC_TX-10.webp
LC_TX-11,LC_TX-11,ml,Inventory,Builder Gel,Thixotropic Gel,,25,15ml,Jar,,/img/b2b/builder-gels/3-in-1-builder/thixotropic-gel/LC_TX-11.webp
LC_TX-12,LC_TX-12,ml,Inventory,Builder Gel,Thixotropic Gel,,25,15ml,Jar,,/img/b2b/builder-gels/3-in-1-builder/thixotropic-gel/LC_TX-12.webp
LC_TX-13,LC_TX-13,ml,Inventory,Builder Gel,Thixotropic Gel,,25,15ml,Jar,,/img/b2b/builder-gels/3-in-1-builder/thixotropic-gel/LC_TX-13.webp
LC_TX-14,LC_TX-14,ml,Inventory,Builder Gel,Thixotropic Gel,,25,15ml,Jar,,/img/b2b/builder-gels/3-in-1-builder/thixotropic-gel/LC_TX-14.webp
LC_TX-15,LC_TX-15,ml,Inventory,Builder Gel,Thixotropic Gel,,25,15ml,Jar,,/img/b2b/builder-gels/3-in-1-builder/thixotropic-gel/LC_TX-15.webp
LC_TX-16,LC_TX-16,ml,Inventory,Builder Gel,Thixotropic Gel,,25,15ml,Jar,,/img/b2b/builder-gels/3-in-1-builder/thixotropic-gel/LC_TX-16.webp
LC_TX-17,LC_TX-17,ml,Inventory,Builder Gel,Thixotropic Gel,,25,15ml,Jar,,/img/b2b/builder-gels/3-in-1-builder/thixotropic-gel/LC_TX-17.webp
LC_TX-18,LC_TX-18,ml,Inventory,Builder Gel,Thixotropic Gel,,25,15ml,Jar,,/img/b2b/builder-gels/3-in-1-builder/thixotropic-gel/LC_TX-18.webp
LC_TX-19,LC_TX-19,ml,Inventory,Builder Gel,Thixotropic Gel,,25,15ml,Jar,,/img/b2b/builder-gels/3-in-1-builder/thixotropic-gel/LC_TX-19.webp
LC_TX-20,LC_TX-20,ml,Inventory,Builder Gel,Thixotropic Gel,,25,15ml,Jar,,/img/b2b/builder-gels/3-in-1-builder/thixotropic-gel/LC_TX-20.webp
LC_TX-21,LC_TX-21,ml,Inventory,Builder Gel,Thixotropic Gel,,25,15ml,Jar,,/img/b2b/builder-gels/3-in-1-builder/thixotropic-gel/LC_TX-21.webp
LC_TX-22,LC_TX-22,ml,Inventory,Builder Gel,Thixotropic Gel,,25,15ml,Jar,,/img/b2b/builder-gels/3-in-1-builder/thixotropic-gel/LC_TX-22.webp
LC_TX-23,LC_TX-23,ml,Inventory,Builder Gel,Thixotropic Gel,,25,15ml,Jar,,/img/b2b/builder-gels/3-in-1-builder/thixotropic-gel/LC_TX-23.webp
LC_TX-24,LC_TX-24,ml,Inventory,Builder Gel,Thixotropic Gel,,25,15ml,Jar,,/img/b2b/builder-gels/3-in-1-builder/thixotropic-gel/LC_TX-24.webp
LC_TX-25,LC_TX-25,ml,Inventory,Builder Gel,Thixotropic Gel,,25,15ml,Jar,,/img/b2b/builder-gels/3-in-1-builder/thixotropic-gel/LC_TX-25.webp
LC_YG2-VINRBG-01,LC_YG2-VINRBG-01,g,Inventory,Builder Gel,Vintage Rose Builder Gel,,1,,Jar,,/img/builder-gels/3-in-1-builder/vintage-rose-builder-gel/LC_YG2-VINRBG-01.webp
LC_YG2-VINRBG-02,LC_YG2-VINRBG-02,g,Inventory,Builder Gel,Vintage Rose Builder Gel,,1,,Jar,,/img/builder-gels/3-in-1-builder/vintage-rose-builder-gel/LC_YG2-VINRBG-02.webp
LC_YG2-VINRBG-03,LC_YG2-VINRBG-03,g,Inventory,Builder Gel,Vintage Rose Builder Gel,,1,,Jar,,/img/builder-gels/3-in-1-builder/vintage-rose-builder-gel/LC_YG2-VINRBG-03.webp
LC_YG2-VINRBG-04,LC_YG2-VINRBG-04,g,Inventory,Builder Gel,Vintage Rose Builder Gel,,1,,Jar,,/img/builder-gels/3-in-1-builder/vintage-rose-builder-gel/LC_YG2-VINRBG-04.webp
LC_YG2-VINRBG-05,LC_YG2-VINRBG-05,g,Inventory,Builder Gel,Vintage Rose Builder Gel,,1,,Jar,,/img/builder-gels/3-in-1-builder/vintage-rose-builder-gel/LC_YG2-VINRBG-05.webp
LC_YG2-VINRBG-06,LC_YG2-VINRBG-06,g,Inventory,Builder Gel,Vintage Rose Builder Gel,,1,,Jar,,/img/builder-gels/3-in-1-builder/vintage-rose-builder-gel/LC_YG2-VINRBG-06.webp
LC_YG2-VINRBG-07,LC_YG2-VINRBG-07,g,Inventory,Builder Gel,Vintage Rose Builder Gel,,1,,Jar,,/img/builder-gels/3-in-1-builder/vintage-rose-builder-gel/LC_YG2-VINRBG-07.webp
LC_YG2-VINRBG-08,LC_YG2-VINRBG-08,g,Inventory,Builder Gel,Vintage Rose Builder Gel,,1,,Jar,,/img/builder-gels/3-in-1-builder/vintage-rose-builder-gel/LC_YG2-VINRBG-08.webp
LC_YG2-VINRBG-09,LC_YG2-VINRBG-09,g,Inventory,Builder Gel,Vintage Rose Builder Gel,,1,,Jar,,/img/builder-gels/3-in-1-builder/vintage-rose-builder-gel/LC_YG2-VINRBG-09.webp
LC_YG2-VINRBG-10,LC_YG2-VINRBG-10,g,Inventory,Builder Gel,Vintage Rose Builder Gel,,1,,Jar,,/img/builder-gels/3-in-1-builder/vintage-rose-builder-gel/LC_YG2-VINRBG-10.webp
LC_YG2-VINRBG-11,LC_YG2-VINRBG-11,g,Inventory,Builder Gel,Vintage Rose Builder Gel,,1,,Jar,,/img/builder-gels/3-in-1-builder/vintage-rose-builder-gel/LC_YG2-VINRBG-11.webp
LC_YG2-VINRBG-12,LC_YG2-VINRBG-12,g,Inventory,Builder Gel,Vintage Rose Builder Gel,,1,,Jar,,/img/builder-gels/3-in-1-builder/vintage-rose-builder-gel/LC_YG2-VINRBG-12.webp
LC_YG2-VINRBG-13,LC_YG2-VINRBG-13,g,Inventory,Builder Gel,Vintage Rose Builder Gel,,1,,Jar,,/img/builder-gels/3-in-1-builder/vintage-rose-builder-gel/LC_YG2-VINRBG-13.webp
LC_YG2-VINRBG-14,LC_YG2-VINRBG-14,g,Inventory,Builder Gel,Vintage Rose Builder Gel,,1,,Jar,,/img/builder-gels/3-in-1-builder/vintage-rose-builder-gel/LC_YG2-VINRBG-14.webp
LC_YG2-VINRBG-15,LC_YG2-VINRBG-15,g,Inventory,Builder Gel,Vintage Rose Builder Gel,,1,,Jar,,/img/builder-gels/3-in-1-builder/vintage-rose-builder-gel/LC_YG2-VINRBG-15.webp
LC_YG2-VINRBG-16,LC_YG2-VINRBG-16,g,Inventory,Builder Gel,Vintage Rose Builder Gel,,1,,Jar,,/img/builder-gels/3-in-1-builder/vintage-rose-builder-gel/LC_YG2-VINRBG-16.webp
LC_YG2-VINRBG-17,LC_YG2-VINRBG-17,g,Inventory,Builder Gel,Vintage Rose Builder Gel,,1,,Jar,,/img/builder-gels/3-in-1-builder/vintage-rose-builder-gel/LC_YG2-VINRBG-17.webp
LC_YG2-VINRBG-18,LC_YG2-VINRBG-18,g,Inventory,Builder Gel,Vintage Rose Builder Gel,,1,,Jar,,/img/builder-gels/3-in-1-builder/vintage-rose-builder-gel/LC_YG2-VINRBG-18.webp
LC_YG2-VINRBG-19,LC_YG2-VINRBG-19,g,Inventory,Builder Gel,Vintage Rose Builder Gel,,1,,Jar,,/img/builder-gels/3-in-1-builder/vintage-rose-builder-gel/LC_YG2-VINRBG-19.webp
LC_YG2-VINRBG-20,LC_YG2-VINRBG-20,g,Inventory,Builder Gel,Vintage Rose Builder Gel,,1,,Jar,,/img/builder-gels/3-in-1-builder/vintage-rose-builder-gel/LC_YG2-VINRBG-20.webp
LC_YG2-VINRBG-21,LC_YG2-VINRBG-21,g,Inventory,Builder Gel,Vintage Rose Builder Gel,,1,,Jar,,/img/builder-gels/3-in-1-builder/vintage-rose-builder-gel/LC_YG2-VINRBG-21.webp
LC_YG2-VINRBG-22,LC_YG2-VINRBG-22,g,Inventory,Builder Gel,Vintage Rose Builder Gel,,1,,Jar,,/img/builder-gels/3-in-1-builder/vintage-rose-builder-gel/LC_YG2-VINRBG-22.webp
LC_YG2-VINRBG-23,LC_YG2-VINRBG-23,g,Inventory,Builder Gel,Vintage Rose Builder Gel,,1,,Jar,,/img/builder-gels/3-in-1-builder/vintage-rose-builder-gel/LC_YG2-VINRBG-23.webp
LC_YG2-VINRBG-24,LC_YG2-VINRBG-24,g,Inventory,Builder Gel,Vintage Rose Builder Gel,,1,,Jar,,/img/builder-gels/3-in-1-builder/vintage-rose-builder-gel/LC_YG2-VINRBG-24.webp
LC_UGI-V-3-in-1VBG_01,LC_UGI-V-3-in-1VBG_01,g,Inventory,Builder Gel,Vitro Builder Gel,,1,,Jar,,/img/builder-gels/3-in-1-builder/vitro-builder-gel/LC_UGI-V-3-in-1VBG_01.webp
LC_UGI-V-3-in-1VBG_02,LC_UGI-V-3-in-1VBG_02,g,Inventory,Builder Gel,Vitro Builder Gel,,1,,Jar,,/img/builder-gels/3-in-1-builder/vitro-builder-gel/LC_UGI-V-3-in-1VBG_02.webp
LC_UGI-V-3-in-1VBG_03,LC_UGI-V-3-in-1VBG_03,g,Inventory,Builder Gel,Vitro Builder Gel,,1,,Jar,,/img/builder-gels/3-in-1-builder/vitro-builder-gel/LC_UGI-V-3-in-1VBG_03.webp
LC_UGI-V-3-in-1VBG_04,LC_UGI-V-3-in-1VBG_04,g,Inventory,Builder Gel,Vitro Builder Gel,,1,,Jar,,/img/builder-gels/3-in-1-builder/vitro-builder-gel/LC_UGI-V-3-in-1VBG_04.webp
LC_UGI-V-3-in-1VBG_05,LC_UGI-V-3-in-1VBG_05,g,Inventory,Builder Gel,Vitro Builder Gel,,1,,Jar,,/img/builder-gels/3-in-1-builder/vitro-builder-gel/LC_UGI-V-3-in-1VBG_05.webp
LC_UGI-V-3-in-1VBG_06,LC_UGI-V-3-in-1VBG_06,g,Inventory,Builder Gel,Vitro Builder Gel,,1,,Jar,,/img/builder-gels/3-in-1-builder/vitro-builder-gel/LC_UGI-V-3-in-1VBG_06.webp
LC_UGI-V-3-in-1VBG_07,LC_UGI-V-3-in-1VBG_07,g,Inventory,Builder Gel,Vitro Builder Gel,,1,,Jar,,/img/builder-gels/3-in-1-builder/vitro-builder-gel/LC_UGI-V-3-in-1VBG_07.webp
LC_UGI-V-3-in-1VBG_08,LC_UGI-V-3-in-1VBG_08,g,Inventory,Builder Gel,Vitro Builder Gel,,1,,Jar,,/img/builder-gels/3-in-1-builder/vitro-builder-gel/LC_UGI-V-3-in-1VBG_08.webp
LC_UGI-V-3-in-1VBG_09,LC_UGI-V-3-in-1VBG_09,g,Inventory,Builder Gel,Vitro Builder Gel,,1,,Jar,,/img/builder-gels/3-in-1-builder/vitro-builder-gel/LC_UGI-V-3-in-1VBG_09.webp
LC_UGI-V-3-in-1VBG_10,LC_UGI-V-3-in-1VBG_10,g,Inventory,Builder Gel,Vitro Builder Gel,,1,,Jar,,/img/builder-gels/3-in-1-builder/vitro-builder-gel/LC_UGI-V-3-in-1VBG_10.webp
LC_UGI-V-3-in-1VBG_11,LC_UGI-V-3-in-1VBG_11,g,Inventory,Builder Gel,Vitro Builder Gel,,1,,Jar,,/img/builder-gels/3-in-1-builder/vitro-builder-gel/LC_UGI-V-3-in-1VBG_11.webp
LC_UGI-V-3-in-1VBG_12,LC_UGI-V-3-in-1VBG_12,g,Inventory,Builder Gel,Vitro Builder Gel,,1,,Jar,,/img/builder-gels/3-in-1-builder/vitro-builder-gel/LC_UGI-V-3-in-1VBG_12.webp
LC_UGI-V-3-in-1VBG_13,LC_UGI-V-3-in-1VBG_13,g,Inventory,Builder Gel,Vitro Builder Gel,,1,,Jar,,/img/builder-gels/3-in-1-builder/vitro-builder-gel/LC_UGI-V-3-in-1VBG_13.webp
LC_UGI-V-3-in-1VBG_14,LC_UGI-V-3-in-1VBG_14,g,Inventory,Builder Gel,Vitro Builder Gel,,1,,Jar,,/img/builder-gels/3-in-1-builder/vitro-builder-gel/LC_UGI-V-3-in-1VBG_14.webp
LC_DSO-SN-1_01,LC_DSO-SN-1_01,ml,Inventory,Gel Polish,Cat Eye,,25,10ml,Bottle,,/img/b2b/Cat Eyes/LC_DSO-SN-1_01.jpg
LC_DSO-SN-1_02,LC_DSO-SN-1_02,ml,Inventory,Gel Polish,Cat Eye,,25,10ml,Bottle,,/img/b2b/Cat Eyes/LC_DSO-SN-1_02.jpg
LC_DSO-SN-1_03,LC_DSO-SN-1_03,ml,Inventory,Gel Polish,Cat Eye,,25,10ml,Bottle,,/img/b2b/Cat Eyes/LC_DSO-SN-1_03.jpg
LC_DSO-SN-1_04,LC_DSO-SN-1_04,ml,Inventory,Gel Polish,Cat Eye,,25,10ml,Bottle,,/img/b2b/Cat Eyes/LC_DSO-SN-1_04.jpg
LC_DSO-SN-1_05,LC_DSO-SN-1_05,ml,Inventory,Gel Polish,Cat Eye,,25,10ml,Bottle,,/img/b2b/Cat Eyes/LC_DSO-SN-1_05.jpg
LC_DSO-SN-1_06,LC_DSO-SN-1_06,ml,Inventory,Gel Polish,Cat Eye,,25,10ml,Bottle,,/img/b2b/Cat Eyes/LC_DSO-SN-1_06.jpg
LC_DSO-SN-1_07,LC_DSO-SN-1_07,ml,Inventory,Gel Polish,Cat Eye,,25,10ml,Bottle,,/img/b2b/Cat Eyes/LC_DSO-SN-1_07.jpg
LC_DSO-SN-1_08,LC_DSO-SN-1_08,ml,Inventory,Gel Polish,Cat Eye,,25,10ml,Bottle,,/img/b2b/Cat Eyes/LC_DSO-SN-1_08.jpg
LC_DSO-SN-1_09,LC_DSO-SN-1_09,ml,Inventory,Gel Polish,Cat Eye,,25,10ml,Bottle,,/img/b2b/Cat Eyes/LC_DSO-SN-1_09.jpg
LC_DSO-SN-1_10,LC_DSO-SN-1_10,ml,Inventory,Gel Polish,Cat Eye,,25,10ml,Bottle,,/img/b2b/Cat Eyes/LC_DSO-SN-1_10.jpg
LC_GP-5D_01,LC_GP-5D_01,ml,Inventory,Gel Polish,Cat Eye,,25,10ml,Bottle,,/img/b2b/Cat Eyes/LC_GP-5D_01.webp
LC_GP-5D_02,LC_GP-5D_02,ml,Inventory,Gel Polish,Cat Eye,,25,10ml,Bottle,,/img/b2b/Cat Eyes/LC_GP-5D_02.webp
LC_GP-5D_03,LC_GP-5D_03,ml,Inventory,Gel Polish,Cat Eye,,25,10ml,Bottle,,/img/b2b/Cat Eyes/LC_GP-5D_03.webp
LC_GP-5D_04,LC_GP-5D_04,ml,Inventory,Gel Polish,Cat Eye,,25,10ml,Bottle,,/img/b2b/Cat Eyes/LC_GP-5D_04.webp
LC_GP-5D_05,LC_GP-5D_05,ml,Inventory,Gel Polish,Cat Eye,,25,10ml,Bottle,,/img/b2b/Cat Eyes/LC_GP-5D_05.webp
LC_GP-5D_06,LC_GP-5D_06,ml,Inventory,Gel Polish,Cat Eye,,25,10ml,Bottle,,/img/b2b/Cat Eyes/LC_GP-5D_06.webp
LC_GP-5D_07,LC_GP-5D_07,ml,Inventory,Gel Polish,Cat Eye,,25,10ml,Bottle,,/img/b2b/Cat Eyes/LC_GP-5D_07.webp
LC_GP-5D_08,LC_GP-5D_08,ml,Inventory,Gel Polish,Cat Eye,,25,10ml,Bottle,,/img/b2b/Cat Eyes/LC_GP-5D_08.webp
LC_GP-5D_09,LC_GP-5D_09,ml,Inventory,Gel Polish,Cat Eye,,25,10ml,Bottle,,/img/b2b/Cat Eyes/LC_GP-5D_09.webp
LC_GP-5D_10,LC_GP-5D_10,ml,Inventory,Gel Polish,Cat Eye,,25,10ml,Bottle,,/img/b2b/Cat Eyes/LC_GP-5D_10.webp
LC_GP-5D_11,LC_GP-5D_11,ml,Inventory,Gel Polish,Cat Eye,,25,10ml,Bottle,,/img/b2b/Cat Eyes/LC_GP-5D_11.webp
LC_GP-5D_12,LC_GP-5D_12,ml,Inventory,Gel Polish,Cat Eye,,25,10ml,Bottle,,/img/b2b/Cat Eyes/LC_GP-5D_12.webp
LC-SD_1_01,LC-SD_1_01,ml,Inventory,Gel Polish,Cat Eye,,25,10ml,Bottle,,/img/b2b/Cat Eyes/LC-SD_1_01.jpg
LC-SD_1_02,LC-SD_1_02,ml,Inventory,Gel Polish,Cat Eye,,25,10ml,Bottle,,/img/b2b/Cat Eyes/LC-SD_1_02.jpg
LC-SD_1_03,LC-SD_1_03,ml,Inventory,Gel Polish,Cat Eye,,25,10ml,Bottle,,/img/b2b/Cat Eyes/LC-SD_1_03.jpg
LC-SD_1_04,LC-SD_1_04,ml,Inventory,Gel Polish,Cat Eye,,25,10ml,Bottle,,/img/b2b/Cat Eyes/LC-SD_1_04.jpg
LC-SD_1_05,LC-SD_1_05,ml,Inventory,Gel Polish,Cat Eye,,25,10ml,Bottle,,/img/b2b/Cat Eyes/LC-SD_1_05.jpg
LC-SD_1_06,LC-SD_1_06,ml,Inventory,Gel Polish,Cat Eye,,25,10ml,Bottle,,/img/b2b/Cat Eyes/LC-SD_1_06.jpg
LC-SD_1_07,LC-SD_1_07,ml,Inventory,Gel Polish,Cat Eye,,25,10ml,Bottle,,/img/b2b/Cat Eyes/LC-SD_1_07.jpg
LC-SD_1_08,LC-SD_1_08,ml,Inventory,Gel Polish,Cat Eye,,25,10ml,Bottle,,/img/b2b/Cat Eyes/LC-SD_1_08.jpg
LC-SD_1_09,LC-SD_1_09,ml,Inventory,Gel Polish,Cat Eye,,25,10ml,Bottle,,/img/b2b/Cat Eyes/LC-SD_1_09.jpg
LC-SD_1_10,LC-SD_1_10,ml,Inventory,Gel Polish,Cat Eye,,25,10ml,Bottle,,/img/b2b/Cat Eyes/LC-SD_1_10.jpg
LC-SD_1_11,LC-SD_1_11,ml,Inventory,Gel Polish,Cat Eye,,25,10ml,Bottle,,/img/b2b/Cat Eyes/LC-SD_1_11.jpg
LC-SD_1_12,LC-SD_1_12,ml,Inventory,Gel Polish,Cat Eye,,25,10ml,Bottle,,/img/b2b/Cat Eyes/LC-SD_1_12.jpg
LC-SD_1_13,LC-SD_1_13,ml,Inventory,Gel Polish,Cat Eye,,25,10ml,Bottle,,/img/b2b/Cat Eyes/LC-SD_1_13.jpg
LC-SD_1_14,LC-SD_1_14,ml,Inventory,Gel Polish,Cat Eye,,25,10ml,Bottle,,/img/b2b/Cat Eyes/LC-SD_1_14.jpg
LC-SD_1_15,LC-SD_1_15,ml,Inventory,Gel Polish,Cat Eye,,25,10ml,Bottle,,/img/b2b/Cat Eyes/LC-SD_1_15.jpg
LC-SolidCream-1-01,LC-SolidCream-1-01,ml,Inventory,Gel Polish,Cream Collection,,200,10ml,Bottle,,/img/b2b/solid cream/LC-SolidCream-1-01.jpg
LC-SolidCream-1-02,LC-SolidCream-1-02,ml,Inventory,Gel Polish,Cream Collection,,200,10ml,Bottle,,/img/b2b/solid cream/LC-SolidCream-1-02.jpg
LC-SolidCream-1-03,LC-SolidCream-1-03,ml,Inventory,Gel Polish,Cream Collection,,200,10ml,Bottle,,/img/b2b/solid cream/LC-SolidCream-1-03.jpg
LC-SolidCream-1-04,LC-SolidCream-1-04,ml,Inventory,Gel Polish,Cream Collection,,200,10ml,Bottle,,/img/b2b/solid cream/LC-SolidCream-1-04.jpg
LC-SolidCream-1-05,LC-SolidCream-1-05,ml,Inventory,Gel Polish,Cream Collection,,200,10ml,Bottle,,/img/b2b/solid cream/LC-SolidCream-1-05.jpg
LC-SolidCream-1-06,LC-SolidCream-1-06,ml,Inventory,Gel Polish,Cream Collection,,200,10ml,Bottle,,/img/b2b/solid cream/LC-SolidCream-1-06.jpg
LC-SolidCream-1-07,LC-SolidCream-1-07,ml,Inventory,Gel Polish,Cream Collection,,200,10ml,Bottle,,/img/b2b/solid cream/LC-SolidCream-1-07.jpg
LC-SolidCream-1-08,LC-SolidCream-1-08,ml,Inventory,Gel Polish,Cream Collection,,200,10ml,Bottle,,/img/b2b/solid cream/LC-SolidCream-1-08.jpg
LC-SolidCream-1-09,LC-SolidCream-1-09,ml,Inventory,Gel Polish,Cream Collection,,200,10ml,Bottle,,/img/b2b/solid cream/LC-SolidCream-1-09.jpg
LC-SolidCream-1-10,LC-SolidCream-1-10,ml,Inventory,Gel Polish,Cream Collection,,200,10ml,Bottle,,/img/b2b/solid cream/LC-SolidCream-1-10.jpg
LC-SolidCream-1-11,LC-SolidCream-1-11,ml,Inventory,Gel Polish,Cream Collection,,200,10ml,Bottle,,/img/b2b/solid cream/LC-SolidCream-1-11.jpg
LC-SolidCream-1-12,LC-SolidCream-1-12,ml,Inventory,Gel Polish,Cream Collection,,200,10ml,Bottle,,/img/b2b/solid cream/LC-SolidCream-1-12.jpg
LC-SolidCream-1-13,LC-SolidCream-1-13,ml,Inventory,Gel Polish,Cream Collection,,200,10ml,Bottle,,/img/b2b/solid cream/LC-SolidCream-1-13.jpg
LC-SolidCream-1-14,LC-SolidCream-1-14,ml,Inventory,Gel Polish,Cream Collection,,200,10ml,Bottle,,/img/b2b/solid cream/LC-SolidCream-1-14.jpg
LC-SolidCream-1-15,LC-SolidCream-1-15,ml,Inventory,Gel Polish,Cream Collection,,200,10ml,Bottle,,/img/b2b/solid cream/LC-SolidCream-1-15.jpg
LC-SolidCream-1-16,LC-SolidCream-1-16,ml,Inventory,Gel Polish,Cream Collection,,200,10ml,Bottle,,/img/b2b/solid cream/LC-SolidCream-1-16.jpg
LC-SolidCream-1-17,LC-SolidCream-1-17,ml,Inventory,Gel Polish,Cream Collection,,200,10ml,Bottle,,/img/b2b/solid cream/LC-SolidCream-1-17.jpg
LC-SolidCream-1-18,LC-SolidCream-1-18,ml,Inventory,Gel Polish,Cream Collection,,200,10ml,Bottle,,/img/b2b/solid cream/LC-SolidCream-1-18.jpg
LC-SolidCream-1-19,LC-SolidCream-1-19,ml,Inventory,Gel Polish,Cream Collection,,200,10ml,Bottle,,/img/b2b/solid cream/LC-SolidCream-1-19.jpg
LC-SolidCream-1-20,LC-SolidCream-1-20,ml,Inventory,Gel Polish,Cream Collection,,200,10ml,Bottle,,/img/b2b/solid cream/LC-SolidCream-1-20.jpg
LC-SolidCream-1-21,LC-SolidCream-1-21,ml,Inventory,Gel Polish,Cream Collection,,200,10ml,Bottle,,/img/b2b/solid cream/LC-SolidCream-1-21.jpg
LC-SolidCream-1-22,LC-SolidCream-1-22,ml,Inventory,Gel Polish,Cream Collection,,200,10ml,Bottle,,/img/b2b/solid cream/LC-SolidCream-1-22.jpg
LC-SolidCream-1-23,LC-SolidCream-1-23,ml,Inventory,Gel Polish,Cream Collection,,200,10ml,Bottle,,/img/b2b/solid cream/LC-SolidCream-1-23.jpg
LC-SolidCream-1-24,LC-SolidCream-1-24,ml,Inventory,Gel Polish,Cream Collection,,200,10ml,Bottle,,/img/b2b/solid cream/LC-SolidCream-1-24.jpg
LC-SolidCream-1-25,LC-SolidCream-1-25,ml,Inventory,Gel Polish,Cream Collection,,200,10ml,Bottle,,/img/b2b/solid cream/LC-SolidCream-1-25.jpg
LC-SolidCream-1-26,LC-SolidCream-1-26,ml,Inventory,Gel Polish,Cream Collection,,200,10ml,Bottle,,/img/b2b/solid cream/LC-SolidCream-1-26.jpg
LC-SolidCream-1-27,LC-SolidCream-1-27,ml,Inventory,Gel Polish,Cream Collection,,200,10ml,Bottle,,/img/b2b/solid cream/LC-SolidCream-1-27.jpg
LC-SolidCream-1-28,LC-SolidCream-1-28,ml,Inventory,Gel Polish,Cream Collection,,200,10ml,Bottle,,/img/b2b/solid cream/LC-SolidCream-1-28.jpg
LC-SolidCream-1-29,LC-SolidCream-1-29,ml,Inventory,Gel Polish,Cream Collection,,200,10ml,Bottle,,/img/b2b/solid cream/LC-SolidCream-1-29.jpg
LC-SolidCream-1-30,LC-SolidCream-1-30,ml,Inventory,Gel Polish,Cream Collection,,200,10ml,Bottle,,/img/b2b/solid cream/LC-SolidCream-1-30.jpg
LC-SolidCream-1-31,LC-SolidCream-1-31,ml,Inventory,Gel Polish,Cream Collection,,200,10ml,Bottle,,/img/b2b/solid cream/LC-SolidCream-1-31.jpg
LC-SolidCream-1-32,LC-SolidCream-1-32,ml,Inventory,Gel Polish,Cream Collection,,200,10ml,Bottle,,/img/b2b/solid cream/LC-SolidCream-1-32.jpg
LC-SolidCream-1-33,LC-SolidCream-1-33,ml,Inventory,Gel Polish,Cream Collection,,200,10ml,Bottle,,/img/b2b/solid cream/LC-SolidCream-1-33.jpg
LC-SolidCream-1-34,LC-SolidCream-1-34,ml,Inventory,Gel Polish,Cream Collection,,200,10ml,Bottle,,/img/b2b/solid cream/LC-SolidCream-1-34.jpg
LC-SolidCream-1-35,LC-SolidCream-1-35,ml,Inventory,Gel Polish,Cream Collection,,200,10ml,Bottle,,/img/b2b/solid cream/LC-SolidCream-1-35.jpg
LC-SolidCream-1-36,LC-SolidCream-1-36,ml,Inventory,Gel Polish,Cream Collection,,200,10ml,Bottle,,/img/b2b/solid cream/LC-SolidCream-1-36.jpg
LC-SolidCream-1-37,LC-SolidCream-1-37,ml,Inventory,Gel Polish,Cream Collection,,200,10ml,Bottle,,/img/b2b/solid cream/LC-SolidCream-1-37.jpg
LC-SolidCream-1-38,LC-SolidCream-1-38,ml,Inventory,Gel Polish,Cream Collection,,200,10ml,Bottle,,/img/b2b/solid cream/LC-SolidCream-1-38.jpg
LC-SolidCream-1-39,LC-SolidCream-1-39,ml,Inventory,Gel Polish,Cream Collection,,200,10ml,Bottle,,/img/b2b/solid cream/LC-SolidCream-1-39.jpg
LC-SolidCream-1-40,LC-SolidCream-1-40,ml,Inventory,Gel Polish,Cream Collection,,200,10ml,Bottle,,/img/b2b/solid cream/LC-SolidCream-1-40.jpg
LC-SolidCream-1-41,LC-SolidCream-1-41,ml,Inventory,Gel Polish,Cream Collection,,200,10ml,Bottle,,/img/b2b/solid cream/LC-SolidCream-1-41.jpg
LC-SolidCream-1-42,LC-SolidCream-1-42,ml,Inventory,Gel Polish,Cream Collection,,200,10ml,Bottle,,/img/b2b/solid cream/LC-SolidCream-1-42.jpg
LC-SolidCream-1-43,LC-SolidCream-1-43,ml,Inventory,Gel Polish,Cream Collection,,200,10ml,Bottle,,/img/b2b/solid cream/LC-SolidCream-1-43.jpg
LC-SolidCream-1-44,LC-SolidCream-1-44,ml,Inventory,Gel Polish,Cream Collection,,200,10ml,Bottle,,/img/b2b/solid cream/LC-SolidCream-1-44.jpg
LC-SolidCream-1-45,LC-SolidCream-1-45,ml,Inventory,Gel Polish,Cream Collection,,200,10ml,Bottle,,/img/b2b/solid cream/LC-SolidCream-1-45.jpg
LC-SolidCream-1-46,LC-SolidCream-1-46,ml,Inventory,Gel Polish,Cream Collection,,200,10ml,Bottle,,/img/b2b/solid cream/LC-SolidCream-1-46.jpg
LC-SolidCream-1-47,LC-SolidCream-1-47,ml,Inventory,Gel Polish,Cream Collection,,200,10ml,Bottle,,/img/b2b/solid cream/LC-SolidCream-1-47.jpg
LC-SolidCream-1-48,LC-SolidCream-1-48,ml,Inventory,Gel Polish,Cream Collection,,200,10ml,Bottle,,/img/b2b/solid cream/LC-SolidCream-1-48.jpg
LC-SolidCream-1-49,LC-SolidCream-1-49,ml,Inventory,Gel Polish,Cream Collection,,200,10ml,Bottle,,/img/b2b/solid cream/LC-SolidCream-1-49.jpg
LC-SolidCream-1-50,LC-SolidCream-1-50,ml,Inventory,Gel Polish,Cream Collection,,200,10ml,Bottle,,/img/b2b/solid cream/LC-SolidCream-1-50.jpg
LC-SolidCream-1-51,LC-SolidCream-1-51,ml,Inventory,Gel Polish,Cream Collection,,200,10ml,Bottle,,/img/b2b/solid cream/LC-SolidCream-1-51.jpg
LC-SolidCream-1-52,LC-SolidCream-1-52,ml,Inventory,Gel Polish,Cream Collection,,200,10ml,Bottle,,/img/b2b/solid cream/LC-SolidCream-1-52.jpg
LC-PLATGC(3)-01,LC-PLATGC(3)-01,ml,Inventory,Gel Polish,Platinum,,25,10ml,Bottle,,/img/b2b/Platinum/LC-PLATGC(3)-01.webp
LC-PLATGC(3)-02,LC-PLATGC(3)-02,ml,Inventory,Gel Polish,Platinum,,25,10ml,Bottle,,/img/b2b/Platinum/LC-PLATGC(3)-02.webp
LC-PLATGC(3)-03,LC-PLATGC(3)-03,ml,Inventory,Gel Polish,Platinum,,25,10ml,Bottle,,/img/b2b/Platinum/LC-PLATGC(3)-03.webp
LC-PLATGC(3)-04,LC-PLATGC(3)-04,ml,Inventory,Gel Polish,Platinum,,25,10ml,Bottle,,/img/b2b/Platinum/LC-PLATGC(3)-04.webp
LC-PLATGC(3)-05,LC-PLATGC(3)-05,ml,Inventory,Gel Polish,Platinum,,25,10ml,Bottle,,/img/b2b/Platinum/LC-PLATGC(3)-05.webp
LC-PLATGC(3)-06,LC-PLATGC(3)-06,ml,Inventory,Gel Polish,Platinum,,25,10ml,Bottle,,/img/b2b/Platinum/LC-PLATGC(3)-06.webp
LC-PLATGC(3)-07,LC-PLATGC(3)-07,ml,Inventory,Gel Polish,Platinum,,25,10ml,Bottle,,/img/b2b/Platinum/LC-PLATGC(3)-07.webp
LC-PLATGC(3)-08,LC-PLATGC(3)-08,ml,Inventory,Gel Polish,Platinum,,25,10ml,Bottle,,/img/b2b/Platinum/LC-PLATGC(3)-08.webp
LC-PLATGC(3)-09,LC-PLATGC(3)-09,ml,Inventory,Gel Polish,Platinum,,25,10ml,Bottle,,/img/b2b/Platinum/LC-PLATGC(3)-09.webp
LC-PLATGC(3)-10,LC-PLATGC(3)-10,ml,Inventory,Gel Polish,Platinum,,25,10ml,Bottle,,/img/b2b/Platinum/LC-PLATGC(3)-10.webp
LC-PLATGC(3)-11,LC-PLATGC(3)-11,ml,Inventory,Gel Polish,Platinum,,25,10ml,Bottle,,/img/b2b/Platinum/LC-PLATGC(3)-11.webp
LC-PLATGC(3)-12,LC-PLATGC(3)-12,ml,Inventory,Gel Polish,Platinum,,25,10ml,Bottle,,/img/b2b/Platinum/LC-PLATGC(3)-12.webp
LC-PLATGC(3)-13,LC-PLATGC(3)-13,ml,Inventory,Gel Polish,Platinum,,25,10ml,Bottle,,/img/b2b/Platinum/LC-PLATGC(3)-13.webp
LC-PLATGC(3)-14,LC-PLATGC(3)-14,ml,Inventory,Gel Polish,Platinum,,25,10ml,Bottle,,/img/b2b/Platinum/LC-PLATGC(3)-14.webp
LC-PLATGC(3)-15,LC-PLATGC(3)-15,ml,Inventory,Gel Polish,Platinum,,25,10ml,Bottle,,/img/b2b/Platinum/LC-PLATGC(3)-15.webp
LC-PLATGC(3)-16,LC-PLATGC(3)-16,ml,Inventory,Gel Polish,Platinum,,25,10ml,Bottle,,/img/b2b/Platinum/LC-PLATGC(3)-16.webp
LC-PLATGC(3)-17,LC-PLATGC(3)-17,ml,Inventory,Gel Polish,Platinum,,25,10ml,Bottle,,/img/b2b/Platinum/LC-PLATGC(3)-17.webp
LC-PLATGC(3)-18,LC-PLATGC(3)-18,ml,Inventory,Gel Polish,Platinum,,25,10ml,Bottle,,/img/b2b/Platinum/LC-PLATGC(3)-18.webp
LC-PLATGC(3)-19,LC-PLATGC(3)-19,ml,Inventory,Gel Polish,Platinum,,25,10ml,Bottle,,/img/b2b/Platinum/LC-PLATGC(3)-19.webp
LC-PLATGC(3)-20,LC-PLATGC(3)-20,ml,Inventory,Gel Polish,Platinum,,25,10ml,Bottle,,/img/b2b/Platinum/LC-PLATGC(3)-20.webp
LC-PLATGC(5)-01,LC-PLATGC(5)-01,ml,Inventory,Gel Polish,Platinum,,25,10ml,Bottle,,/img/b2b/Platinum/LC-PLATGC(5)-01.webp
LC-PLATGC(5)-02,LC-PLATGC(5)-02,ml,Inventory,Gel Polish,Platinum,,25,10ml,Bottle,,/img/b2b/Platinum/LC-PLATGC(5)-02.webp
LC-PLATGC(5)-03,LC-PLATGC(5)-03,ml,Inventory,Gel Polish,Platinum,,25,10ml,Bottle,,/img/b2b/Platinum/LC-PLATGC(5)-03.webp
LC-PLATGC(5)-04,LC-PLATGC(5)-04,ml,Inventory,Gel Polish,Platinum,,25,10ml,Bottle,,/img/b2b/Platinum/LC-PLATGC(5)-04.webp
LC-PLATGC(5)-05,LC-PLATGC(5)-05,ml,Inventory,Gel Polish,Platinum,,25,10ml,Bottle,,/img/b2b/Platinum/LC-PLATGC(5)-05.webp
LC-PLATGC(5)-06,LC-PLATGC(5)-06,ml,Inventory,Gel Polish,Platinum,,25,10ml,Bottle,,/img/b2b/Platinum/LC-PLATGC(5)-06.webp
LC-PLATGC(5)-07,LC-PLATGC(5)-07,ml,Inventory,Gel Polish,Platinum,,25,10ml,Bottle,,/img/b2b/Platinum/LC-PLATGC(5)-07.webp
LC-PLATGC(5)-08,LC-PLATGC(5)-08,ml,Inventory,Gel Polish,Platinum,,25,10ml,Bottle,,/img/b2b/Platinum/LC-PLATGC(5)-08.webp
LC-PLATGC(5)-09,LC-PLATGC(5)-09,ml,Inventory,Gel Polish,Platinum,,25,10ml,Bottle,,/img/b2b/Platinum/LC-PLATGC(5)-09.webp
LC-PLATGC(5)-10,LC-PLATGC(5)-10,ml,Inventory,Gel Polish,Platinum,,25,10ml,Bottle,,/img/b2b/Platinum/LC-PLATGC(5)-10.webp
LC-PLATGC(5)-11,LC-PLATGC(5)-11,ml,Inventory,Gel Polish,Platinum,,25,10ml,Bottle,,/img/b2b/Platinum/LC-PLATGC(5)-11.webp
LC-PLATGC(5)-12,LC-PLATGC(5)-12,ml,Inventory,Gel Polish,Platinum,,25,10ml,Bottle,,/img/b2b/Platinum/LC-PLATGC(5)-12.webp
LC-PLATGC(5)-13,LC-PLATGC(5)-13,ml,Inventory,Gel Polish,Platinum,,25,10ml,Bottle,,/img/b2b/Platinum/LC-PLATGC(5)-13.webp
LC-PLATGC(5)-14,LC-PLATGC(5)-14,ml,Inventory,Gel Polish,Platinum,,25,10ml,Bottle,,/img/b2b/Platinum/LC-PLATGC(5)-14.webp
LC-PLATGC(5)-15,LC-PLATGC(5)-15,ml,Inventory,Gel Polish,Platinum,,25,10ml,Bottle,,/img/b2b/Platinum/LC-PLATGC(5)-15.webp
LC-PLATGC(5)-16,LC-PLATGC(5)-16,ml,Inventory,Gel Polish,Platinum,,25,10ml,Bottle,,/img/b2b/Platinum/LC-PLATGC(5)-16.webp
LC-PLATGC(5)-17,LC-PLATGC(5)-17,ml,Inventory,Gel Polish,Platinum,,25,10ml,Bottle,,/img/b2b/Platinum/LC-PLATGC(5)-17.webp
LC-PLATGC(5)-18,LC-PLATGC(5)-18,ml,Inventory,Gel Polish,Platinum,,25,10ml,Bottle,,/img/b2b/Platinum/LC-PLATGC(5)-18.webp
LC-PLATGC(5)-19,LC-PLATGC(5)-19,ml,Inventory,Gel Polish,Platinum,,25,10ml,Bottle,,/img/b2b/Platinum/LC-PLATGC(5)-19.webp
LC-PLATGC(5)-20,LC-PLATGC(5)-20,ml,Inventory,Gel Polish,Platinum,,25,10ml,Bottle,,/img/b2b/Platinum/LC-PLATGC(5)-20.webp
LC-PLATGC(5)-21,LC-PLATGC(5)-21,ml,Inventory,Gel Polish,Platinum,,25,10ml,Bottle,,/img/b2b/Platinum/LC-PLATGC(5)-21.webp
LC-PLATGC(5)-22,LC-PLATGC(5)-22,ml,Inventory,Gel Polish,Platinum,,25,10ml,Bottle,,/img/b2b/Platinum/LC-PLATGC(5)-22.webp
LC-PLATGC(5)-23,LC-PLATGC(5)-23,ml,Inventory,Gel Polish,Platinum,,25,10ml,Bottle,,/img/b2b/Platinum/LC-PLATGC(5)-23.webp
LC-PLATGC(5)-24,LC-PLATGC(5)-24,ml,Inventory,Gel Polish,Platinum,,25,10ml,Bottle,,/img/b2b/Platinum/LC-PLATGC(5)-24.webp
LC-PLATGC(5)-25,LC-PLATGC(5)-25,ml,Inventory,Gel Polish,Platinum,,25,10ml,Bottle,,/img/b2b/Platinum/LC-PLATGC(5)-25.webp
LC-PLATGC(5)-26,LC-PLATGC(5)-26,ml,Inventory,Gel Polish,Platinum,,25,10ml,Bottle,,/img/b2b/Platinum/LC-PLATGC(5)-26.webp
LC-PLATGC(5)-27,LC-PLATGC(5)-27,ml,Inventory,Gel Polish,Platinum,,25,10ml,Bottle,,/img/b2b/Platinum/LC-PLATGC(5)-27.webp
LC-PLATGC(5)-28,LC-PLATGC(5)-28,ml,Inventory,Gel Polish,Platinum,,25,10ml,Bottle,,/img/b2b/Platinum/LC-PLATGC(5)-28.webp
LC-PLATGC(5)-29,LC-PLATGC(5)-29,ml,Inventory,Gel Polish,Platinum,,25,10ml,Bottle,,/img/b2b/Platinum/LC-PLATGC(5)-29.webp
LC-PLATGC(5)-30,LC-PLATGC(5)-30,ml,Inventory,Gel Polish,Platinum,,25,10ml,Bottle,,/img/b2b/Platinum/LC-PLATGC(5)-30.webp
LC-PLATGC(5)-31,LC-PLATGC(5)-31,ml,Inventory,Gel Polish,Platinum,,25,10ml,Bottle,,/img/b2b/Platinum/LC-PLATGC(5)-31.webp
LC-PLATGC(5)-32,LC-PLATGC(5)-32,ml,Inventory,Gel Polish,Platinum,,25,10ml,Bottle,,/img/b2b/Platinum/LC-PLATGC(5)-32.webp
LC-PLATGC(5)-33,LC-PLATGC(5)-33,ml,Inventory,Gel Polish,Platinum,,25,10ml,Bottle,,/img/b2b/Platinum/LC-PLATGC(5)-33.webp
LC-PLATGC(5)-34,LC-PLATGC(5)-34,ml,Inventory,Gel Polish,Platinum,,25,10ml,Bottle,,/img/b2b/Platinum/LC-PLATGC(5)-34.webp
LC-PLATGC(5)-35,LC-PLATGC(5)-35,ml,Inventory,Gel Polish,Platinum,,25,10ml,Bottle,,/img/b2b/Platinum/LC-PLATGC(5)-35.webp
LC-PLATGC(5)-36,LC-PLATGC(5)-36,ml,Inventory,Gel Polish,Platinum,,25,10ml,Bottle,,/img/b2b/Platinum/LC-PLATGC(5)-36.webp
LC-PLATGC(5)-37,LC-PLATGC(5)-37,ml,Inventory,Gel Polish,Platinum,,25,10ml,Bottle,,/img/b2b/Platinum/LC-PLATGC(5)-37.webp
LC-PLATGC(5)-38,LC-PLATGC(5)-38,ml,Inventory,Gel Polish,Platinum,,25,10ml,Bottle,,/img/b2b/Platinum/LC-PLATGC(5)-38.webp
LC-PLATGC(5)-39,LC-PLATGC(5)-39,ml,Inventory,Gel Polish,Platinum,,25,10ml,Bottle,,/img/b2b/Platinum/LC-PLATGC(5)-39.webp
LC-PLATGC(5)-40,LC-PLATGC(5)-40,ml,Inventory,Gel Polish,Platinum,,25,10ml,Bottle,,/img/b2b/Platinum/LC-PLATGC(5)-40.webp
LC-PLATGC(5)-41,LC-PLATGC(5)-41,ml,Inventory,Gel Polish,Platinum,,25,10ml,Bottle,,/img/b2b/Platinum/LC-PLATGC(5)-41.webp
LC-PLATGC(5)-42,LC-PLATGC(5)-42,ml,Inventory,Gel Polish,Platinum,,25,10ml,Bottle,,/img/b2b/Platinum/LC-PLATGC(5)-42.webp
LC-PLATGC(5)-43,LC-PLATGC(5)-43,ml,Inventory,Gel Polish,Platinum,,25,10ml,Bottle,,/img/b2b/Platinum/LC-PLATGC(5)-43.webp
LC-PLATGC(5)-44,LC-PLATGC(5)-44,ml,Inventory,Gel Polish,Platinum,,25,10ml,Bottle,,/img/b2b/Platinum/LC-PLATGC(5)-44.webp
LC-PLATGC(5)-45,LC-PLATGC(5)-45,ml,Inventory,Gel Polish,Platinum,,25,10ml,Bottle,,/img/b2b/Platinum/LC-PLATGC(5)-45.webp
LC-PLATGC(5)-46,LC-PLATGC(5)-46,ml,Inventory,Gel Polish,Platinum,,25,10ml,Bottle,,/img/b2b/Platinum/LC-PLATGC(5)-46.webp
LC-PLATGC(5)-47,LC-PLATGC(5)-47,ml,Inventory,Gel Polish,Platinum,,25,10ml,Bottle,,/img/b2b/Platinum/LC-PLATGC(5)-47.webp
LC-PLATGC(5)-48,LC-PLATGC(5)-48,ml,Inventory,Gel Polish,Platinum,,25,10ml,Bottle,,/img/b2b/Platinum/LC-PLATGC(5)-48.webp
LC-GP-0001,LC-GP-0001,ml,Inventory,Gel Polish,Solid Colours,,25,10ml,Bottle,,/img/b2b/solid-colours/LC-GP-0001.webp
LC-GP-0002,LC-GP-0002,ml,Inventory,Gel Polish,Solid Colours,,25,10ml,Bottle,,/img/b2b/solid-colours/LC-GP-0002.webp
LC-GP-0003,LC-GP-0003,ml,Inventory,Gel Polish,Solid Colours,,25,10ml,Bottle,,/img/b2b/solid-colours/LC-GP-0003.webp
LC-GP-0004,LC-GP-0004,ml,Inventory,Gel Polish,Solid Colours,,25,10ml,Bottle,,/img/b2b/solid-colours/LC-GP-0004.webp
LC-GP-0005,LC-GP-0005,ml,Inventory,Gel Polish,Solid Colours,,25,10ml,Bottle,,/img/b2b/solid-colours/LC-GP-0005.webp
LC-GP-0006,LC-GP-0006,ml,Inventory,Gel Polish,Solid Colours,,25,10ml,Bottle,,/img/b2b/solid-colours/LC-GP-0006.webp
LC-GP-0007,LC-GP-0007,ml,Inventory,Gel Polish,Solid Colours,,25,10ml,Bottle,,/img/b2b/solid-colours/LC-GP-0007.webp
LC-GP-0008,LC-GP-0008,ml,Inventory,Gel Polish,Solid Colours,,25,10ml,Bottle,,/img/b2b/solid-colours/LC-GP-0008.webp
LC-GP-0009,LC-GP-0009,ml,Inventory,Gel Polish,Solid Colours,,25,10ml,Bottle,,/img/b2b/solid-colours/LC-GP-0009.webp
LC-GP-0010,LC-GP-0010,ml,Inventory,Gel Polish,Solid Colours,,25,10ml,Bottle,,/img/b2b/solid-colours/LC-GP-0010.webp
LC-GP-0011,LC-GP-0011,ml,Inventory,Gel Polish,Solid Colours,,25,10ml,Bottle,,/img/b2b/solid-colours/LC-GP-0011.webp
LC-GP-0012,LC-GP-0012,ml,Inventory,Gel Polish,Solid Colours,,25,10ml,Bottle,,/img/b2b/solid-colours/LC-GP-0012.webp
LC-GP-0013,LC-GP-0013,ml,Inventory,Gel Polish,Solid Colours,,25,10ml,Bottle,,/img/b2b/solid-colours/LC-GP-0013.webp
LC-GP-0014,LC-GP-0014,ml,Inventory,Gel Polish,Solid Colours,,25,10ml,Bottle,,/img/b2b/solid-colours/LC-GP-0014.webp
LC-GP-0015,LC-GP-0015,ml,Inventory,Gel Polish,Solid Colours,,25,10ml,Bottle,,/img/b2b/solid-colours/LC-GP-0015.webp
LC-GP-0016,LC-GP-0016,ml,Inventory,Gel Polish,Solid Colours,,25,10ml,Bottle,,/img/b2b/solid-colours/LC-GP-0016.webp
LC-GP-0017,LC-GP-0017,ml,Inventory,Gel Polish,Solid Colours,,25,10ml,Bottle,,/img/b2b/solid-colours/LC-GP-0017.webp
LC-GP-0018,LC-GP-0018,ml,Inventory,Gel Polish,Solid Colours,,25,10ml,Bottle,,/img/b2b/solid-colours/LC-GP-0018.webp
LC-GP-0019,LC-GP-0019,ml,Inventory,Gel Polish,Solid Colours,,25,10ml,Bottle,,/img/b2b/solid-colours/LC-GP-0019.webp
LC-GP-0020,LC-GP-0020,ml,Inventory,Gel Polish,Solid Colours,,25,10ml,Bottle,,/img/b2b/solid-colours/LC-GP-0020.webp
LC-GP-0021,LC-GP-0021,ml,Inventory,Gel Polish,Solid Colours,,25,10ml,Bottle,,/img/b2b/solid-colours/LC-GP-0021.webp
LC-GP-0022,LC-GP-0022,ml,Inventory,Gel Polish,Solid Colours,,25,10ml,Bottle,,/img/b2b/solid-colours/LC-GP-0022.webp
LC-GP-0023,LC-GP-0023,ml,Inventory,Gel Polish,Solid Colours,,25,10ml,Bottle,,/img/b2b/solid-colours/LC-GP-0023.webp
LC-GP-0024,LC-GP-0024,ml,Inventory,Gel Polish,Solid Colours,,25,10ml,Bottle,,/img/b2b/solid-colours/LC-GP-0024.webp
LC-GP-0025,LC-GP-0025,ml,Inventory,Gel Polish,Solid Colours,,25,10ml,Bottle,,/img/b2b/solid-colours/LC-GP-0025.webp
LC-GP-0026,LC-GP-0026,ml,Inventory,Gel Polish,Solid Colours,,25,10ml,Bottle,,/img/b2b/solid-colours/LC-GP-0026.webp
LC-GP-0027,LC-GP-0027,ml,Inventory,Gel Polish,Solid Colours,,25,10ml,Bottle,,/img/b2b/solid-colours/LC-GP-0027.webp
LC-GP-0028,LC-GP-0028,ml,Inventory,Gel Polish,Solid Colours,,25,10ml,Bottle,,/img/b2b/solid-colours/LC-GP-0028.webp
LC-GP-0029,LC-GP-0029,ml,Inventory,Gel Polish,Solid Colours,,25,10ml,Bottle,,/img/b2b/solid-colours/LC-GP-0029.webp
LC-GP-0030,LC-GP-0030,ml,Inventory,Gel Polish,Solid Colours,,25,10ml,Bottle,,/img/b2b/solid-colours/LC-GP-0030.webp
LC-GP-0031,LC-GP-0031,ml,Inventory,Gel Polish,Solid Colours,,25,10ml,Bottle,,/img/b2b/solid-colours/LC-GP-0031.webp
LC-GP-0032,LC-GP-0032,ml,Inventory,Gel Polish,Solid Colours,,25,10ml,Bottle,,/img/b2b/solid-colours/LC-GP-0032.webp
LC-GP-0033,LC-GP-0033,ml,Inventory,Gel Polish,Solid Colours,,25,10ml,Bottle,,/img/b2b/solid-colours/LC-GP-0033.webp
LC-GP-0034,LC-GP-0034,ml,Inventory,Gel Polish,Solid Colours,,25,10ml,Bottle,,/img/b2b/solid-colours/LC-GP-0034.webp
LC-GP-0035,LC-GP-0035,ml,Inventory,Gel Polish,Solid Colours,,25,10ml,Bottle,,/img/b2b/solid-colours/LC-GP-0035.webp
LC-GP-0036,LC-GP-0036,ml,Inventory,Gel Polish,Solid Colours,,25,10ml,Bottle,,/img/b2b/solid-colours/LC-GP-0036.webp
LC-GP-0037,LC-GP-0037,ml,Inventory,Gel Polish,Solid Colours,,25,10ml,Bottle,,/img/b2b/solid-colours/LC-GP-0037.webp
LC-GP-0038,LC-GP-0038,ml,Inventory,Gel Polish,Solid Colours,,25,10ml,Bottle,,/img/b2b/solid-colours/LC-GP-0038.webp
LC-GP-0039,LC-GP-0039,ml,Inventory,Gel Polish,Solid Colours,,25,10ml,Bottle,,/img/b2b/solid-colours/LC-GP-0039.webp
LC-GP-0040,LC-GP-0040,ml,Inventory,Gel Polish,Solid Colours,,25,10ml,Bottle,,/img/b2b/solid-colours/LC-GP-0040.webp
LC-GP-0041,LC-GP-0041,ml,Inventory,Gel Polish,Solid Colours,,25,10ml,Bottle,,/img/b2b/solid-colours/LC-GP-0041.webp
LC-GP-0042,LC-GP-0042,ml,Inventory,Gel Polish,Solid Colours,,25,10ml,Bottle,,/img/b2b/solid-colours/LC-GP-0042.webp
LC-GP-0043,LC-GP-0043,ml,Inventory,Gel Polish,Solid Colours,,25,10ml,Bottle,,/img/b2b/solid-colours/LC-GP-0043.webp
LC-GP-0044,LC-GP-0044,ml,Inventory,Gel Polish,Solid Colours,,25,10ml,Bottle,,/img/b2b/solid-colours/LC-GP-0044.webp
LC-GP-0045,LC-GP-0045,ml,Inventory,Gel Polish,Solid Colours,,25,10ml,Bottle,,/img/b2b/solid-colours/LC-GP-0045.webp
LC-GP-0046,LC-GP-0046,ml,Inventory,Gel Polish,Solid Colours,,25,10ml,Bottle,,/img/b2b/solid-colours/LC-GP-0046.webp
LC-GP-0047,LC-GP-0047,ml,Inventory,Gel Polish,Solid Colours,,25,10ml,Bottle,,/img/b2b/solid-colours/LC-GP-0047.webp
LC-GP-0048,LC-GP-0048,ml,Inventory,Gel Polish,Solid Colours,,25,10ml,Bottle,,/img/b2b/solid-colours/LC-GP-0048.webp
LC-GP-0049,LC-GP-0049,ml,Inventory,Gel Polish,Solid Colours,,25,10ml,Bottle,,/img/b2b/solid-colours/LC-GP-0049.webp
LC-GP-0050,LC-GP-0050,ml,Inventory,Gel Polish,Solid Colours,,25,10ml,Bottle,,/img/b2b/solid-colours/LC-GP-0050.webp
LC-GP-0051,LC-GP-0051,ml,Inventory,Gel Polish,Solid Colours,,25,10ml,Bottle,,/img/b2b/solid-colours/LC-GP-0051.webp
LC-GP-0052,LC-GP-0052,ml,Inventory,Gel Polish,Solid Colours,,25,10ml,Bottle,,/img/b2b/solid-colours/LC-GP-0052.webp
LC-GP-0053,LC-GP-0053,ml,Inventory,Gel Polish,Solid Colours,,25,10ml,Bottle,,/img/b2b/solid-colours/LC-GP-0053.webp
LC-GP-0054,LC-GP-0054,ml,Inventory,Gel Polish,Solid Colours,,25,10ml,Bottle,,/img/b2b/solid-colours/LC-GP-0054.webp
LC-GP-0055,LC-GP-0055,ml,Inventory,Gel Polish,Solid Colours,,25,10ml,Bottle,,/img/b2b/solid-colours/LC-GP-0055.webp
LC-GP-0056,LC-GP-0056,ml,Inventory,Gel Polish,Solid Colours,,25,10ml,Bottle,,/img/b2b/solid-colours/LC-GP-0056.webp
LC-GP-0057,LC-GP-0057,ml,Inventory,Gel Polish,Solid Colours,,25,10ml,Bottle,,/img/b2b/solid-colours/LC-GP-0057.webp
LC-GP-0058,LC-GP-0058,ml,Inventory,Gel Polish,Solid Colours,,25,10ml,Bottle,,/img/b2b/solid-colours/LC-GP-0058.webp
LC-GP-0059,LC-GP-0059,ml,Inventory,Gel Polish,Solid Colours,,25,10ml,Bottle,,/img/b2b/solid-colours/LC-GP-0059.webp
LC-GP-0060,LC-GP-0060,ml,Inventory,Gel Polish,Solid Colours,,25,10ml,Bottle,,/img/b2b/solid-colours/LC-GP-0060.webp
LC-GP-0061,LC-GP-0061,ml,Inventory,Gel Polish,Solid Colours,,25,10ml,Bottle,,/img/b2b/solid-colours/LC-GP-0061.webp
LC-GP-0062,LC-GP-0062,ml,Inventory,Gel Polish,Solid Colours,,25,10ml,Bottle,,/img/b2b/solid-colours/LC-GP-0062.webp
LC-GP-0063,LC-GP-0063,ml,Inventory,Gel Polish,Solid Colours,,25,10ml,Bottle,,/img/b2b/solid-colours/LC-GP-0063.webp
LC-GP-0064,LC-GP-0064,ml,Inventory,Gel Polish,Solid Colours,,25,10ml,Bottle,,/img/b2b/solid-colours/LC-GP-0064.webp
LC-GP-0065,LC-GP-0065,ml,Inventory,Gel Polish,Solid Colours,,25,10ml,Bottle,,/img/b2b/solid-colours/LC-GP-0065.webp
LC-GP-0066,LC-GP-0066,ml,Inventory,Gel Polish,Solid Colours,,25,10ml,Bottle,,/img/b2b/solid-colours/LC-GP-0066.webp
LC-GP-0067,LC-GP-0067,ml,Inventory,Gel Polish,Solid Colours,,25,10ml,Bottle,,/img/b2b/solid-colours/LC-GP-0067.webp
LC-GP-0068,LC-GP-0068,ml,Inventory,Gel Polish,Solid Colours,,25,10ml,Bottle,,/img/b2b/solid-colours/LC-GP-0068.webp
LC-GP-0069,LC-GP-0069,ml,Inventory,Gel Polish,Solid Colours,,25,10ml,Bottle,,/img/b2b/solid-colours/LC-GP-0069.webp
LC-GP-0070,LC-GP-0070,ml,Inventory,Gel Polish,Solid Colours,,25,10ml,Bottle,,/img/b2b/solid-colours/LC-GP-0070.webp
LC-GP-0071,LC-GP-0071,ml,Inventory,Gel Polish,Solid Colours,,25,10ml,Bottle,,/img/b2b/solid-colours/LC-GP-0071.webp
LC-GP-0072,LC-GP-0072,ml,Inventory,Gel Polish,Solid Colours,,25,10ml,Bottle,,/img/b2b/solid-colours/LC-GP-0072.webp
LC-GP-0073,LC-GP-0073,ml,Inventory,Gel Polish,Solid Colours,,25,10ml,Bottle,,/img/b2b/solid-colours/LC-GP-0073.webp
LC-GP-0074,LC-GP-0074,ml,Inventory,Gel Polish,Solid Colours,,25,10ml,Bottle,,/img/b2b/solid-colours/LC-GP-0074.webp
LC-GP-0075,LC-GP-0075,ml,Inventory,Gel Polish,Solid Colours,,25,10ml,Bottle,,/img/b2b/solid-colours/LC-GP-0075.webp
LC-GP-0076,LC-GP-0076,ml,Inventory,Gel Polish,Solid Colours,,25,10ml,Bottle,,/img/b2b/solid-colours/LC-GP-0076.webp
LC-GP-0077,LC-GP-0077,ml,Inventory,Gel Polish,Solid Colours,,25,10ml,Bottle,,/img/b2b/solid-colours/LC-GP-0077.webp
LC-GP-0078,LC-GP-0078,ml,Inventory,Gel Polish,Solid Colours,,25,10ml,Bottle,,/img/b2b/solid-colours/LC-GP-0078.webp
LC-GP-0079,LC-GP-0079,ml,Inventory,Gel Polish,Solid Colours,,25,10ml,Bottle,,/img/b2b/solid-colours/LC-GP-0079.webp
LC-GP-0080,LC-GP-0080,ml,Inventory,Gel Polish,Solid Colours,,25,10ml,Bottle,,/img/b2b/solid-colours/LC-GP-0080.webp
LC-GP-0081,LC-GP-0081,ml,Inventory,Gel Polish,Solid Colours,,25,10ml,Bottle,,/img/b2b/solid-colours/LC-GP-0081.webp
LC-GP-0082,LC-GP-0082,ml,Inventory,Gel Polish,Solid Colours,,25,10ml,Bottle,,/img/b2b/solid-colours/LC-GP-0082.webp
LC-GP-0083,LC-GP-0083,ml,Inventory,Gel Polish,Solid Colours,,25,10ml,Bottle,,/img/b2b/solid-colours/LC-GP-0083.webp
LC-GP-0084,LC-GP-0084,ml,Inventory,Gel Polish,Solid Colours,,25,10ml,Bottle,,/img/b2b/solid-colours/LC-GP-0084.webp
LC-GP-0085,LC-GP-0085,ml,Inventory,Gel Polish,Solid Colours,,25,10ml,Bottle,,/img/b2b/solid-colours/LC-GP-0085.webp
LC-GP-0086,LC-GP-0086,ml,Inventory,Gel Polish,Solid Colours,,25,10ml,Bottle,,/img/b2b/solid-colours/LC-GP-0086.webp
LC-GP-0087,LC-GP-0087,ml,Inventory,Gel Polish,Solid Colours,,25,10ml,Bottle,,/img/b2b/solid-colours/LC-GP-0087.webp
LC-GP-0088,LC-GP-0088,ml,Inventory,Gel Polish,Solid Colours,,25,10ml,Bottle,,/img/b2b/solid-colours/LC-GP-0088.webp
LC-GP-0089,LC-GP-0089,ml,Inventory,Gel Polish,Solid Colours,,25,10ml,Bottle,,/img/b2b/solid-colours/LC-GP-0089.webp
LC-GP-0090,LC-GP-0090,ml,Inventory,Gel Polish,Solid Colours,,25,10ml,Bottle,,/img/b2b/solid-colours/LC-GP-0090.webp
LC-GP-0091,LC-GP-0091,ml,Inventory,Gel Polish,Solid Colours,,25,10ml,Bottle,,/img/b2b/solid-colours/LC-GP-0091.webp
LC-GP-0092,LC-GP-0092,ml,Inventory,Gel Polish,Solid Colours,,25,10ml,Bottle,,/img/b2b/solid-colours/LC-GP-0092.webp
LC-GP-0093,LC-GP-0093,ml,Inventory,Gel Polish,Solid Colours,,25,10ml,Bottle,,/img/b2b/solid-colours/LC-GP-0093.webp
LC-GP-0094,LC-GP-0094,ml,Inventory,Gel Polish,Solid Colours,,25,10ml,Bottle,,/img/b2b/solid-colours/LC-GP-0094.webp
LC-GP-0095,LC-GP-0095,ml,Inventory,Gel Polish,Solid Colours,,25,10ml,Bottle,,/img/b2b/solid-colours/LC-GP-0095.webp
LC-GP-0096,LC-GP-0096,ml,Inventory,Gel Polish,Solid Colours,,25,10ml,Bottle,,/img/b2b/solid-colours/LC-GP-0096.webp
LC-GP-0097,LC-GP-0097,ml,Inventory,Gel Polish,Solid Colours,,25,10ml,Bottle,,/img/b2b/solid-colours/LC-GP-0097.webp
LC-GP-0098,LC-GP-0098,ml,Inventory,Gel Polish,Solid Colours,,25,10ml,Bottle,,/img/b2b/solid-colours/LC-GP-0098.webp
LC-GP-0099,LC-GP-0099,ml,Inventory,Gel Polish,Solid Colours,,25,10ml,Bottle,,/img/b2b/solid-colours/LC-GP-0099.webp
LC-GP-00100,LC-GP-00100,ml,Inventory,Gel Polish,Solid Colours,,25,10ml,Bottle,,/img/b2b/solid-colours/LC-GP-00100.webp
LC-GP-0100,LC-GP-0100,ml,Inventory,Gel Polish,Solid Colours,Colour: #C04058,25,10ml,Bottle,#C04058,
LC-GP-00101,LC-GP-00101,ml,Inventory,Gel Polish,Solid Colours,,25,10ml,Bottle,,/img/b2b/solid-colours/LC-GP-00101.webp
LC-GP-0101,LC-GP-0101,ml,Inventory,Gel Polish,Solid Colours,Colour: #C83050,25,10ml,Bottle,#C83050,
LC-GP-00102,LC-GP-00102,ml,Inventory,Gel Polish,Solid Colours,,25,10ml,Bottle,,/img/b2b/solid-colours/LC-GP-00102.webp
LC-GP-0102,LC-GP-0102,ml,Inventory,Gel Polish,Solid Colours,Colour: #B83048,25,10ml,Bottle,#B83048,
LC-GP-00103,LC-GP-00103,ml,Inventory,Gel Polish,Solid Colours,,25,10ml,Bottle,,/img/b2b/solid-colours/LC-GP-00103.webp
LC-GP-0103,LC-GP-0103,ml,Inventory,Gel Polish,Solid Colours,Colour: #C02838,25,10ml,Bottle,#C02838,
LC-GP-00104,LC-GP-00104,ml,Inventory,Gel Polish,Solid Colours,,25,10ml,Bottle,,/img/b2b/solid-colours/LC-GP-00104.webp
LC-GP-0104,LC-GP-0104,ml,Inventory,Gel Polish,Solid Colours,Colour: #C02038,25,10ml,Bottle,#C02038,
LC-GP-00105,LC-GP-00105,ml,Inventory,Gel Polish,Solid Colours,,25,10ml,Bottle,,/img/b2b/solid-colours/LC-GP-00105.webp
LC-GP-0105,LC-GP-0105,ml,Inventory,Gel Polish,Solid Colours,Colour: #C02040,25,10ml,Bottle,#C02040,
LC-GP-00106,LC-GP-00106,ml,Inventory,Gel Polish,Solid Colours,,25,10ml,Bottle,,/img/b2b/solid-colours/LC-GP-00106.webp
LC-GP-0106,LC-GP-0106,ml,Inventory,Gel Polish,Solid Colours,Colour: #C02840,25,10ml,Bottle,#C02840,
LC-GP-00107,LC-GP-00107,ml,Inventory,Gel Polish,Solid Colours,,25,10ml,Bottle,,/img/b2b/solid-colours/LC-GP-00107.webp
LC-GP-0107,LC-GP-0107,ml,Inventory,Gel Polish,Solid Colours,Colour: #C02848,25,10ml,Bottle,#C02848,
LC-GP-00108,LC-GP-00108,ml,Inventory,Gel Polish,Solid Colours,,25,10ml,Bottle,,/img/b2b/solid-colours/LC-GP-00108.webp
LC-GP-0108,LC-GP-0108,ml,Inventory,Gel Polish,Solid Colours,Colour: #D03858,25,10ml,Bottle,#D03858,
LC-GP-00109,LC-GP-00109,ml,Inventory,Gel Polish,Solid Colours,,25,10ml,Bottle,,/img/b2b/solid-colours/LC-GP-00109.webp
LC-GP-0109,LC-GP-0109,ml,Inventory,Gel Polish,Solid Colours,Colour: #D01040,25,10ml,Bottle,#D01040,
LC-GP-00110,LC-GP-00110,ml,Inventory,Gel Polish,Solid Colours,,25,10ml,Bottle,,/img/b2b/solid-colours/LC-GP-00110.webp
LC-GP-0110,LC-GP-0110,ml,Inventory,Gel Polish,Solid Colours,Colour: #B01828,25,10ml,Bottle,#B01828,
LC-GP-00111,LC-GP-00111,ml,Inventory,Gel Polish,Solid Colours,,25,10ml,Bottle,,/img/b2b/solid-colours/LC-GP-00111.webp
LC-GP-0111,LC-GP-0111,ml,Inventory,Gel Polish,Solid Colours,Colour: #C02030,25,10ml,Bottle,#C02030,
LC-GP-00112,LC-GP-00112,ml,Inventory,Gel Polish,Solid Colours,,25,10ml,Bottle,,/img/b2b/solid-colours/LC-GP-00112.webp
LC-GP-0112,LC-GP-0112,ml,Inventory,Gel Polish,Solid Colours,Colour: #C02030,25,10ml,Bottle,#C02030,
LC-GP-00113,LC-GP-00113,ml,Inventory,Gel Polish,Solid Colours,,25,10ml,Bottle,,/img/b2b/solid-colours/LC-GP-00113.webp
LC-GP-0113,LC-GP-0113,ml,Inventory,Gel Polish,Solid Colours,Colour: #B03038,25,10ml,Bottle,#B03038,
LC-GP-00114,LC-GP-00114,ml,Inventory,Gel Polish,Solid Colours,,25,10ml,Bottle,,/img/b2b/solid-colours/LC-GP-00114.webp
LC-GP-0114,LC-GP-0114,ml,Inventory,Gel Polish,Solid Colours,Colour: #A02830,25,10ml,Bottle,#A02830,
LC-GP-00115,LC-GP-00115,ml,Inventory,Gel Polish,Solid Colours,,25,10ml,Bottle,,/img/b2b/solid-colours/LC-GP-00115.webp
LC-GP-0115,LC-GP-0115,ml,Inventory,Gel Polish,Solid Colours,Colour: #A02838,25,10ml,Bottle,#A02838,
LC-GP-00116,LC-GP-00116,ml,Inventory,Gel Polish,Solid Colours,,25,10ml,Bottle,,/img/b2b/solid-colours/LC-GP-00116.webp
LC-GP-0116,LC-GP-0116,ml,Inventory,Gel Polish,Solid Colours,Colour: #901020,25,10ml,Bottle,#901020,
LC-GP-00117,LC-GP-00117,ml,Inventory,Gel Polish,Solid Colours,,25,10ml,Bottle,,/img/b2b/solid-colours/LC-GP-00117.webp
LC-GP-0117,LC-GP-0117,ml,Inventory,Gel Polish,Solid Colours,Colour: #882030,25,10ml,Bottle,#882030,
LC-GP-00118,LC-GP-00118,ml,Inventory,Gel Polish,Solid Colours,,25,10ml,Bottle,,/img/b2b/solid-colours/LC-GP-00118.webp
LC-GP-0118,LC-GP-0118,ml,Inventory,Gel Polish,Solid Colours,Colour: #981830,25,10ml,Bottle,#981830,
LC-GP-00119,LC-GP-00119,ml,Inventory,Gel Polish,Solid Colours,,25,10ml,Bottle,,/img/b2b/solid-colours/LC-GP-00119.webp
LC-GP-0119,LC-GP-0119,ml,Inventory,Gel Polish,Solid Colours,Colour: #981820,25,10ml,Bottle,#981820,
LC-GP-00120,LC-GP-00120,ml,Inventory,Gel Polish,Solid Colours,,25,10ml,Bottle,,/img/b2b/solid-colours/LC-GP-00120.webp
LC-GP-0120,LC-GP-0120,ml,Inventory,Gel Polish,Solid Colours,Colour: #C81048,25,10ml,Bottle,#C81048,
LC-GP-00121,LC-GP-00121,ml,Inventory,Gel Polish,Solid Colours,,25,10ml,Bottle,,/img/b2b/solid-colours/LC-GP-00121.webp
LC-GP-0121,LC-GP-0121,ml,Inventory,Gel Polish,Solid Colours,Colour: #B01010,25,10ml,Bottle,#B01010,
LC-GP-00122,LC-GP-00122,ml,Inventory,Gel Polish,Solid Colours,,25,10ml,Bottle,,/img/b2b/solid-colours/LC-GP-00122.webp
LC-GP-0122,LC-GP-0122,ml,Inventory,Gel Polish,Solid Colours,Colour: #B01018,25,10ml,Bottle,#B01018,
LC-GP-00123,LC-GP-00123,ml,Inventory,Gel Polish,Solid Colours,,25,10ml,Bottle,,/img/b2b/solid-colours/LC-GP-00123.webp
LC-GP-0123,LC-GP-0123,ml,Inventory,Gel Polish,Solid Colours,Colour: #901820,25,10ml,Bottle,#901820,
LC-GP-00124,LC-GP-00124,ml,Inventory,Gel Polish,Solid Colours,,25,10ml,Bottle,,/img/b2b/solid-colours/LC-GP-00124.webp
LC-GP-0124,LC-GP-0124,ml,Inventory,Gel Polish,Solid Colours,Colour: #581828,25,10ml,Bottle,#581828,
LC-GP-00125,LC-GP-00125,ml,Inventory,Gel Polish,Solid Colours,,25,10ml,Bottle,,/img/b2b/solid-colours/LC-GP-00125.webp
LC-GP-0125,LC-GP-0125,ml,Inventory,Gel Polish,Solid Colours,Colour: #501820,25,10ml,Bottle,#501820,
LC-GP-00126,LC-GP-00126,ml,Inventory,Gel Polish,Solid Colours,,25,10ml,Bottle,,/img/b2b/solid-colours/LC-GP-00126.webp
LC-GP-0126,LC-GP-0126,ml,Inventory,Gel Polish,Solid Colours,Colour: #B01820,25,10ml,Bottle,#B01820,
LC-GP-00127,LC-GP-00127,ml,Inventory,Gel Polish,Solid Colours,,25,10ml,Bottle,,/img/b2b/solid-colours/LC-GP-00127.webp
LC-GP-0127,LC-GP-0127,ml,Inventory,Gel Polish,Solid Colours,Colour: #C01820,25,10ml,Bottle,#C01820,
LC-GP-00128,LC-GP-00128,ml,Inventory,Gel Polish,Solid Colours,,25,10ml,Bottle,,/img/b2b/solid-colours/LC-GP-00128.webp
LC-GP-0128,LC-GP-0128,ml,Inventory,Gel Polish,Solid Colours,Colour: #C81820,25,10ml,Bottle,#C81820,
LC-GP-00129,LC-GP-00129,ml,Inventory,Gel Polish,Solid Colours,,25,10ml,Bottle,,/img/b2b/solid-colours/LC-GP-00129.webp
LC-GP-0129,LC-GP-0129,ml,Inventory,Gel Polish,Solid Colours,Colour: #F02850,25,10ml,Bottle,#F02850,
LC-GP-00130,LC-GP-00130,ml,Inventory,Gel Polish,Solid Colours,,25,10ml,Bottle,,/img/b2b/solid-colours/LC-GP-00130.webp
LC-GP-0130,LC-GP-0130,ml,Inventory,Gel Polish,Solid Colours,Colour: #F03028,25,10ml,Bottle,#F03028,
LC-GP-00131,LC-GP-00131,ml,Inventory,Gel Polish,Solid Colours,,25,10ml,Bottle,,/img/b2b/solid-colours/LC-GP-00131.webp
LC-GP-0131,LC-GP-0131,ml,Inventory,Gel Polish,Solid Colours,Colour: #F84050,25,10ml,Bottle,#F84050,
LC-GP-00132,LC-GP-00132,ml,Inventory,Gel Polish,Solid Colours,,25,10ml,Bottle,,/img/b2b/solid-colours/LC-GP-00132.webp
LC-GP-0132,LC-GP-0132,ml,Inventory,Gel Polish,Solid Colours,Colour: #E82830,25,10ml,Bottle,#E82830,
LC-GP-00133,LC-GP-00133,ml,Inventory,Gel Polish,Solid Colours,,25,10ml,Bottle,,/img/b2b/solid-colours/LC-GP-00133.webp
LC-GP-0133,LC-GP-0133,ml,Inventory,Gel Polish,Solid Colours,Colour: #E02828,25,10ml,Bottle,#E02828,
LC-GP-00134,LC-GP-00134,ml,Inventory,Gel Polish,Solid Colours,,25,10ml,Bottle,,/img/b2b/solid-colours/LC-GP-00134.webp
LC-GP-0134,LC-GP-0134,ml,Inventory,Gel Polish,Solid Colours,Colour: #C82838,25,10ml,Bottle,#C82838,
LC-GP-00135,LC-GP-00135,ml,Inventory,Gel Polish,Solid Colours,,25,10ml,Bottle,,/img/b2b/solid-colours/LC-GP-00135.webp
LC-GP-0135,LC-GP-0135,ml,Inventory,Gel Polish,Solid Colours,Colour: #C82818,25,10ml,Bottle,#C82818,
LC-GP-00136,LC-GP-00136,ml,Inventory,Gel Polish,Solid Colours,,25,10ml,Bottle,,/img/b2b/solid-colours/LC-GP-00136.webp
LC-GP-0136,LC-GP-0136,ml,Inventory,Gel Polish,Solid Colours,Colour: #E82840,25,10ml,Bottle,#E82840,
LC-GP-00137,LC-GP-00137,ml,Inventory,Gel Polish,Solid Colours,,25,10ml,Bottle,,/img/b2b/solid-colours/LC-GP-00137.webp
LC-GP-0137,LC-GP-0137,ml,Inventory,Gel Polish,Solid Colours,Colour: #C81818,25,10ml,Bottle,#C81818,
LC-GP-00138,LC-GP-00138,ml,Inventory,Gel Polish,Solid Colours,,25,10ml,Bottle,,/img/b2b/solid-colours/LC-GP-00138.webp
LC-GP-0138,LC-GP-0138,ml,Inventory,Gel Polish,Solid Colours,Colour: #D82828,25,10ml,Bottle,#D82828,
LC-GP-00139,LC-GP-00139,ml,Inventory,Gel Polish,Solid Colours,,25,10ml,Bottle,,/img/b2b/solid-colours/LC-GP-00139.webp
LC-GP-0139,LC-GP-0139,ml,Inventory,Gel Polish,Solid Colours,Colour: #D01818,25,10ml,Bottle,#D01818,
LC-GP-00140,LC-GP-00140,ml,Inventory,Gel Polish,Solid Colours,,25,10ml,Bottle,,/img/b2b/solid-colours/LC-GP-00140.webp
LC-GP-0140,LC-GP-0140,ml,Inventory,Gel Polish,Solid Colours,Colour: #D01010,25,10ml,Bottle,#D01010,
LC-GP-00141,LC-GP-00141,ml,Inventory,Gel Polish,Solid Colours,,25,10ml,Bottle,,/img/b2b/solid-colours/LC-GP-00141.webp
LC-GP-0141,LC-GP-0141,ml,Inventory,Gel Polish,Solid Colours,Colour: #C81828,25,10ml,Bottle,#C81828,
LC-GP-00142,LC-GP-00142,ml,Inventory,Gel Polish,Solid Colours,,25,10ml,Bottle,,/img/b2b/solid-colours/LC-GP-00142.webp
LC-GP-0142,LC-GP-0142,ml,Inventory,Gel Polish,Solid Colours,Colour: #C01820,25,10ml,Bottle,#C01820,
LC-GP-00143,LC-GP-00143,ml,Inventory,Gel Polish,Solid Colours,,25,10ml,Bottle,,/img/b2b/solid-colours/LC-GP-00143.webp
LC-GP-0143,LC-GP-0143,ml,Inventory,Gel Polish,Solid Colours,Colour: #C81828,25,10ml,Bottle,#C81828,
LC-GP-00144,LC-GP-00144,ml,Inventory,Gel Polish,Solid Colours,,25,10ml,Bottle,,/img/b2b/solid-colours/LC-GP-00144.webp
LC-GP-0144,LC-GP-0144,ml,Inventory,Gel Polish,Solid Colours,Colour: #C01828,25,10ml,Bottle,#C01828,
LC-GP-00145,LC-GP-00145,ml,Inventory,Gel Polish,Solid Colours,,25,10ml,Bottle,,/img/b2b/solid-colours/LC-GP-00145.webp
LC-GP-0145,LC-GP-0145,ml,Inventory,Gel Polish,Solid Colours,Colour: #C81820,25,10ml,Bottle,#C81820,
LC-GP-00146,LC-GP-00146,ml,Inventory,Gel Polish,Solid Colours,,25,10ml,Bottle,,/img/b2b/solid-colours/LC-GP-00146.webp
LC-GP-0146,LC-GP-0146,ml,Inventory,Gel Polish,Solid Colours,Colour: #D81810,25,10ml,Bottle,#D81810,
LC-GP-00147,LC-GP-00147,ml,Inventory,Gel Polish,Solid Colours,,25,10ml,Bottle,,/img/b2b/solid-colours/LC-GP-00147.webp
LC-GP-0147,LC-GP-0147,ml,Inventory,Gel Polish,Solid Colours,Colour: #C82018,25,10ml,Bottle,#C82018,
LC-GP-00148,LC-GP-00148,ml,Inventory,Gel Polish,Solid Colours,,25,10ml,Bottle,,/img/b2b/solid-colours/LC-GP-00148.webp
LC-GP-0148,LC-GP-0148,ml,Inventory,Gel Polish,Solid Colours,Colour: #C81820,25,10ml,Bottle,#C81820,
LC-GP-00149,LC-GP-00149,ml,Inventory,Gel Polish,Solid Colours,,25,10ml,Bottle,,/img/b2b/solid-colours/LC-GP-00149.webp
LC-GP-0149,LC-GP-0149,ml,Inventory,Gel Polish,Solid Colours,Colour: #D81008,25,10ml,Bottle,#D81008,
LC-GP-00150,LC-GP-00150,ml,Inventory,Gel Polish,Solid Colours,,25,10ml,Bottle,,/img/b2b/solid-colours/LC-GP-00150.webp
LC-GP-0150,LC-GP-0150,ml,Inventory,Gel Polish,Solid Colours,Colour: #D01018,25,10ml,Bottle,#D01018,
LC-GP-00151,LC-GP-00151,ml,Inventory,Gel Polish,Solid Colours,,25,10ml,Bottle,,/img/b2b/solid-colours/LC-GP-00151.webp
LC-GP-0151,LC-GP-0151,ml,Inventory,Gel Polish,Solid Colours,Colour: #D01010,25,10ml,Bottle,#D01010,
LC-GP-00152,LC-GP-00152,ml,Inventory,Gel Polish,Solid Colours,,25,10ml,Bottle,,/img/b2b/solid-colours/LC-GP-00152.webp
LC-GP-0152,LC-GP-0152,ml,Inventory,Gel Polish,Solid Colours,Colour: #C82038,25,10ml,Bottle,#C82038,
LC-GP-00153,LC-GP-00153,ml,Inventory,Gel Polish,Solid Colours,,25,10ml,Bottle,,/img/b2b/solid-colours/LC-GP-00153.webp
LC-GP-0153,LC-GP-0153,ml,Inventory,Gel Polish,Solid Colours,Colour: #C01018,25,10ml,Bottle,#C01018,
LC-GP-00154,LC-GP-00154,ml,Inventory,Gel Polish,Solid Colours,,25,10ml,Bottle,,/img/b2b/solid-colours/LC-GP-00154.webp
LC-GP-0154,LC-GP-0154,ml,Inventory,Gel Polish,Solid Colours,Colour: #C81018,25,10ml,Bottle,#C81018,
LC-GP-00155,LC-GP-00155,ml,Inventory,Gel Polish,Solid Colours,,25,10ml,Bottle,,/img/b2b/solid-colours/LC-GP-00155.webp
LC-GP-0155,LC-GP-0155,ml,Inventory,Gel Polish,Solid Colours,Colour: #B80810,25,10ml,Bottle,#B80810,
LC-GP-00156,LC-GP-00156,ml,Inventory,Gel Polish,Solid Colours,,25,10ml,Bottle,,/img/b2b/solid-colours/LC-GP-00156.webp
LC-GP-0156,LC-GP-0156,ml,Inventory,Gel Polish,Solid Colours,Colour: #C81828,25,10ml,Bottle,#C81828,
LC-GP-00157,LC-GP-00157,ml,Inventory,Gel Polish,Solid Colours,,25,10ml,Bottle,,/img/b2b/solid-colours/LC-GP-00157.webp
LC-GP-0157,LC-GP-0157,ml,Inventory,Gel Polish,Solid Colours,Colour: #C81820,25,10ml,Bottle,#C81820,
LC-GP-00158,LC-GP-00158,ml,Inventory,Gel Polish,Solid Colours,,25,10ml,Bottle,,/img/b2b/solid-colours/LC-GP-00158.webp
LC-GP-0158,LC-GP-0158,ml,Inventory,Gel Polish,Solid Colours,Colour: #C81818,25,10ml,Bottle,#C81818,
LC-GP-00159,LC-GP-00159,ml,Inventory,Gel Polish,Solid Colours,,25,10ml,Bottle,,/img/b2b/solid-colours/LC-GP-00159.webp
LC-GP-0159,LC-GP-0159,ml,Inventory,Gel Polish,Solid Colours,Colour: #C01818,25,10ml,Bottle,#C01818,
LC-GP-00160,LC-GP-00160,ml,Inventory,Gel Polish,Solid Colours,,25,10ml,Bottle,,/img/b2b/solid-colours/LC-GP-00160.webp
LC-GP-0160,LC-GP-0160,ml,Inventory,Gel Polish,Solid Colours,Colour: #D81810,25,10ml,Bottle,#D81810,
LC-GP-0161,LC-GP-0161,ml,Inventory,Gel Polish,Solid Colours,,25,10ml,Bottle,,/img/b2b/solid-colours/LC-GP-0161.webp
LC-GP-0162,LC-GP-0162,ml,Inventory,Gel Polish,Solid Colours,,25,10ml,Bottle,,/img/b2b/solid-colours/LC-GP-0162.webp
LC-GP-0163,LC-GP-0163,ml,Inventory,Gel Polish,Solid Colours,,25,10ml,Bottle,,/img/b2b/solid-colours/LC-GP-0163.webp
LC-GP-0164,LC-GP-0164,ml,Inventory,Gel Polish,Solid Colours,,25,10ml,Bottle,,/img/b2b/solid-colours/LC-GP-0164.webp
LC-GP-0165,LC-GP-0165,ml,Inventory,Gel Polish,Solid Colours,,25,10ml,Bottle,,/img/b2b/solid-colours/LC-GP-0165.webp
LC-GP-0166,LC-GP-0166,ml,Inventory,Gel Polish,Solid Colours,,25,10ml,Bottle,,/img/b2b/solid-colours/LC-GP-0166.webp
LC-GP-0167,LC-GP-0167,ml,Inventory,Gel Polish,Solid Colours,,25,10ml,Bottle,,/img/b2b/solid-colours/LC-GP-0167.webp
LC-GP-0168,LC-GP-0168,ml,Inventory,Gel Polish,Solid Colours,,25,10ml,Bottle,,/img/b2b/solid-colours/LC-GP-0168.webp
LC-GP-0169,LC-GP-0169,ml,Inventory,Gel Polish,Solid Colours,,25,10ml,Bottle,,/img/b2b/solid-colours/LC-GP-0169.webp
LC-GP-0170,LC-GP-0170,ml,Inventory,Gel Polish,Solid Colours,,25,10ml,Bottle,,/img/b2b/solid-colours/LC-GP-0170.webp
LC-GP-0171,LC-GP-0171,ml,Inventory,Gel Polish,Solid Colours,,25,10ml,Bottle,,/img/b2b/solid-colours/LC-GP-0171.webp
LC-GP-0172,LC-GP-0172,ml,Inventory,Gel Polish,Solid Colours,,25,10ml,Bottle,,/img/b2b/solid-colours/LC-GP-0172.webp
LC-GP-0173,LC-GP-0173,ml,Inventory,Gel Polish,Solid Colours,,25,10ml,Bottle,,/img/b2b/solid-colours/LC-GP-0173.webp
LC-GP-0174,LC-GP-0174,ml,Inventory,Gel Polish,Solid Colours,,25,10ml,Bottle,,/img/b2b/solid-colours/LC-GP-0174.webp
LC-GP-0175,LC-GP-0175,ml,Inventory,Gel Polish,Solid Colours,,25,10ml,Bottle,,/img/b2b/solid-colours/LC-GP-0175.webp
LC-GP-0176,LC-GP-0176,ml,Inventory,Gel Polish,Solid Colours,,25,10ml,Bottle,,/img/b2b/solid-colours/LC-GP-0176.webp
LC-GP-0177,LC-GP-0177,ml,Inventory,Gel Polish,Solid Colours,,25,10ml,Bottle,,/img/b2b/solid-colours/LC-GP-0177.webp
LC-GP-0178,LC-GP-0178,ml,Inventory,Gel Polish,Solid Colours,,25,10ml,Bottle,,/img/b2b/solid-colours/LC-GP-0178.webp
LC-GP-0179,LC-GP-0179,ml,Inventory,Gel Polish,Solid Colours,,25,10ml,Bottle,,/img/b2b/solid-colours/LC-GP-0179.webp
LC-GP-0180,LC-GP-0180,ml,Inventory,Gel Polish,Solid Colours,,25,10ml,Bottle,,/img/b2b/solid-colours/LC-GP-0180.webp
LC-GP-0181,LC-GP-0181,ml,Inventory,Gel Polish,Solid Colours,,25,10ml,Bottle,,/img/b2b/solid-colours/LC-GP-0181.webp
LC-GP-0182,LC-GP-0182,ml,Inventory,Gel Polish,Solid Colours,,25,10ml,Bottle,,/img/b2b/solid-colours/LC-GP-0182.webp
LC-GP-0183,LC-GP-0183,ml,Inventory,Gel Polish,Solid Colours,,25,10ml,Bottle,,/img/b2b/solid-colours/LC-GP-0183.webp
LC-GP-0184,LC-GP-0184,ml,Inventory,Gel Polish,Solid Colours,,25,10ml,Bottle,,/img/b2b/solid-colours/LC-GP-0184.webp
LC-GP-0185,LC-GP-0185,ml,Inventory,Gel Polish,Solid Colours,,25,10ml,Bottle,,/img/b2b/solid-colours/LC-GP-0185.webp
LC-GP-0186,LC-GP-0186,ml,Inventory,Gel Polish,Solid Colours,,25,10ml,Bottle,,/img/b2b/solid-colours/LC-GP-0186.webp
LC-GP-0187,LC-GP-0187,ml,Inventory,Gel Polish,Solid Colours,,25,10ml,Bottle,,/img/b2b/solid-colours/LC-GP-0187.webp
LC-GP-0188,LC-GP-0188,ml,Inventory,Gel Polish,Solid Colours,,25,10ml,Bottle,,/img/b2b/solid-colours/LC-GP-0188.webp
LC-GP-0189,LC-GP-0189,ml,Inventory,Gel Polish,Solid Colours,,25,10ml,Bottle,,/img/b2b/solid-colours/LC-GP-0189.webp
LC-GP-0190,LC-GP-0190,ml,Inventory,Gel Polish,Solid Colours,,25,10ml,Bottle,,/img/b2b/solid-colours/LC-GP-0190.webp
LC-GP-0191,LC-GP-0191,ml,Inventory,Gel Polish,Solid Colours,,25,10ml,Bottle,,/img/b2b/solid-colours/LC-GP-0191.webp
LC-GP-0192,LC-GP-0192,ml,Inventory,Gel Polish,Solid Colours,,25,10ml,Bottle,,/img/b2b/solid-colours/LC-GP-0192.webp
LC-GP-0193,LC-GP-0193,ml,Inventory,Gel Polish,Solid Colours,,25,10ml,Bottle,,/img/b2b/solid-colours/LC-GP-0193.webp
LC-GP-0194,LC-GP-0194,ml,Inventory,Gel Polish,Solid Colours,,25,10ml,Bottle,,/img/b2b/solid-colours/LC-GP-0194.webp
LC-GP-0195,LC-GP-0195,ml,Inventory,Gel Polish,Solid Colours,,25,10ml,Bottle,,/img/b2b/solid-colours/LC-GP-0195.webp
LC-GP-0196,LC-GP-0196,ml,Inventory,Gel Polish,Solid Colours,,25,10ml,Bottle,,/img/b2b/solid-colours/LC-GP-0196.webp
LC-GP-0197,LC-GP-0197,ml,Inventory,Gel Polish,Solid Colours,,25,10ml,Bottle,,/img/b2b/solid-colours/LC-GP-0197.webp
LC-GP-0198,LC-GP-0198,ml,Inventory,Gel Polish,Solid Colours,,25,10ml,Bottle,,/img/b2b/solid-colours/LC-GP-0198.webp
LC-GP-0199,LC-GP-0199,ml,Inventory,Gel Polish,Solid Colours,,25,10ml,Bottle,,/img/b2b/solid-colours/LC-GP-0199.webp
LC-GP-0200,LC-GP-0200,ml,Inventory,Gel Polish,Solid Colours,,25,10ml,Bottle,,/img/b2b/solid-colours/LC-GP-0200.webp
LC-GP-0201,LC-GP-0201,ml,Inventory,Gel Polish,Solid Colours,,25,10ml,Bottle,,/img/b2b/solid-colours/LC-GP-0201.webp
LC-GP-0202,LC-GP-0202,ml,Inventory,Gel Polish,Solid Colours,,25,10ml,Bottle,,/img/b2b/solid-colours/LC-GP-0202.webp
LC-GP-0203,LC-GP-0203,ml,Inventory,Gel Polish,Solid Colours,,25,10ml,Bottle,,/img/b2b/solid-colours/LC-GP-0203.webp
LC-GP-0204,LC-GP-0204,ml,Inventory,Gel Polish,Solid Colours,,25,10ml,Bottle,,/img/b2b/solid-colours/LC-GP-0204.webp
LC-GP-0205,LC-GP-0205,ml,Inventory,Gel Polish,Solid Colours,,25,10ml,Bottle,,/img/b2b/solid-colours/LC-GP-0205.webp
LC-GP-0206,LC-GP-0206,ml,Inventory,Gel Polish,Solid Colours,,25,10ml,Bottle,,/img/b2b/solid-colours/LC-GP-0206.webp
LC-GP-0207,LC-GP-0207,ml,Inventory,Gel Polish,Solid Colours,,25,10ml,Bottle,,/img/b2b/solid-colours/LC-GP-0207.webp
LC-GP-0208,LC-GP-0208,ml,Inventory,Gel Polish,Solid Colours,,25,10ml,Bottle,,/img/b2b/solid-colours/LC-GP-0208.webp
LC-GP-0209,LC-GP-0209,ml,Inventory,Gel Polish,Solid Colours,,25,10ml,Bottle,,/img/b2b/solid-colours/LC-GP-0209.webp
LC-GP-0210,LC-GP-0210,ml,Inventory,Gel Polish,Solid Colours,,25,10ml,Bottle,,/img/b2b/solid-colours/LC-GP-0210.webp
LC-GP-0211,LC-GP-0211,ml,Inventory,Gel Polish,Solid Colours,,25,10ml,Bottle,,/img/b2b/solid-colours/LC-GP-0211.webp
LC-GP-0212,LC-GP-0212,ml,Inventory,Gel Polish,Solid Colours,,25,10ml,Bottle,,/img/b2b/solid-colours/LC-GP-0212.webp
LC-GP-0213,LC-GP-0213,ml,Inventory,Gel Polish,Solid Colours,,25,10ml,Bottle,,/img/b2b/solid-colours/LC-GP-0213.webp
LC-GP-0214,LC-GP-0214,ml,Inventory,Gel Polish,Solid Colours,,25,10ml,Bottle,,/img/b2b/solid-colours/LC-GP-0214.webp
LC-GP-0215,LC-GP-0215,ml,Inventory,Gel Polish,Solid Colours,,25,10ml,Bottle,,/img/b2b/solid-colours/LC-GP-0215.webp
LC-GP-0216,LC-GP-0216,ml,Inventory,Gel Polish,Solid Colours,,25,10ml,Bottle,,/img/b2b/solid-colours/LC-GP-0216.webp
LC-GP-0217,LC-GP-0217,ml,Inventory,Gel Polish,Solid Colours,,25,10ml,Bottle,,/img/b2b/solid-colours/LC-GP-0217.webp
LC-GP-0218,LC-GP-0218,ml,Inventory,Gel Polish,Solid Colours,,25,10ml,Bottle,,/img/b2b/solid-colours/LC-GP-0218.webp
LC-GP-0219,LC-GP-0219,ml,Inventory,Gel Polish,Solid Colours,,25,10ml,Bottle,,/img/b2b/solid-colours/LC-GP-0219.webp
LC-GP-0220,LC-GP-0220,ml,Inventory,Gel Polish,Solid Colours,,25,10ml,Bottle,,/img/b2b/solid-colours/LC-GP-0220.webp
LC-GP-0221,LC-GP-0221,ml,Inventory,Gel Polish,Solid Colours,,25,10ml,Bottle,,/img/b2b/solid-colours/LC-GP-0221.webp
LC-GP-0222,LC-GP-0222,ml,Inventory,Gel Polish,Solid Colours,,25,10ml,Bottle,,/img/b2b/solid-colours/LC-GP-0222.webp
LC-GP-0223,LC-GP-0223,ml,Inventory,Gel Polish,Solid Colours,,25,10ml,Bottle,,/img/b2b/solid-colours/LC-GP-0223.webp
LC-GP-0224,LC-GP-0224,ml,Inventory,Gel Polish,Solid Colours,,25,10ml,Bottle,,/img/b2b/solid-colours/LC-GP-0224.webp
LC-GP-0225,LC-GP-0225,ml,Inventory,Gel Polish,Solid Colours,,25,10ml,Bottle,,/img/b2b/solid-colours/LC-GP-0225.webp
LC-GP-0226,LC-GP-0226,ml,Inventory,Gel Polish,Solid Colours,,25,10ml,Bottle,,/img/b2b/solid-colours/LC-GP-0226.webp
LC-GP-0227,LC-GP-0227,ml,Inventory,Gel Polish,Solid Colours,,25,10ml,Bottle,,/img/b2b/solid-colours/LC-GP-0227.webp
LC-GP-0228,LC-GP-0228,ml,Inventory,Gel Polish,Solid Colours,,25,10ml,Bottle,,/img/b2b/solid-colours/LC-GP-0228.webp
LC-GP-0229,LC-GP-0229,ml,Inventory,Gel Polish,Solid Colours,,25,10ml,Bottle,,/img/b2b/solid-colours/LC-GP-0229.webp
LC-GP-0230,LC-GP-0230,ml,Inventory,Gel Polish,Solid Colours,,25,10ml,Bottle,,/img/b2b/solid-colours/LC-GP-0230.webp
LC-GP-0231,LC-GP-0231,ml,Inventory,Gel Polish,Solid Colours,,25,10ml,Bottle,,/img/b2b/solid-colours/LC-GP-0231.webp
LC-GP-0232,LC-GP-0232,ml,Inventory,Gel Polish,Solid Colours,,25,10ml,Bottle,,/img/b2b/solid-colours/LC-GP-0232.webp
LC-GP-0233,LC-GP-0233,ml,Inventory,Gel Polish,Solid Colours,,25,10ml,Bottle,,/img/b2b/solid-colours/LC-GP-0233.webp
LC-GP-0234,LC-GP-0234,ml,Inventory,Gel Polish,Solid Colours,,25,10ml,Bottle,,/img/b2b/solid-colours/LC-GP-0234.webp
LC-GP-0235,LC-GP-0235,ml,Inventory,Gel Polish,Solid Colours,,25,10ml,Bottle,,/img/b2b/solid-colours/LC-GP-0235.webp
LC-GP-0236,LC-GP-0236,ml,Inventory,Gel Polish,Solid Colours,,25,10ml,Bottle,,/img/b2b/solid-colours/LC-GP-0236.webp
LC-GP-0237,LC-GP-0237,ml,Inventory,Gel Polish,Solid Colours,,25,10ml,Bottle,,/img/b2b/solid-colours/LC-GP-0237.webp
LC-GP-0238,LC-GP-0238,ml,Inventory,Gel Polish,Solid Colours,,25,10ml,Bottle,,/img/b2b/solid-colours/LC-GP-0238.webp
LC-GP-0239,LC-GP-0239,ml,Inventory,Gel Polish,Solid Colours,,25,10ml,Bottle,,/img/b2b/solid-colours/LC-GP-0239.webp
LC-GP-0240,LC-GP-0240,ml,Inventory,Gel Polish,Solid Colours,,25,10ml,Bottle,,/img/b2b/solid-colours/LC-GP-0240.webp
LC-GP-0241,LC-GP-0241,ml,Inventory,Gel Polish,Solid Colours,,25,10ml,Bottle,,/img/b2b/solid-colours/LC-GP-0241.webp
LC-GP-0242,LC-GP-0242,ml,Inventory,Gel Polish,Solid Colours,,25,10ml,Bottle,,/img/b2b/solid-colours/LC-GP-0242.webp
LC-GP-0243,LC-GP-0243,ml,Inventory,Gel Polish,Solid Colours,,25,10ml,Bottle,,/img/b2b/solid-colours/LC-GP-0243.webp
LC-GP-0244,LC-GP-0244,ml,Inventory,Gel Polish,Solid Colours,,25,10ml,Bottle,,/img/b2b/solid-colours/LC-GP-0244.webp
LC-GP-0245,LC-GP-0245,ml,Inventory,Gel Polish,Solid Colours,,25,10ml,Bottle,,/img/b2b/solid-colours/LC-GP-0245.webp
LC-GP-0246,LC-GP-0246,ml,Inventory,Gel Polish,Solid Colours,,25,10ml,Bottle,,/img/b2b/solid-colours/LC-GP-0246.webp
LC-GP-0247,LC-GP-0247,ml,Inventory,Gel Polish,Solid Colours,,25,10ml,Bottle,,/img/b2b/solid-colours/LC-GP-0247.webp
LC-GP-0248,LC-GP-0248,ml,Inventory,Gel Polish,Solid Colours,,25,10ml,Bottle,,/img/b2b/solid-colours/LC-GP-0248.webp
LC-GP-0249,LC-GP-0249,ml,Inventory,Gel Polish,Solid Colours,,25,10ml,Bottle,,/img/b2b/solid-colours/LC-GP-0249.webp
LC-GP-0250,LC-GP-0250,ml,Inventory,Gel Polish,Solid Colours,,25,10ml,Bottle,,/img/b2b/solid-colours/LC-GP-0250.webp
LC-GP-0251,LC-GP-0251,ml,Inventory,Gel Polish,Solid Colours,,25,10ml,Bottle,,/img/b2b/solid-colours/LC-GP-0251.webp
LC-GP-0252,LC-GP-0252,ml,Inventory,Gel Polish,Solid Colours,,25,10ml,Bottle,,/img/b2b/solid-colours/LC-GP-0252.webp
LC-GP-0253,LC-GP-0253,ml,Inventory,Gel Polish,Solid Colours,,25,10ml,Bottle,,/img/b2b/solid-colours/LC-GP-0253.webp
LC-GP-0254,LC-GP-0254,ml,Inventory,Gel Polish,Solid Colours,,25,10ml,Bottle,,/img/b2b/solid-colours/LC-GP-0254.webp
LC-GP-0255,LC-GP-0255,ml,Inventory,Gel Polish,Solid Colours,,25,10ml,Bottle,,/img/b2b/solid-colours/LC-GP-0255.webp
LC-GP-0256,LC-GP-0256,ml,Inventory,Gel Polish,Solid Colours,,25,10ml,Bottle,,/img/b2b/solid-colours/LC-GP-0256.webp
LC-GP-0257,LC-GP-0257,ml,Inventory,Gel Polish,Solid Colours,,25,10ml,Bottle,,/img/b2b/solid-colours/LC-GP-0257.webp
LC-GP-0258,LC-GP-0258,ml,Inventory,Gel Polish,Solid Colours,,25,10ml,Bottle,,/img/b2b/solid-colours/LC-GP-0258.webp
LC-GP-0259,LC-GP-0259,ml,Inventory,Gel Polish,Solid Colours,,25,10ml,Bottle,,/img/b2b/solid-colours/LC-GP-0259.webp
LC-GP-0260,LC-GP-0260,ml,Inventory,Gel Polish,Solid Colours,,25,10ml,Bottle,,/img/b2b/solid-colours/LC-GP-0260.webp
LC-GP-0261,LC-GP-0261,ml,Inventory,Gel Polish,Solid Colours,,25,10ml,Bottle,,/img/b2b/solid-colours/LC-GP-0261.webp
LC-GP-0262,LC-GP-0262,ml,Inventory,Gel Polish,Solid Colours,,25,10ml,Bottle,,/img/b2b/solid-colours/LC-GP-0262.webp
LC-GP-0263,LC-GP-0263,ml,Inventory,Gel Polish,Solid Colours,,25,10ml,Bottle,,/img/b2b/solid-colours/LC-GP-0263.webp
LC-GP-0264,LC-GP-0264,ml,Inventory,Gel Polish,Solid Colours,,25,10ml,Bottle,,/img/b2b/solid-colours/LC-GP-0264.webp
LC-GP-0265,LC-GP-0265,ml,Inventory,Gel Polish,Solid Colours,,25,10ml,Bottle,,/img/b2b/solid-colours/LC-GP-0265.webp
LC-GP-0266,LC-GP-0266,ml,Inventory,Gel Polish,Solid Colours,,25,10ml,Bottle,,/img/b2b/solid-colours/LC-GP-0266.webp
LC-GP-0267,LC-GP-0267,ml,Inventory,Gel Polish,Solid Colours,,25,10ml,Bottle,,/img/b2b/solid-colours/LC-GP-0267.webp
LC-GP-0268,LC-GP-0268,ml,Inventory,Gel Polish,Solid Colours,,25,10ml,Bottle,,/img/b2b/solid-colours/LC-GP-0268.webp
LC-GP-0269,LC-GP-0269,ml,Inventory,Gel Polish,Solid Colours,,25,10ml,Bottle,,/img/b2b/solid-colours/LC-GP-0269.webp
LC-GP-0270,LC-GP-0270,ml,Inventory,Gel Polish,Solid Colours,,25,10ml,Bottle,,/img/b2b/solid-colours/LC-GP-0270.webp
LC-GP-0271,LC-GP-0271,ml,Inventory,Gel Polish,Solid Colours,,25,10ml,Bottle,,/img/b2b/solid-colours/LC-GP-0271.webp
LC-GP-0272,LC-GP-0272,ml,Inventory,Gel Polish,Solid Colours,,25,10ml,Bottle,,/img/b2b/solid-colours/LC-GP-0272.webp
LC-GP-0273,LC-GP-0273,ml,Inventory,Gel Polish,Solid Colours,,25,10ml,Bottle,,/img/b2b/solid-colours/LC-GP-0273.webp
LC-GP-0274,LC-GP-0274,ml,Inventory,Gel Polish,Solid Colours,,25,10ml,Bottle,,/img/b2b/solid-colours/LC-GP-0274.webp
LC-GP-0275,LC-GP-0275,ml,Inventory,Gel Polish,Solid Colours,,25,10ml,Bottle,,/img/b2b/solid-colours/LC-GP-0275.webp
LC-GP-0276,LC-GP-0276,ml,Inventory,Gel Polish,Solid Colours,,25,10ml,Bottle,,/img/b2b/solid-colours/LC-GP-0276.webp
LC-GP-0277,LC-GP-0277,ml,Inventory,Gel Polish,Solid Colours,,25,10ml,Bottle,,/img/b2b/solid-colours/LC-GP-0277.webp
LC-GP-0278,LC-GP-0278,ml,Inventory,Gel Polish,Solid Colours,,25,10ml,Bottle,,/img/b2b/solid-colours/LC-GP-0278.webp
LC-GP-0279,LC-GP-0279,ml,Inventory,Gel Polish,Solid Colours,,25,10ml,Bottle,,/img/b2b/solid-colours/LC-GP-0279.webp
LC-GP-0280,LC-GP-0280,ml,Inventory,Gel Polish,Solid Colours,,25,10ml,Bottle,,/img/b2b/solid-colours/LC-GP-0280.webp
LC-GP-0281,LC-GP-0281,ml,Inventory,Gel Polish,Solid Colours,,25,10ml,Bottle,,/img/b2b/solid-colours/LC-GP-0281.webp
LC-GP-0282,LC-GP-0282,ml,Inventory,Gel Polish,Solid Colours,,25,10ml,Bottle,,/img/b2b/solid-colours/LC-GP-0282.webp
LC-GP-0283,LC-GP-0283,ml,Inventory,Gel Polish,Solid Colours,,25,10ml,Bottle,,/img/b2b/solid-colours/LC-GP-0283.webp
LC-GP-0284,LC-GP-0284,ml,Inventory,Gel Polish,Solid Colours,,25,10ml,Bottle,,/img/b2b/solid-colours/LC-GP-0284.webp
LC-GP-0285,LC-GP-0285,ml,Inventory,Gel Polish,Solid Colours,,25,10ml,Bottle,,/img/b2b/solid-colours/LC-GP-0285.webp
LC-GP-0286,LC-GP-0286,ml,Inventory,Gel Polish,Solid Colours,,25,10ml,Bottle,,/img/b2b/solid-colours/LC-GP-0286.webp
LC-GP-0287,LC-GP-0287,ml,Inventory,Gel Polish,Solid Colours,,25,10ml,Bottle,,/img/b2b/solid-colours/LC-GP-0287.webp
LC-GP-0288,LC-GP-0288,ml,Inventory,Gel Polish,Solid Colours,,25,10ml,Bottle,,/img/b2b/solid-colours/LC-GP-0288.webp
LC-GP-0289,LC-GP-0289,ml,Inventory,Gel Polish,Solid Colours,,25,10ml,Bottle,,/img/b2b/solid-colours/LC-GP-0289.webp
LC-GP-0290,LC-GP-0290,ml,Inventory,Gel Polish,Solid Colours,,25,10ml,Bottle,,/img/b2b/solid-colours/LC-GP-0290.webp
LC-GP-0291,LC-GP-0291,ml,Inventory,Gel Polish,Solid Colours,,25,10ml,Bottle,,/img/b2b/solid-colours/LC-GP-0291.webp
LC-GP-0292,LC-GP-0292,ml,Inventory,Gel Polish,Solid Colours,,25,10ml,Bottle,,/img/b2b/solid-colours/LC-GP-0292.webp
LC-GP-0293,LC-GP-0293,ml,Inventory,Gel Polish,Solid Colours,,25,10ml,Bottle,,/img/b2b/solid-colours/LC-GP-0293.webp
LC-GP-0294,LC-GP-0294,ml,Inventory,Gel Polish,Solid Colours,,25,10ml,Bottle,,/img/b2b/solid-colours/LC-GP-0294.webp
LC-GP-0295,LC-GP-0295,ml,Inventory,Gel Polish,Solid Colours,,25,10ml,Bottle,,/img/b2b/solid-colours/LC-GP-0295.webp
LC-GP-0296,LC-GP-0296,ml,Inventory,Gel Polish,Solid Colours,,25,10ml,Bottle,,/img/b2b/solid-colours/LC-GP-0296.webp
LC-GP-0297,LC-GP-0297,ml,Inventory,Gel Polish,Solid Colours,,25,10ml,Bottle,,/img/b2b/solid-colours/LC-GP-0297.webp
LC-GP-0298,LC-GP-0298,ml,Inventory,Gel Polish,Solid Colours,,25,10ml,Bottle,,/img/b2b/solid-colours/LC-GP-0298.webp
LC-GP-0299,LC-GP-0299,ml,Inventory,Gel Polish,Solid Colours,,25,10ml,Bottle,,/img/b2b/solid-colours/LC-GP-0299.webp
LC-GP-0300,LC-GP-0300,ml,Inventory,Gel Polish,Solid Colours,,25,10ml,Bottle,,/img/b2b/solid-colours/LC-GP-0300.webp
LC-GP-0301,LC-GP-0301,ml,Inventory,Gel Polish,Solid Colours,,25,10ml,Bottle,,/img/b2b/solid-colours/LC-GP-0301.webp
LC-GP-0302,LC-GP-0302,ml,Inventory,Gel Polish,Solid Colours,,25,10ml,Bottle,,/img/b2b/solid-colours/LC-GP-0302.webp
LC-GP-0303,LC-GP-0303,ml,Inventory,Gel Polish,Solid Colours,,25,10ml,Bottle,,/img/b2b/solid-colours/LC-GP-0303.webp
LC-GP-0304,LC-GP-0304,ml,Inventory,Gel Polish,Solid Colours,,25,10ml,Bottle,,/img/b2b/solid-colours/LC-GP-0304.webp
LC-GP-0305,LC-GP-0305,ml,Inventory,Gel Polish,Solid Colours,,25,10ml,Bottle,,/img/b2b/solid-colours/LC-GP-0305.webp
LC-GP-0306,LC-GP-0306,ml,Inventory,Gel Polish,Solid Colours,,25,10ml,Bottle,,/img/b2b/solid-colours/LC-GP-0306.webp
LC-GP-0307,LC-GP-0307,ml,Inventory,Gel Polish,Solid Colours,,25,10ml,Bottle,,/img/b2b/solid-colours/LC-GP-0307.webp
LC-GP-0308,LC-GP-0308,ml,Inventory,Gel Polish,Solid Colours,,25,10ml,Bottle,,/img/b2b/solid-colours/LC-GP-0308.webp
LC-GP-0309,LC-GP-0309,ml,Inventory,Gel Polish,Solid Colours,,25,10ml,Bottle,,/img/b2b/solid-colours/LC-GP-0309.webp
LC-GP-0310,LC-GP-0310,ml,Inventory,Gel Polish,Solid Colours,,25,10ml,Bottle,,/img/b2b/solid-colours/LC-GP-0310.webp
LC-GP-0311,LC-GP-0311,ml,Inventory,Gel Polish,Solid Colours,,25,10ml,Bottle,,/img/b2b/solid-colours/LC-GP-0311.webp
LC-GP-0312,LC-GP-0312,ml,Inventory,Gel Polish,Solid Colours,,25,10ml,Bottle,,/img/b2b/solid-colours/LC-GP-0312.webp
LC-GP-0313,LC-GP-0313,ml,Inventory,Gel Polish,Solid Colours,,25,10ml,Bottle,,/img/b2b/solid-colours/LC-GP-0313.webp
LC-GP-0314,LC-GP-0314,ml,Inventory,Gel Polish,Solid Colours,,25,10ml,Bottle,,/img/b2b/solid-colours/LC-GP-0314.webp
LC-GP-0315,LC-GP-0315,ml,Inventory,Gel Polish,Solid Colours,,25,10ml,Bottle,,/img/b2b/solid-colours/LC-GP-0315.webp
LC-GP-0316,LC-GP-0316,ml,Inventory,Gel Polish,Solid Colours,,25,10ml,Bottle,,/img/b2b/solid-colours/LC-GP-0316.webp
LC-GP-0317,LC-GP-0317,ml,Inventory,Gel Polish,Solid Colours,,25,10ml,Bottle,,/img/b2b/solid-colours/LC-GP-0317.webp
LC-GP-0318,LC-GP-0318,ml,Inventory,Gel Polish,Solid Colours,,25,10ml,Bottle,,/img/b2b/solid-colours/LC-GP-0318.webp
LC-GP-0319,LC-GP-0319,ml,Inventory,Gel Polish,Solid Colours,,25,10ml,Bottle,,/img/b2b/solid-colours/LC-GP-0319.webp
LC-GP-0320,LC-GP-0320,ml,Inventory,Gel Polish,Solid Colours,,25,10ml,Bottle,,/img/b2b/solid-colours/LC-GP-0320.webp
LC-GP-0321,LC-GP-0321,ml,Inventory,Gel Polish,Solid Colours,,25,10ml,Bottle,,/img/b2b/solid-colours/LC-GP-0321.webp
LC-GP-0322,LC-GP-0322,ml,Inventory,Gel Polish,Solid Colours,,25,10ml,Bottle,,/img/b2b/solid-colours/LC-GP-0322.webp
LC-GP-0323,LC-GP-0323,ml,Inventory,Gel Polish,Solid Colours,,25,10ml,Bottle,,/img/b2b/solid-colours/LC-GP-0323.webp
LC-GP-0324,LC-GP-0324,ml,Inventory,Gel Polish,Solid Colours,,25,10ml,Bottle,,/img/b2b/solid-colours/LC-GP-0324.webp
LC-GP-0325,LC-GP-0325,ml,Inventory,Gel Polish,Solid Colours,,25,10ml,Bottle,,/img/b2b/solid-colours/LC-GP-0325.webp
LC-GP-0326,LC-GP-0326,ml,Inventory,Gel Polish,Solid Colours,,25,10ml,Bottle,,/img/b2b/solid-colours/LC-GP-0326.webp
LC-GP-0327,LC-GP-0327,ml,Inventory,Gel Polish,Solid Colours,,25,10ml,Bottle,,/img/b2b/solid-colours/LC-GP-0327.webp
LC-GP-0328,LC-GP-0328,ml,Inventory,Gel Polish,Solid Colours,,25,10ml,Bottle,,/img/b2b/solid-colours/LC-GP-0328.webp
LC-GP-0329,LC-GP-0329,ml,Inventory,Gel Polish,Solid Colours,,25,10ml,Bottle,,/img/b2b/solid-colours/LC-GP-0329.webp
LC-GP-0330,LC-GP-0330,ml,Inventory,Gel Polish,Solid Colours,,25,10ml,Bottle,,/img/b2b/solid-colours/LC-GP-0330.webp
LC-GP-0331,LC-GP-0331,ml,Inventory,Gel Polish,Solid Colours,,25,10ml,Bottle,,/img/b2b/solid-colours/LC-GP-0331.webp
LC-GP-0332,LC-GP-0332,ml,Inventory,Gel Polish,Solid Colours,,25,10ml,Bottle,,/img/b2b/solid-colours/LC-GP-0332.webp
LC-GP-0333,LC-GP-0333,ml,Inventory,Gel Polish,Solid Colours,,25,10ml,Bottle,,/img/b2b/solid-colours/LC-GP-0333.webp
LC-GP-0334,LC-GP-0334,ml,Inventory,Gel Polish,Solid Colours,,25,10ml,Bottle,,/img/b2b/solid-colours/LC-GP-0334.webp
LC-GP-0335,LC-GP-0335,ml,Inventory,Gel Polish,Solid Colours,,25,10ml,Bottle,,/img/b2b/solid-colours/LC-GP-0335.webp
LC-GP-0336,LC-GP-0336,ml,Inventory,Gel Polish,Solid Colours,,25,10ml,Bottle,,/img/b2b/solid-colours/LC-GP-0336.webp
LC-GP-0337,LC-GP-0337,ml,Inventory,Gel Polish,Solid Colours,,25,10ml,Bottle,,/img/b2b/solid-colours/LC-GP-0337.webp
LC-GP-0338,LC-GP-0338,ml,Inventory,Gel Polish,Solid Colours,,25,10ml,Bottle,,/img/b2b/solid-colours/LC-GP-0338.webp
LC-GP-0339,LC-GP-0339,ml,Inventory,Gel Polish,Solid Colours,,25,10ml,Bottle,,/img/b2b/solid-colours/LC-GP-0339.webp
LC-GP-0340,LC-GP-0340,ml,Inventory,Gel Polish,Solid Colours,,25,10ml,Bottle,,/img/b2b/solid-colours/LC-GP-0340.webp
LC-GP-0341,LC-GP-0341,ml,Inventory,Gel Polish,Solid Colours,,25,10ml,Bottle,,/img/b2b/solid-colours/LC-GP-0341.webp
LC-GP-0342,LC-GP-0342,ml,Inventory,Gel Polish,Solid Colours,,25,10ml,Bottle,,/img/b2b/solid-colours/LC-GP-0342.webp
LC-GP-0343,LC-GP-0343,ml,Inventory,Gel Polish,Solid Colours,,25,10ml,Bottle,,/img/b2b/solid-colours/LC-GP-0343.webp
LC-GP-0344,LC-GP-0344,ml,Inventory,Gel Polish,Solid Colours,,25,10ml,Bottle,,/img/b2b/solid-colours/LC-GP-0344.webp
LC-GP-0345,LC-GP-0345,ml,Inventory,Gel Polish,Solid Colours,,25,10ml,Bottle,,/img/b2b/solid-colours/LC-GP-0345.webp
LC-GP-0346,LC-GP-0346,ml,Inventory,Gel Polish,Solid Colours,,25,10ml,Bottle,,/img/b2b/solid-colours/LC-GP-0346.webp
LC-GP-0347,LC-GP-0347,ml,Inventory,Gel Polish,Solid Colours,,25,10ml,Bottle,,/img/b2b/solid-colours/LC-GP-0347.webp
LC-GP-0348,LC-GP-0348,ml,Inventory,Gel Polish,Solid Colours,,25,10ml,Bottle,,/img/b2b/solid-colours/LC-GP-0348.webp
LC-GP-0349,LC-GP-0349,ml,Inventory,Gel Polish,Solid Colours,,25,10ml,Bottle,,/img/b2b/solid-colours/LC-GP-0349.webp
LC-GP-0350,LC-GP-0350,ml,Inventory,Gel Polish,Solid Colours,,25,10ml,Bottle,,/img/b2b/solid-colours/LC-GP-0350.webp
LC-GP-0351,LC-GP-0351,ml,Inventory,Gel Polish,Solid Colours,,25,10ml,Bottle,,/img/b2b/solid-colours/LC-GP-0351.webp
LC-GP-0352,LC-GP-0352,ml,Inventory,Gel Polish,Solid Colours,,25,10ml,Bottle,,/img/b2b/solid-colours/LC-GP-0352.webp
LC-GP-0353,LC-GP-0353,ml,Inventory,Gel Polish,Solid Colours,,25,10ml,Bottle,,/img/b2b/solid-colours/LC-GP-0353.webp
LC-GP-0354,LC-GP-0354,ml,Inventory,Gel Polish,Solid Colours,,25,10ml,Bottle,,/img/b2b/solid-colours/LC-GP-0354.webp
LC-GP-0355,LC-GP-0355,ml,Inventory,Gel Polish,Solid Colours,,25,10ml,Bottle,,/img/b2b/solid-colours/LC-GP-0355.webp
LC-GP-0356,LC-GP-0356,ml,Inventory,Gel Polish,Solid Colours,,25,10ml,Bottle,,/img/b2b/solid-colours/LC-GP-0356.webp
LC-GP-0357,LC-GP-0357,ml,Inventory,Gel Polish,Solid Colours,,25,10ml,Bottle,,/img/b2b/solid-colours/LC-GP-0357.webp
LC-GP-0358,LC-GP-0358,ml,Inventory,Gel Polish,Solid Colours,,25,10ml,Bottle,,/img/b2b/solid-colours/LC-GP-0358.webp
LC-GP-0359,LC-GP-0359,ml,Inventory,Gel Polish,Solid Colours,,25,10ml,Bottle,,/img/b2b/solid-colours/LC-GP-0359.webp
LC-GP-0360,LC-GP-0360,ml,Inventory,Gel Polish,Solid Colours,,25,10ml,Bottle,,/img/b2b/solid-colours/LC-GP-0360.webp
LC-GP-0361,LC-GP-0361,ml,Inventory,Gel Polish,Solid Colours,,25,10ml,Bottle,,/img/b2b/solid-colours/LC-GP-0361.webp
LC-GP-0362,LC-GP-0362,ml,Inventory,Gel Polish,Solid Colours,,25,10ml,Bottle,,/img/b2b/solid-colours/LC-GP-0362.webp
LC-GP-0363,LC-GP-0363,ml,Inventory,Gel Polish,Solid Colours,,25,10ml,Bottle,,/img/b2b/solid-colours/LC-GP-0363.webp
LC-GP-0364,LC-GP-0364,ml,Inventory,Gel Polish,Solid Colours,,25,10ml,Bottle,,/img/b2b/solid-colours/LC-GP-0364.webp
LC-GP-0365,LC-GP-0365,ml,Inventory,Gel Polish,Solid Colours,,25,10ml,Bottle,,/img/b2b/solid-colours/LC-GP-0365.webp
LC-GP-0366,LC-GP-0366,ml,Inventory,Gel Polish,Solid Colours,,25,10ml,Bottle,,/img/b2b/solid-colours/LC-GP-0366.webp
LC-GP-0367,LC-GP-0367,ml,Inventory,Gel Polish,Solid Colours,,25,10ml,Bottle,,/img/b2b/solid-colours/LC-GP-0367.webp
LC-GP-0368,LC-GP-0368,ml,Inventory,Gel Polish,Solid Colours,,25,10ml,Bottle,,/img/b2b/solid-colours/LC-GP-0368.webp
LC-GP-0369,LC-GP-0369,ml,Inventory,Gel Polish,Solid Colours,,25,10ml,Bottle,,/img/b2b/solid-colours/LC-GP-0369.webp
LC-GP-0370,LC-GP-0370,ml,Inventory,Gel Polish,Solid Colours,,25,10ml,Bottle,,/img/b2b/solid-colours/LC-GP-0370.webp
LC-GP-0371,LC-GP-0371,ml,Inventory,Gel Polish,Solid Colours,,25,10ml,Bottle,,/img/b2b/solid-colours/LC-GP-0371.webp
LC-GP-0372,LC-GP-0372,ml,Inventory,Gel Polish,Solid Colours,,25,10ml,Bottle,,/img/b2b/solid-colours/LC-GP-0372.webp
LC-GP-0373,LC-GP-0373,ml,Inventory,Gel Polish,Solid Colours,,25,10ml,Bottle,,/img/b2b/solid-colours/LC-GP-0373.webp
LC-GP-0374,LC-GP-0374,ml,Inventory,Gel Polish,Solid Colours,,25,10ml,Bottle,,/img/b2b/solid-colours/LC-GP-0374.webp
LC-GP-0375,LC-GP-0375,ml,Inventory,Gel Polish,Solid Colours,,25,10ml,Bottle,,/img/b2b/solid-colours/LC-GP-0375.webp
LC-GP-0376,LC-GP-0376,ml,Inventory,Gel Polish,Solid Colours,,25,10ml,Bottle,,/img/b2b/solid-colours/LC-GP-0376.webp
LC-GP-0377,LC-GP-0377,ml,Inventory,Gel Polish,Solid Colours,,25,10ml,Bottle,,/img/b2b/solid-colours/LC-GP-0377.webp
LC-GP-0378,LC-GP-0378,ml,Inventory,Gel Polish,Solid Colours,,25,10ml,Bottle,,/img/b2b/solid-colours/LC-GP-0378.webp
LC-GP-0379,LC-GP-0379,ml,Inventory,Gel Polish,Solid Colours,,25,10ml,Bottle,,/img/b2b/solid-colours/LC-GP-0379.webp
LC-GP-0380,LC-GP-0380,ml,Inventory,Gel Polish,Solid Colours,,25,10ml,Bottle,,/img/b2b/solid-colours/LC-GP-0380.webp
LC-GP-0381,LC-GP-0381,ml,Inventory,Gel Polish,Solid Colours,,25,10ml,Bottle,,/img/b2b/solid-colours/LC-GP-0381.webp
LC-GP-0382,LC-GP-0382,ml,Inventory,Gel Polish,Solid Colours,,25,10ml,Bottle,,/img/b2b/solid-colours/LC-GP-0382.webp
LC-GP-0383,LC-GP-0383,ml,Inventory,Gel Polish,Solid Colours,,25,10ml,Bottle,,/img/b2b/solid-colours/LC-GP-0383.webp
LC-GP-0384,LC-GP-0384,ml,Inventory,Gel Polish,Solid Colours,,25,10ml,Bottle,,/img/b2b/solid-colours/LC-GP-0384.webp
LC-GP-0385,LC-GP-0385,ml,Inventory,Gel Polish,Solid Colours,,25,10ml,Bottle,,/img/b2b/solid-colours/LC-GP-0385.webp
LC-GP-0386,LC-GP-0386,ml,Inventory,Gel Polish,Solid Colours,,25,10ml,Bottle,,/img/b2b/solid-colours/LC-GP-0386.webp
LC-GP-0387,LC-GP-0387,ml,Inventory,Gel Polish,Solid Colours,,25,10ml,Bottle,,/img/b2b/solid-colours/LC-GP-0387.webp
LC-GP-0388,LC-GP-0388,ml,Inventory,Gel Polish,Solid Colours,,25,10ml,Bottle,,/img/b2b/solid-colours/LC-GP-0388.webp
LC-GP-0389,LC-GP-0389,ml,Inventory,Gel Polish,Solid Colours,,25,10ml,Bottle,,/img/b2b/solid-colours/LC-GP-0389.webp
LC-GP-0390,LC-GP-0390,ml,Inventory,Gel Polish,Solid Colours,,25,10ml,Bottle,,/img/b2b/solid-colours/LC-GP-0390.webp
LC-GP-0391,LC-GP-0391,ml,Inventory,Gel Polish,Solid Colours,,25,10ml,Bottle,,/img/b2b/solid-colours/LC-GP-0391.webp
LC-GP-0392,LC-GP-0392,ml,Inventory,Gel Polish,Solid Colours,,25,10ml,Bottle,,/img/b2b/solid-colours/LC-GP-0392.webp
LC-GP-0393,LC-GP-0393,ml,Inventory,Gel Polish,Solid Colours,,25,10ml,Bottle,,/img/b2b/solid-colours/LC-GP-0393.webp
LC-GP-0394,LC-GP-0394,ml,Inventory,Gel Polish,Solid Colours,,25,10ml,Bottle,,/img/b2b/solid-colours/LC-GP-0394.webp
LC-GP-0395,LC-GP-0395,ml,Inventory,Gel Polish,Solid Colours,,25,10ml,Bottle,,/img/b2b/solid-colours/LC-GP-0395.webp
LC-GP-0396,LC-GP-0396,ml,Inventory,Gel Polish,Solid Colours,,25,10ml,Bottle,,/img/b2b/solid-colours/LC-GP-0396.webp
LC-GP-0397,LC-GP-0397,ml,Inventory,Gel Polish,Solid Colours,,25,10ml,Bottle,,/img/b2b/solid-colours/LC-GP-0397.webp
LC-GP-0398,LC-GP-0398,ml,Inventory,Gel Polish,Solid Colours,,25,10ml,Bottle,,/img/b2b/solid-colours/LC-GP-0398.webp
LC-GP-0399,LC-GP-0399,ml,Inventory,Gel Polish,Solid Colours,,25,10ml,Bottle,,/img/b2b/solid-colours/LC-GP-0399.webp
LC-GP-0400,LC-GP-0400,ml,Inventory,Gel Polish,Solid Colours,,25,10ml,Bottle,,/img/b2b/solid-colours/LC-GP-0400.webp
LC-GP-0401,LC-GP-0401,ml,Inventory,Gel Polish,Solid Colours,,25,10ml,Bottle,,/img/b2b/solid-colours/LC-GP-0401.webp
LC-GP-0402,LC-GP-0402,ml,Inventory,Gel Polish,Solid Colours,,25,10ml,Bottle,,/img/b2b/solid-colours/LC-GP-0402.webp
LC-GP-0403,LC-GP-0403,ml,Inventory,Gel Polish,Solid Colours,,25,10ml,Bottle,,/img/b2b/solid-colours/LC-GP-0403.webp
LC-GP-0404,LC-GP-0404,ml,Inventory,Gel Polish,Solid Colours,,25,10ml,Bottle,,/img/b2b/solid-colours/LC-GP-0404.webp
LC-GP-0405,LC-GP-0405,ml,Inventory,Gel Polish,Solid Colours,,25,10ml,Bottle,,/img/b2b/solid-colours/LC-GP-0405.webp
LC-GP-0406,LC-GP-0406,ml,Inventory,Gel Polish,Solid Colours,,25,10ml,Bottle,,/img/b2b/solid-colours/LC-GP-0406.webp
LC-GP-0407,LC-GP-0407,ml,Inventory,Gel Polish,Solid Colours,,25,10ml,Bottle,,/img/b2b/solid-colours/LC-GP-0407.webp
LC-GP-0408,LC-GP-0408,ml,Inventory,Gel Polish,Solid Colours,,25,10ml,Bottle,,/img/b2b/solid-colours/LC-GP-0408.webp
LC-GP-0409,LC-GP-0409,ml,Inventory,Gel Polish,Solid Colours,,25,10ml,Bottle,,/img/b2b/solid-colours/LC-GP-0409.webp
LC-GP-0410,LC-GP-0410,ml,Inventory,Gel Polish,Solid Colours,,25,10ml,Bottle,,/img/b2b/solid-colours/LC-GP-0410.webp
LC-GP-0411,LC-GP-0411,ml,Inventory,Gel Polish,Solid Colours,,25,10ml,Bottle,,/img/b2b/solid-colours/LC-GP-0411.webp
LC-GP-0412,LC-GP-0412,ml,Inventory,Gel Polish,Solid Colours,,25,10ml,Bottle,,/img/b2b/solid-colours/LC-GP-0412.webp
LC-GP-0413,LC-GP-0413,ml,Inventory,Gel Polish,Solid Colours,,25,10ml,Bottle,,/img/b2b/solid-colours/LC-GP-0413.webp
LC-GP-0414,LC-GP-0414,ml,Inventory,Gel Polish,Solid Colours,,25,10ml,Bottle,,/img/b2b/solid-colours/LC-GP-0414.webp
LC-GP-0415,LC-GP-0415,ml,Inventory,Gel Polish,Solid Colours,,25,10ml,Bottle,,/img/b2b/solid-colours/LC-GP-0415.webp
LC-GP-0416,LC-GP-0416,ml,Inventory,Gel Polish,Solid Colours,,25,10ml,Bottle,,/img/b2b/solid-colours/LC-GP-0416.webp
LC-GP-0417,LC-GP-0417,ml,Inventory,Gel Polish,Solid Colours,,25,10ml,Bottle,,/img/b2b/solid-colours/LC-GP-0417.webp
LC-GP-0418,LC-GP-0418,ml,Inventory,Gel Polish,Solid Colours,,25,10ml,Bottle,,/img/b2b/solid-colours/LC-GP-0418.webp
LC-GP-0419,LC-GP-0419,ml,Inventory,Gel Polish,Solid Colours,,25,10ml,Bottle,,/img/b2b/solid-colours/LC-GP-0419.webp
LC-GP-0420,LC-GP-0420,ml,Inventory,Gel Polish,Solid Colours,,25,10ml,Bottle,,/img/b2b/solid-colours/LC-GP-0420.webp
LC-GP-0421,LC-GP-0421,ml,Inventory,Gel Polish,Solid Colours,,25,10ml,Bottle,,/img/b2b/solid-colours/LC-GP-0421.webp
LC-GP-0422,LC-GP-0422,ml,Inventory,Gel Polish,Solid Colours,,25,10ml,Bottle,,/img/b2b/solid-colours/LC-GP-0422.webp
LC-GP-0423,LC-GP-0423,ml,Inventory,Gel Polish,Solid Colours,,25,10ml,Bottle,,/img/b2b/solid-colours/LC-GP-0423.webp
LC-GP-0424,LC-GP-0424,ml,Inventory,Gel Polish,Solid Colours,,25,10ml,Bottle,,/img/b2b/solid-colours/LC-GP-0424.webp
LC-GP-0425,LC-GP-0425,ml,Inventory,Gel Polish,Solid Colours,,25,10ml,Bottle,,/img/b2b/solid-colours/LC-GP-0425.webp
LC-GP-0426,LC-GP-0426,ml,Inventory,Gel Polish,Solid Colours,,25,10ml,Bottle,,/img/b2b/solid-colours/LC-GP-0426.webp
LC-GP-0427,LC-GP-0427,ml,Inventory,Gel Polish,Solid Colours,,25,10ml,Bottle,,/img/b2b/solid-colours/LC-GP-0427.webp
LC-GP-0428,LC-GP-0428,ml,Inventory,Gel Polish,Solid Colours,,25,10ml,Bottle,,/img/b2b/solid-colours/LC-GP-0428.webp
LC-GP-0429,LC-GP-0429,ml,Inventory,Gel Polish,Solid Colours,,25,10ml,Bottle,,/img/b2b/solid-colours/LC-GP-0429.webp
LC-GP-0430,LC-GP-0430,ml,Inventory,Gel Polish,Solid Colours,,25,10ml,Bottle,,/img/b2b/solid-colours/LC-GP-0430.webp
LC-GP-0431,LC-GP-0431,ml,Inventory,Gel Polish,Solid Colours,,25,10ml,Bottle,,/img/b2b/solid-colours/LC-GP-0431.webp
LC-GP-0432,LC-GP-0432,ml,Inventory,Gel Polish,Solid Colours,,25,10ml,Bottle,,/img/b2b/solid-colours/LC-GP-0432.webp
LC-GP-0433,LC-GP-0433,ml,Inventory,Gel Polish,Solid Colours,,25,10ml,Bottle,,/img/b2b/solid-colours/LC-GP-0433.webp
LC-GP-0434,LC-GP-0434,ml,Inventory,Gel Polish,Solid Colours,,25,10ml,Bottle,,/img/b2b/solid-colours/LC-GP-0434.webp
LC-GP-0435,LC-GP-0435,ml,Inventory,Gel Polish,Solid Colours,,25,10ml,Bottle,,/img/b2b/solid-colours/LC-GP-0435.webp
LC-GP-0436,LC-GP-0436,ml,Inventory,Gel Polish,Solid Colours,,25,10ml,Bottle,,/img/b2b/solid-colours/LC-GP-0436.webp
LC-GP-0437,LC-GP-0437,ml,Inventory,Gel Polish,Solid Colours,,25,10ml,Bottle,,/img/b2b/solid-colours/LC-GP-0437.webp
LC-GP-0438,LC-GP-0438,ml,Inventory,Gel Polish,Solid Colours,,25,10ml,Bottle,,/img/b2b/solid-colours/LC-GP-0438.webp
LC-GP-0439,LC-GP-0439,ml,Inventory,Gel Polish,Solid Colours,,25,10ml,Bottle,,/img/b2b/solid-colours/LC-GP-0439.webp
LC-GP-0440,LC-GP-0440,ml,Inventory,Gel Polish,Solid Colours,,25,10ml,Bottle,,/img/b2b/solid-colours/LC-GP-0440.webp
LC-GP-0441,LC-GP-0441,ml,Inventory,Gel Polish,Solid Colours,,25,10ml,Bottle,,/img/b2b/solid-colours/LC-GP-0441.webp
LC-GP-0442,LC-GP-0442,ml,Inventory,Gel Polish,Solid Colours,,25,10ml,Bottle,,/img/b2b/solid-colours/LC-GP-0442.webp
LC-GP-0443,LC-GP-0443,ml,Inventory,Gel Polish,Solid Colours,,25,10ml,Bottle,,/img/b2b/solid-colours/LC-GP-0443.webp
LC-GP-0444,LC-GP-0444,ml,Inventory,Gel Polish,Solid Colours,,25,10ml,Bottle,,/img/b2b/solid-colours/LC-GP-0444.webp
LC-GP-0445,LC-GP-0445,ml,Inventory,Gel Polish,Solid Colours,,25,10ml,Bottle,,/img/b2b/solid-colours/LC-GP-0445.webp
LC-GP-0446,LC-GP-0446,ml,Inventory,Gel Polish,Solid Colours,,25,10ml,Bottle,,/img/b2b/solid-colours/LC-GP-0446.webp
LC-GP-0447,LC-GP-0447,ml,Inventory,Gel Polish,Solid Colours,,25,10ml,Bottle,,/img/b2b/solid-colours/LC-GP-0447.webp
LC-GP-0448,LC-GP-0448,ml,Inventory,Gel Polish,Solid Colours,,25,10ml,Bottle,,/img/b2b/solid-colours/LC-GP-0448.webp
LC-GP-0449,LC-GP-0449,ml,Inventory,Gel Polish,Solid Colours,,25,10ml,Bottle,,/img/b2b/solid-colours/LC-GP-0449.webp
LC-GP-0450,LC-GP-0450,ml,Inventory,Gel Polish,Solid Colours,,25,10ml,Bottle,,/img/b2b/solid-colours/LC-GP-0450.webp
LC-GP-0451,LC-GP-0451,ml,Inventory,Gel Polish,Solid Colours,,25,10ml,Bottle,,/img/b2b/solid-colours/LC-GP-0451.webp
LC-GP-0452,LC-GP-0452,ml,Inventory,Gel Polish,Solid Colours,,25,10ml,Bottle,,/img/b2b/solid-colours/LC-GP-0452.webp
LC-GP-0453,LC-GP-0453,ml,Inventory,Gel Polish,Solid Colours,,25,10ml,Bottle,,/img/b2b/solid-colours/LC-GP-0453.webp
LC-GP-0454,LC-GP-0454,ml,Inventory,Gel Polish,Solid Colours,,25,10ml,Bottle,,/img/b2b/solid-colours/LC-GP-0454.webp
LC-GP-0455,LC-GP-0455,ml,Inventory,Gel Polish,Solid Colours,,25,10ml,Bottle,,/img/b2b/solid-colours/LC-GP-0455.webp
LC-GP-0456,LC-GP-0456,ml,Inventory,Gel Polish,Solid Colours,,25,10ml,Bottle,,/img/b2b/solid-colours/LC-GP-0456.webp
LC-GP-0457,LC-GP-0457,ml,Inventory,Gel Polish,Solid Colours,,25,10ml,Bottle,,/img/b2b/solid-colours/LC-GP-0457.webp
LC-GP-0458,LC-GP-0458,ml,Inventory,Gel Polish,Solid Colours,,25,10ml,Bottle,,/img/b2b/solid-colours/LC-GP-0458.webp
LC-GP-0459,LC-GP-0459,ml,Inventory,Gel Polish,Solid Colours,,25,10ml,Bottle,,/img/b2b/solid-colours/LC-GP-0459.webp
LC-GP-0460,LC-GP-0460,ml,Inventory,Gel Polish,Solid Colours,,25,10ml,Bottle,,/img/b2b/solid-colours/LC-GP-0460.webp
LC-GP-0461,LC-GP-0461,ml,Inventory,Gel Polish,Solid Colours,,25,10ml,Bottle,,/img/b2b/solid-colours/LC-GP-0461.webp
LC-GP-0462,LC-GP-0462,ml,Inventory,Gel Polish,Solid Colours,,25,10ml,Bottle,,/img/b2b/solid-colours/LC-GP-0462.webp
LC-GP-0463,LC-GP-0463,ml,Inventory,Gel Polish,Solid Colours,,25,10ml,Bottle,,/img/b2b/solid-colours/LC-GP-0463.webp
LC-GP-0464,LC-GP-0464,ml,Inventory,Gel Polish,Solid Colours,,25,10ml,Bottle,,/img/b2b/solid-colours/LC-GP-0464.webp
LC-GP-0465,LC-GP-0465,ml,Inventory,Gel Polish,Solid Colours,,25,10ml,Bottle,,/img/b2b/solid-colours/LC-GP-0465.webp
LC-GP-0466,LC-GP-0466,ml,Inventory,Gel Polish,Solid Colours,,25,10ml,Bottle,,/img/b2b/solid-colours/LC-GP-0466.webp
LC-GP-0467,LC-GP-0467,ml,Inventory,Gel Polish,Solid Colours,,25,10ml,Bottle,,/img/b2b/solid-colours/LC-GP-0467.webp
LC-GP-0468,LC-GP-0468,ml,Inventory,Gel Polish,Solid Colours,,25,10ml,Bottle,,/img/b2b/solid-colours/LC-GP-0468.webp
LC-GP-0469,LC-GP-0469,ml,Inventory,Gel Polish,Solid Colours,,25,10ml,Bottle,,/img/b2b/solid-colours/LC-GP-0469.webp
LC-GP-0470,LC-GP-0470,ml,Inventory,Gel Polish,Solid Colours,,25,10ml,Bottle,,/img/b2b/solid-colours/LC-GP-0470.webp
LC-GP-0471,LC-GP-0471,ml,Inventory,Gel Polish,Solid Colours,,25,10ml,Bottle,,/img/b2b/solid-colours/LC-GP-0471.webp
LC-GP-0472,LC-GP-0472,ml,Inventory,Gel Polish,Solid Colours,,25,10ml,Bottle,,/img/b2b/solid-colours/LC-GP-0472.webp
LC-GP-0473,LC-GP-0473,ml,Inventory,Gel Polish,Solid Colours,,25,10ml,Bottle,,/img/b2b/solid-colours/LC-GP-0473.webp
LC-GP-0474,LC-GP-0474,ml,Inventory,Gel Polish,Solid Colours,,25,10ml,Bottle,,/img/b2b/solid-colours/LC-GP-0474.webp
LC-GP-0475,LC-GP-0475,ml,Inventory,Gel Polish,Solid Colours,,25,10ml,Bottle,,/img/b2b/solid-colours/LC-GP-0475.webp
LC-GP-0476,LC-GP-0476,ml,Inventory,Gel Polish,Solid Colours,,25,10ml,Bottle,,/img/b2b/solid-colours/LC-GP-0476.webp
LC-GP-0477,LC-GP-0477,ml,Inventory,Gel Polish,Solid Colours,,25,10ml,Bottle,,/img/b2b/solid-colours/LC-GP-0477.webp
LC-GP-0478,LC-GP-0478,ml,Inventory,Gel Polish,Solid Colours,,25,10ml,Bottle,,/img/b2b/solid-colours/LC-GP-0478.webp
LC-GP-0479,LC-GP-0479,ml,Inventory,Gel Polish,Solid Colours,,25,10ml,Bottle,,/img/b2b/solid-colours/LC-GP-0479.webp
LC-GP-0480,LC-GP-0480,ml,Inventory,Gel Polish,Solid Colours,,25,10ml,Bottle,,/img/b2b/solid-colours/LC-GP-0480.webp
LC-GP-0481,LC-GP-0481,ml,Inventory,Gel Polish,Solid Colours,,25,10ml,Bottle,,/img/b2b/solid-colours/LC-GP-0481.webp
LC-GP-0482,LC-GP-0482,ml,Inventory,Gel Polish,Solid Colours,,25,10ml,Bottle,,/img/b2b/solid-colours/LC-GP-0482.webp
LC-GP-0483,LC-GP-0483,ml,Inventory,Gel Polish,Solid Colours,,25,10ml,Bottle,,/img/b2b/solid-colours/LC-GP-0483.webp
LC-GP-0484,LC-GP-0484,ml,Inventory,Gel Polish,Solid Colours,,25,10ml,Bottle,,/img/b2b/solid-colours/LC-GP-0484.webp
LC-GP-0485,LC-GP-0485,ml,Inventory,Gel Polish,Solid Colours,,25,10ml,Bottle,,/img/b2b/solid-colours/LC-GP-0485.webp
LC-GP-0486,LC-GP-0486,ml,Inventory,Gel Polish,Solid Colours,,25,10ml,Bottle,,/img/b2b/solid-colours/LC-GP-0486.webp
LC-GP-0487,LC-GP-0487,ml,Inventory,Gel Polish,Solid Colours,,25,10ml,Bottle,,/img/b2b/solid-colours/LC-GP-0487.webp
LC-GP-0488,LC-GP-0488,ml,Inventory,Gel Polish,Solid Colours,,25,10ml,Bottle,,/img/b2b/solid-colours/LC-GP-0488.webp
LC-GP-0489,LC-GP-0489,ml,Inventory,Gel Polish,Solid Colours,,25,10ml,Bottle,,/img/b2b/solid-colours/LC-GP-0489.webp
LC-GP-0490,LC-GP-0490,ml,Inventory,Gel Polish,Solid Colours,,25,10ml,Bottle,,/img/b2b/solid-colours/LC-GP-0490.webp
LC-GP-0491,LC-GP-0491,ml,Inventory,Gel Polish,Solid Colours,,25,10ml,Bottle,,/img/b2b/solid-colours/LC-GP-0491.webp
LC-GP-0492,LC-GP-0492,ml,Inventory,Gel Polish,Solid Colours,,25,10ml,Bottle,,/img/b2b/solid-colours/LC-GP-0492.webp
LC-GP-0493,LC-GP-0493,ml,Inventory,Gel Polish,Solid Colours,,25,10ml,Bottle,,/img/b2b/solid-colours/LC-GP-0493.webp
LC-GP-0494,LC-GP-0494,ml,Inventory,Gel Polish,Solid Colours,,25,10ml,Bottle,,/img/b2b/solid-colours/LC-GP-0494.webp
LC-GP-0495,LC-GP-0495,ml,Inventory,Gel Polish,Solid Colours,,25,10ml,Bottle,,/img/b2b/solid-colours/LC-GP-0495.webp
LC-GP-0496,LC-GP-0496,ml,Inventory,Gel Polish,Solid Colours,,25,10ml,Bottle,,/img/b2b/solid-colours/LC-GP-0496.webp
LC-GP-0497,LC-GP-0497,ml,Inventory,Gel Polish,Solid Colours,,25,10ml,Bottle,,/img/b2b/solid-colours/LC-GP-0497.webp
LC-GP-0498,LC-GP-0498,ml,Inventory,Gel Polish,Solid Colours,,25,10ml,Bottle,,/img/b2b/solid-colours/LC-GP-0498.webp
LC-GP-0499,LC-GP-0499,ml,Inventory,Gel Polish,Solid Colours,,25,10ml,Bottle,,/img/b2b/solid-colours/LC-GP-0499.webp
LC-GP-0500,LC-GP-0500,ml,Inventory,Gel Polish,Solid Colours,,25,10ml,Bottle,,/img/b2b/solid-colours/LC-GP-0500.webp
LC-GP-0501,LC-GP-0501,ml,Inventory,Gel Polish,Solid Colours,,25,10ml,Bottle,,/img/b2b/solid-colours/LC-GP-0501.webp
LC-GP-0502,LC-GP-0502,ml,Inventory,Gel Polish,Solid Colours,,25,10ml,Bottle,,/img/b2b/solid-colours/LC-GP-0502.webp
LC-GP-0503,LC-GP-0503,ml,Inventory,Gel Polish,Solid Colours,,25,10ml,Bottle,,/img/b2b/solid-colours/LC-GP-0503.webp
LC-GP-0504,LC-GP-0504,ml,Inventory,Gel Polish,Solid Colours,,25,10ml,Bottle,,/img/b2b/solid-colours/LC-GP-0504.webp
LC-GP-0505,LC-GP-0505,ml,Inventory,Gel Polish,Solid Colours,,25,10ml,Bottle,,/img/b2b/solid-colours/LC-GP-0505.webp
LC-GP-0506,LC-GP-0506,ml,Inventory,Gel Polish,Solid Colours,,25,10ml,Bottle,,/img/b2b/solid-colours/LC-GP-0506.webp
LC-GP-0507,LC-GP-0507,ml,Inventory,Gel Polish,Solid Colours,,25,10ml,Bottle,,/img/b2b/solid-colours/LC-GP-0507.webp
LC-GP-0508,LC-GP-0508,ml,Inventory,Gel Polish,Solid Colours,,25,10ml,Bottle,,/img/b2b/solid-colours/LC-GP-0508.webp
LC-GP-0509,LC-GP-0509,ml,Inventory,Gel Polish,Solid Colours,,25,10ml,Bottle,,/img/b2b/solid-colours/LC-GP-0509.webp
LC-GP-0510,LC-GP-0510,ml,Inventory,Gel Polish,Solid Colours,,25,10ml,Bottle,,/img/b2b/solid-colours/LC-GP-0510.webp
LC-GP-0511,LC-GP-0511,ml,Inventory,Gel Polish,Solid Colours,,25,10ml,Bottle,,/img/b2b/solid-colours/LC-GP-0511.webp
LC-GP-0512,LC-GP-0512,ml,Inventory,Gel Polish,Solid Colours,,25,10ml,Bottle,,/img/b2b/solid-colours/LC-GP-0512.webp
LC-GP-0513,LC-GP-0513,ml,Inventory,Gel Polish,Solid Colours,,25,10ml,Bottle,,/img/b2b/solid-colours/LC-GP-0513.webp
LC-GP-0514,LC-GP-0514,ml,Inventory,Gel Polish,Solid Colours,,25,10ml,Bottle,,/img/b2b/solid-colours/LC-GP-0514.webp
LC-GP-0515,LC-GP-0515,ml,Inventory,Gel Polish,Solid Colours,,25,10ml,Bottle,,/img/b2b/solid-colours/LC-GP-0515.webp
LC-GP-0516,LC-GP-0516,ml,Inventory,Gel Polish,Solid Colours,,25,10ml,Bottle,,/img/b2b/solid-colours/LC-GP-0516.webp
LC-GP-0517,LC-GP-0517,ml,Inventory,Gel Polish,Solid Colours,,25,10ml,Bottle,,/img/b2b/solid-colours/LC-GP-0517.webp
LC-GP-0518,LC-GP-0518,ml,Inventory,Gel Polish,Solid Colours,,25,10ml,Bottle,,/img/b2b/solid-colours/LC-GP-0518.webp
LC-GP-0519,LC-GP-0519,ml,Inventory,Gel Polish,Solid Colours,,25,10ml,Bottle,,/img/b2b/solid-colours/LC-GP-0519.webp
LC-GP-0520,LC-GP-0520,ml,Inventory,Gel Polish,Solid Colours,,25,10ml,Bottle,,/img/b2b/solid-colours/LC-GP-0520.webp
LC-GP-0521,LC-GP-0521,ml,Inventory,Gel Polish,Solid Colours,,25,10ml,Bottle,,/img/b2b/solid-colours/LC-GP-0521.webp
LC-GP-0522,LC-GP-0522,ml,Inventory,Gel Polish,Solid Colours,,25,10ml,Bottle,,/img/b2b/solid-colours/LC-GP-0522.webp
LC-GP-0523,LC-GP-0523,ml,Inventory,Gel Polish,Solid Colours,,25,10ml,Bottle,,/img/b2b/solid-colours/LC-GP-0523.webp
LC-GP-0524,LC-GP-0524,ml,Inventory,Gel Polish,Solid Colours,,25,10ml,Bottle,,/img/b2b/solid-colours/LC-GP-0524.webp
LC-GP-0525,LC-GP-0525,ml,Inventory,Gel Polish,Solid Colours,,25,10ml,Bottle,,/img/b2b/solid-colours/LC-GP-0525.webp
LC-GP-0526,LC-GP-0526,ml,Inventory,Gel Polish,Solid Colours,,25,10ml,Bottle,,/img/b2b/solid-colours/LC-GP-0526.webp
LC-GP-0527,LC-GP-0527,ml,Inventory,Gel Polish,Solid Colours,,25,10ml,Bottle,,/img/b2b/solid-colours/LC-GP-0527.webp
LC-GP-0528,LC-GP-0528,ml,Inventory,Gel Polish,Solid Colours,,25,10ml,Bottle,,/img/b2b/solid-colours/LC-GP-0528.webp
LC-GP-0529,LC-GP-0529,ml,Inventory,Gel Polish,Solid Colours,,25,10ml,Bottle,,/img/b2b/solid-colours/LC-GP-0529.webp
LC-GP-0530,LC-GP-0530,ml,Inventory,Gel Polish,Solid Colours,,25,10ml,Bottle,,/img/b2b/solid-colours/LC-GP-0530.webp
LC-GP-0531,LC-GP-0531,ml,Inventory,Gel Polish,Solid Colours,,25,10ml,Bottle,,/img/b2b/solid-colours/LC-GP-0531.webp
LC-GP-0532,LC-GP-0532,ml,Inventory,Gel Polish,Solid Colours,,25,10ml,Bottle,,/img/b2b/solid-colours/LC-GP-0532.webp
LC-GP-0533,LC-GP-0533,ml,Inventory,Gel Polish,Solid Colours,,25,10ml,Bottle,,/img/b2b/solid-colours/LC-GP-0533.webp
LC-GP-0534,LC-GP-0534,ml,Inventory,Gel Polish,Solid Colours,,25,10ml,Bottle,,/img/b2b/solid-colours/LC-GP-0534.webp
LC-GP-0535,LC-GP-0535,ml,Inventory,Gel Polish,Solid Colours,,25,10ml,Bottle,,/img/b2b/solid-colours/LC-GP-0535.webp
LC-GP-0536,LC-GP-0536,ml,Inventory,Gel Polish,Solid Colours,,25,10ml,Bottle,,/img/b2b/solid-colours/LC-GP-0536.webp
LC-GP-0537,LC-GP-0537,ml,Inventory,Gel Polish,Solid Colours,,25,10ml,Bottle,,/img/b2b/solid-colours/LC-GP-0537.webp
LC-GP-0538,LC-GP-0538,ml,Inventory,Gel Polish,Solid Colours,,25,10ml,Bottle,,/img/b2b/solid-colours/LC-GP-0538.webp
LC-GP-0539,LC-GP-0539,ml,Inventory,Gel Polish,Solid Colours,,25,10ml,Bottle,,/img/b2b/solid-colours/LC-GP-0539.webp
LC-GP-0540,LC-GP-0540,ml,Inventory,Gel Polish,Solid Colours,,25,10ml,Bottle,,/img/b2b/solid-colours/LC-GP-0540.webp
LC-GP-0541,LC-GP-0541,ml,Inventory,Gel Polish,Solid Colours,,25,10ml,Bottle,,/img/b2b/solid-colours/LC-GP-0541.webp
LC-GP-0542,LC-GP-0542,ml,Inventory,Gel Polish,Solid Colours,,25,10ml,Bottle,,/img/b2b/solid-colours/LC-GP-0542.webp
LC-GP-0543,LC-GP-0543,ml,Inventory,Gel Polish,Solid Colours,,25,10ml,Bottle,,/img/b2b/solid-colours/LC-GP-0543.webp
LC-GP-0544,LC-GP-0544,ml,Inventory,Gel Polish,Solid Colours,,25,10ml,Bottle,,/img/b2b/solid-colours/LC-GP-0544.webp
LC-GP-0545,LC-GP-0545,ml,Inventory,Gel Polish,Solid Colours,,25,10ml,Bottle,,/img/b2b/solid-colours/LC-GP-0545.webp
LC-GP-0546,LC-GP-0546,ml,Inventory,Gel Polish,Solid Colours,,25,10ml,Bottle,,/img/b2b/solid-colours/LC-GP-0546.webp
LC-GP-0547,LC-GP-0547,ml,Inventory,Gel Polish,Solid Colours,,25,10ml,Bottle,,/img/b2b/solid-colours/LC-GP-0547.webp
LC-GP-0548,LC-GP-0548,ml,Inventory,Gel Polish,Solid Colours,,25,10ml,Bottle,,/img/b2b/solid-colours/LC-GP-0548.webp
LC-GP-0549,LC-GP-0549,ml,Inventory,Gel Polish,Solid Colours,,25,10ml,Bottle,,/img/b2b/solid-colours/LC-GP-0549.webp
LC-GP-0550,LC-GP-0550,ml,Inventory,Gel Polish,Solid Colours,,25,10ml,Bottle,,/img/b2b/solid-colours/LC-GP-0550.webp
LC-GP-0551,LC-GP-0551,ml,Inventory,Gel Polish,Solid Colours,,25,10ml,Bottle,,/img/b2b/solid-colours/LC-GP-0551.webp
LC-GP-0552,LC-GP-0552,ml,Inventory,Gel Polish,Solid Colours,,25,10ml,Bottle,,/img/b2b/solid-colours/LC-GP-0552.webp
LC-GP-0553,LC-GP-0553,ml,Inventory,Gel Polish,Solid Colours,,25,10ml,Bottle,,/img/b2b/solid-colours/LC-GP-0553.webp
LC-GP-0554,LC-GP-0554,ml,Inventory,Gel Polish,Solid Colours,,25,10ml,Bottle,,/img/b2b/solid-colours/LC-GP-0554.webp
LC-GP-0555,LC-GP-0555,ml,Inventory,Gel Polish,Solid Colours,,25,10ml,Bottle,,/img/b2b/solid-colours/LC-GP-0555.webp
LC-GP-0556,LC-GP-0556,ml,Inventory,Gel Polish,Solid Colours,,25,10ml,Bottle,,/img/b2b/solid-colours/LC-GP-0556.webp
LC-GP-0557,LC-GP-0557,ml,Inventory,Gel Polish,Solid Colours,,25,10ml,Bottle,,/img/b2b/solid-colours/LC-GP-0557.webp
LC-GP-0558,LC-GP-0558,ml,Inventory,Gel Polish,Solid Colours,,25,10ml,Bottle,,/img/b2b/solid-colours/LC-GP-0558.webp
LC-GP-0559,LC-GP-0559,ml,Inventory,Gel Polish,Solid Colours,,25,10ml,Bottle,,/img/b2b/solid-colours/LC-GP-0559.webp
LC-GP-0560,LC-GP-0560,ml,Inventory,Gel Polish,Solid Colours,,25,10ml,Bottle,,/img/b2b/solid-colours/LC-GP-0560.webp
LC-GP-0561,LC-GP-0561,ml,Inventory,Gel Polish,Solid Colours,,25,10ml,Bottle,,/img/b2b/solid-colours/LC-GP-0561.webp
LC-GP-0562,LC-GP-0562,ml,Inventory,Gel Polish,Solid Colours,,25,10ml,Bottle,,/img/b2b/solid-colours/LC-GP-0562.webp
LC-GP-0563,LC-GP-0563,ml,Inventory,Gel Polish,Solid Colours,,25,10ml,Bottle,,/img/b2b/solid-colours/LC-GP-0563.webp
LC-GP-0564,LC-GP-0564,ml,Inventory,Gel Polish,Solid Colours,,25,10ml,Bottle,,/img/b2b/solid-colours/LC-GP-0564.webp
LC-GP-0565,LC-GP-0565,ml,Inventory,Gel Polish,Solid Colours,,25,10ml,Bottle,,/img/b2b/solid-colours/LC-GP-0565.webp
LC-GP-0566,LC-GP-0566,ml,Inventory,Gel Polish,Solid Colours,,25,10ml,Bottle,,/img/b2b/solid-colours/LC-GP-0566.webp
LC-GP-0567,LC-GP-0567,ml,Inventory,Gel Polish,Solid Colours,,25,10ml,Bottle,,/img/b2b/solid-colours/LC-GP-0567.webp
LC-GP-0568,LC-GP-0568,ml,Inventory,Gel Polish,Solid Colours,,25,10ml,Bottle,,/img/b2b/solid-colours/LC-GP-0568.webp
LC-GP-0569,LC-GP-0569,ml,Inventory,Gel Polish,Solid Colours,,25,10ml,Bottle,,/img/b2b/solid-colours/LC-GP-0569.webp
LC-GP-0570,LC-GP-0570,ml,Inventory,Gel Polish,Solid Colours,,25,10ml,Bottle,,/img/b2b/solid-colours/LC-GP-0570.webp
LC-GP-0571,LC-GP-0571,ml,Inventory,Gel Polish,Solid Colours,,25,10ml,Bottle,,/img/b2b/solid-colours/LC-GP-0571.webp
LC-GP-0572,LC-GP-0572,ml,Inventory,Gel Polish,Solid Colours,,25,10ml,Bottle,,/img/b2b/solid-colours/LC-GP-0572.webp
LC-GP-0573,LC-GP-0573,ml,Inventory,Gel Polish,Solid Colours,,25,10ml,Bottle,,/img/b2b/solid-colours/LC-GP-0573.webp
LC-GP-0574,LC-GP-0574,ml,Inventory,Gel Polish,Solid Colours,,25,10ml,Bottle,,/img/b2b/solid-colours/LC-GP-0574.webp
LC-GP-0575,LC-GP-0575,ml,Inventory,Gel Polish,Solid Colours,,25,10ml,Bottle,,/img/b2b/solid-colours/LC-GP-0575.webp
LC-GP-0576,LC-GP-0576,ml,Inventory,Gel Polish,Solid Colours,,25,10ml,Bottle,,/img/b2b/solid-colours/LC-GP-0576.webp
LC-GP-0577,LC-GP-0577,ml,Inventory,Gel Polish,Solid Colours,,25,10ml,Bottle,,/img/b2b/solid-colours/LC-GP-0577.webp
LC-GP-0578,LC-GP-0578,ml,Inventory,Gel Polish,Solid Colours,,25,10ml,Bottle,,/img/b2b/solid-colours/LC-GP-0578.webp
LC-GP-0579,LC-GP-0579,ml,Inventory,Gel Polish,Solid Colours,,25,10ml,Bottle,,/img/b2b/solid-colours/LC-GP-0579.webp
LC-GP-0580,LC-GP-0580,ml,Inventory,Gel Polish,Solid Colours,,25,10ml,Bottle,,/img/b2b/solid-colours/LC-GP-0580.webp
LC-GP-0581,LC-GP-0581,ml,Inventory,Gel Polish,Solid Colours,,25,10ml,Bottle,,/img/b2b/solid-colours/LC-GP-0581.webp
LC-GP-0582,LC-GP-0582,ml,Inventory,Gel Polish,Solid Colours,,25,10ml,Bottle,,/img/b2b/solid-colours/LC-GP-0582.webp
LC-GP-0583,LC-GP-0583,ml,Inventory,Gel Polish,Solid Colours,,25,10ml,Bottle,,/img/b2b/solid-colours/LC-GP-0583.webp
LC-GP-0584,LC-GP-0584,ml,Inventory,Gel Polish,Solid Colours,,25,10ml,Bottle,,/img/b2b/solid-colours/LC-GP-0584.webp
LC-GP-0585,LC-GP-0585,ml,Inventory,Gel Polish,Solid Colours,,25,10ml,Bottle,,/img/b2b/solid-colours/LC-GP-0585.webp
LC-GP-0586,LC-GP-0586,ml,Inventory,Gel Polish,Solid Colours,,25,10ml,Bottle,,/img/b2b/solid-colours/LC-GP-0586.webp
LC-GP-0587,LC-GP-0587,ml,Inventory,Gel Polish,Solid Colours,,25,10ml,Bottle,,/img/b2b/solid-colours/LC-GP-0587.webp
LC-GP-0588,LC-GP-0588,ml,Inventory,Gel Polish,Solid Colours,,25,10ml,Bottle,,/img/b2b/solid-colours/LC-GP-0588.webp
LC-GP-0589,LC-GP-0589,ml,Inventory,Gel Polish,Solid Colours,,25,10ml,Bottle,,/img/b2b/solid-colours/LC-GP-0589.webp
LC-GP-0590,LC-GP-0590,ml,Inventory,Gel Polish,Solid Colours,,25,10ml,Bottle,,/img/b2b/solid-colours/LC-GP-0590.webp
LC-GP-0591,LC-GP-0591,ml,Inventory,Gel Polish,Solid Colours,,25,10ml,Bottle,,/img/b2b/solid-colours/LC-GP-0591.webp
LC-GP-0592,LC-GP-0592,ml,Inventory,Gel Polish,Solid Colours,,25,10ml,Bottle,,/img/b2b/solid-colours/LC-GP-0592.webp
LC-GP-0593,LC-GP-0593,ml,Inventory,Gel Polish,Solid Colours,,25,10ml,Bottle,,/img/b2b/solid-colours/LC-GP-0593.webp
LC-GP-0594,LC-GP-0594,ml,Inventory,Gel Polish,Solid Colours,,25,10ml,Bottle,,/img/b2b/solid-colours/LC-GP-0594.webp
LC-GP-0595,LC-GP-0595,ml,Inventory,Gel Polish,Solid Colours,,25,10ml,Bottle,,/img/b2b/solid-colours/LC-GP-0595.webp
LC-GP-0596,LC-GP-0596,ml,Inventory,Gel Polish,Solid Colours,,25,10ml,Bottle,,/img/b2b/solid-colours/LC-GP-0596.webp
LC-GP-0597,LC-GP-0597,ml,Inventory,Gel Polish,Solid Colours,,25,10ml,Bottle,,/img/b2b/solid-colours/LC-GP-0597.webp
LC-GP-0598,LC-GP-0598,ml,Inventory,Gel Polish,Solid Colours,,25,10ml,Bottle,,/img/b2b/solid-colours/LC-GP-0598.webp
LC-GP-0599,LC-GP-0599,ml,Inventory,Gel Polish,Solid Colours,,25,10ml,Bottle,,/img/b2b/solid-colours/LC-GP-0599.webp
LC-GP-0600,LC-GP-0600,ml,Inventory,Gel Polish,Solid Colours,,25,10ml,Bottle,,/img/b2b/solid-colours/LC-GP-0600.webp
LC-GP-0601,LC-GP-0601,ml,Inventory,Gel Polish,Solid Colours,,25,10ml,Bottle,,/img/b2b/solid-colours/LC-GP-0601.webp
LC-GP-0602,LC-GP-0602,ml,Inventory,Gel Polish,Solid Colours,,25,10ml,Bottle,,/img/b2b/solid-colours/LC-GP-0602.webp
LC-GP-0603,LC-GP-0603,ml,Inventory,Gel Polish,Solid Colours,,25,10ml,Bottle,,/img/b2b/solid-colours/LC-GP-0603.webp
LC-GP-0604,LC-GP-0604,ml,Inventory,Gel Polish,Solid Colours,,25,10ml,Bottle,,/img/b2b/solid-colours/LC-GP-0604.webp
LC-GP-0605,LC-GP-0605,ml,Inventory,Gel Polish,Solid Colours,,25,10ml,Bottle,,/img/b2b/solid-colours/LC-GP-0605.webp
LC-GP-0606,LC-GP-0606,ml,Inventory,Gel Polish,Solid Colours,,25,10ml,Bottle,,/img/b2b/solid-colours/LC-GP-0606.webp
LC-GP-0607,LC-GP-0607,ml,Inventory,Gel Polish,Solid Colours,,25,10ml,Bottle,,/img/b2b/solid-colours/LC-GP-0607.webp
LC-GP-0608,LC-GP-0608,ml,Inventory,Gel Polish,Solid Colours,,25,10ml,Bottle,,/img/b2b/solid-colours/LC-GP-0608.webp
LC-GP-0609,LC-GP-0609,ml,Inventory,Gel Polish,Solid Colours,,25,10ml,Bottle,,/img/b2b/solid-colours/LC-GP-0609.webp
LC-GP-0610,LC-GP-0610,ml,Inventory,Gel Polish,Solid Colours,,25,10ml,Bottle,,/img/b2b/solid-colours/LC-GP-0610.webp
LC-GP-0611,LC-GP-0611,ml,Inventory,Gel Polish,Solid Colours,,25,10ml,Bottle,,/img/b2b/solid-colours/LC-GP-0611.webp
LC-GP-0612,LC-GP-0612,ml,Inventory,Gel Polish,Solid Colours,,25,10ml,Bottle,,/img/b2b/solid-colours/LC-GP-0612.webp
LC-GP-0613,LC-GP-0613,ml,Inventory,Gel Polish,Solid Colours,,25,10ml,Bottle,,/img/b2b/solid-colours/LC-GP-0613.webp
LC-GP-0614,LC-GP-0614,ml,Inventory,Gel Polish,Solid Colours,,25,10ml,Bottle,,/img/b2b/solid-colours/LC-GP-0614.webp
LC-GP-0615,LC-GP-0615,ml,Inventory,Gel Polish,Solid Colours,,25,10ml,Bottle,,/img/b2b/solid-colours/LC-GP-0615.webp
LC-GP-0616,LC-GP-0616,ml,Inventory,Gel Polish,Solid Colours,,25,10ml,Bottle,,/img/b2b/solid-colours/LC-GP-0616.webp
LC-GP-0617,LC-GP-0617,ml,Inventory,Gel Polish,Solid Colours,,25,10ml,Bottle,,/img/b2b/solid-colours/LC-GP-0617.webp
LC-GP-0618,LC-GP-0618,ml,Inventory,Gel Polish,Solid Colours,,25,10ml,Bottle,,/img/b2b/solid-colours/LC-GP-0618.webp
LC-GP-0619,LC-GP-0619,ml,Inventory,Gel Polish,Solid Colours,,25,10ml,Bottle,,/img/b2b/solid-colours/LC-GP-0619.webp
LC-GP-0620,LC-GP-0620,ml,Inventory,Gel Polish,Solid Colours,,25,10ml,Bottle,,/img/b2b/solid-colours/LC-GP-0620.webp
LC-GP-0621,LC-GP-0621,ml,Inventory,Gel Polish,Solid Colours,,25,10ml,Bottle,,/img/b2b/solid-colours/LC-GP-0621.webp
LC-GP-0622,LC-GP-0622,ml,Inventory,Gel Polish,Solid Colours,,25,10ml,Bottle,,/img/b2b/solid-colours/LC-GP-0622.webp
LC-GP-0623,LC-GP-0623,ml,Inventory,Gel Polish,Solid Colours,,25,10ml,Bottle,,/img/b2b/solid-colours/LC-GP-0623.webp
LC-GP-0624,LC-GP-0624,ml,Inventory,Gel Polish,Solid Colours,,25,10ml,Bottle,,/img/b2b/solid-colours/LC-GP-0624.webp
LC-GP-0625,LC-GP-0625,ml,Inventory,Gel Polish,Solid Colours,,25,10ml,Bottle,,/img/b2b/solid-colours/LC-GP-0625.webp
LC-GP-0626,LC-GP-0626,ml,Inventory,Gel Polish,Solid Colours,,25,10ml,Bottle,,/img/b2b/solid-colours/LC-GP-0626.webp
LC-GP-0627,LC-GP-0627,ml,Inventory,Gel Polish,Solid Colours,,25,10ml,Bottle,,/img/b2b/solid-colours/LC-GP-0627.webp
LC-GP-0628,LC-GP-0628,ml,Inventory,Gel Polish,Solid Colours,,25,10ml,Bottle,,/img/b2b/solid-colours/LC-GP-0628.webp
LC-GP-0629,LC-GP-0629,ml,Inventory,Gel Polish,Solid Colours,,25,10ml,Bottle,,/img/b2b/solid-colours/LC-GP-0629.webp
LC-GP-0630,LC-GP-0630,ml,Inventory,Gel Polish,Solid Colours,,25,10ml,Bottle,,/img/b2b/solid-colours/LC-GP-0630.webp
LC-GP-0631,LC-GP-0631,ml,Inventory,Gel Polish,Solid Colours,,25,10ml,Bottle,,/img/b2b/solid-colours/LC-GP-0631.webp
LC-GP-0632,LC-GP-0632,ml,Inventory,Gel Polish,Solid Colours,,25,10ml,Bottle,,/img/b2b/solid-colours/LC-GP-0632.webp
LC-GP-0633,LC-GP-0633,ml,Inventory,Gel Polish,Solid Colours,,25,10ml,Bottle,,/img/b2b/solid-colours/LC-GP-0633.webp
LC-GP-0634,LC-GP-0634,ml,Inventory,Gel Polish,Solid Colours,,25,10ml,Bottle,,/img/b2b/solid-colours/LC-GP-0634.webp
LC-GP-0635,LC-GP-0635,ml,Inventory,Gel Polish,Solid Colours,,25,10ml,Bottle,,/img/b2b/solid-colours/LC-GP-0635.webp
LC-GP-0636,LC-GP-0636,ml,Inventory,Gel Polish,Solid Colours,,25,10ml,Bottle,,/img/b2b/solid-colours/LC-GP-0636.webp
LC-GP-0637,LC-GP-0637,ml,Inventory,Gel Polish,Solid Colours,,25,10ml,Bottle,,/img/b2b/solid-colours/LC-GP-0637.webp
LC-GP-0638,LC-GP-0638,ml,Inventory,Gel Polish,Solid Colours,,25,10ml,Bottle,,/img/b2b/solid-colours/LC-GP-0638.webp
LC-GP-0639,LC-GP-0639,ml,Inventory,Gel Polish,Solid Colours,,25,10ml,Bottle,,/img/b2b/solid-colours/LC-GP-0639.webp
LC-GP-0640,LC-GP-0640,ml,Inventory,Gel Polish,Solid Colours,,25,10ml,Bottle,,/img/b2b/solid-colours/LC-GP-0640.webp
LC-GP-641,LC-GP-641,ml,Inventory,Gel Polish,Solid Colours,,25,10ml,Bottle,,/img/b2b/solid-colours/LC-GP-641.webp
LC-GP-0641,LC-GP-0641,ml,Inventory,Gel Polish,Solid Colours,Colour: #683030,25,10ml,Bottle,#683030,
LC-GP-642,LC-GP-642,ml,Inventory,Gel Polish,Solid Colours,,25,10ml,Bottle,,/img/b2b/solid-colours/LC-GP-642.webp
LC-GP-0642,LC-GP-0642,ml,Inventory,Gel Polish,Solid Colours,Colour: #681820,25,10ml,Bottle,#681820,
LC-GP-643,LC-GP-643,ml,Inventory,Gel Polish,Solid Colours,,25,10ml,Bottle,,/img/b2b/solid-colours/LC-GP-643.webp
LC-GP-0643,LC-GP-0643,ml,Inventory,Gel Polish,Solid Colours,Colour: #782038,25,10ml,Bottle,#782038,
LC-GP-644,LC-GP-644,ml,Inventory,Gel Polish,Solid Colours,,25,10ml,Bottle,,/img/b2b/solid-colours/LC-GP-644.webp
LC-GP-0644,LC-GP-0644,ml,Inventory,Gel Polish,Solid Colours,Colour: #782028,25,10ml,Bottle,#782028,
LC-GP-645,LC-GP-645,ml,Inventory,Gel Polish,Solid Colours,,25,10ml,Bottle,,/img/b2b/solid-colours/LC-GP-645.webp
LC-GP-0645,LC-GP-0645,ml,Inventory,Gel Polish,Solid Colours,Colour: #702828,25,10ml,Bottle,#702828,
LC-GP-646,LC-GP-646,ml,Inventory,Gel Polish,Solid Colours,,25,10ml,Bottle,,/img/b2b/solid-colours/LC-GP-646.webp
LC-GP-0646,LC-GP-0646,ml,Inventory,Gel Polish,Solid Colours,Colour: #683028,25,10ml,Bottle,#683028,
LC-GP-647,LC-GP-647,ml,Inventory,Gel Polish,Solid Colours,,25,10ml,Bottle,,/img/b2b/solid-colours/LC-GP-647.webp
LC-GP-0647,LC-GP-0647,ml,Inventory,Gel Polish,Solid Colours,Colour: #583030,25,10ml,Bottle,#583030,
LC-GP-648,LC-GP-648,ml,Inventory,Gel Polish,Solid Colours,,25,10ml,Bottle,,/img/b2b/solid-colours/LC-GP-648.webp
LC-GP-0648,LC-GP-0648,ml,Inventory,Gel Polish,Solid Colours,Colour: #602020,25,10ml,Bottle,#602020,
LC-GP-649,LC-GP-649,ml,Inventory,Gel Polish,Solid Colours,,25,10ml,Bottle,,/img/b2b/solid-colours/LC-GP-649.webp
LC-GP-0649,LC-GP-0649,ml,Inventory,Gel Polish,Solid Colours,Colour: #701820,25,10ml,Bottle,#701820,
LC-GP-650,LC-GP-650,ml,Inventory,Gel Polish,Solid Colours,,25,10ml,Bottle,,/img/b2b/solid-colours/LC-GP-650.webp
LC-GP-0650,LC-GP-0650,ml,Inventory,Gel Polish,Solid Colours,Colour: #602028,25,10ml,Bottle,#602028,
LC-GP-651,LC-GP-651,ml,Inventory,Gel Polish,Solid Colours,,25,10ml,Bottle,,/img/b2b/solid-colours/LC-GP-651.webp
LC-GP-0651,LC-GP-0651,ml,Inventory,Gel Polish,Solid Colours,Colour: #682830,25,10ml,Bottle,#682830,
LC-GP-652,LC-GP-652,ml,Inventory,Gel Polish,Solid Colours,,25,10ml,Bottle,,/img/b2b/solid-colours/LC-GP-652.webp
LC-GP-0652,LC-GP-0652,ml,Inventory,Gel Polish,Solid Colours,Colour: #601818,25,10ml,Bottle,#601818,
LC-GP-653,LC-GP-653,ml,Inventory,Gel Polish,Solid Colours,,25,10ml,Bottle,,/img/b2b/solid-colours/LC-GP-653.webp
LC-GP-0653,LC-GP-0653,ml,Inventory,Gel Polish,Solid Colours,Colour: #783828,25,10ml,Bottle,#783828,
LC-GP-654,LC-GP-654,ml,Inventory,Gel Polish,Solid Colours,,25,10ml,Bottle,,/img/b2b/solid-colours/LC-GP-654.webp
LC-GP-0654,LC-GP-0654,ml,Inventory,Gel Polish,Solid Colours,Colour: #683028,25,10ml,Bottle,#683028,
LC-GP-655,LC-GP-655,ml,Inventory,Gel Polish,Solid Colours,,25,10ml,Bottle,,/img/b2b/solid-colours/LC-GP-655.webp
LC-GP-0655,LC-GP-0655,ml,Inventory,Gel Polish,Solid Colours,Colour: #482830,25,10ml,Bottle,#482830,
LC-GP-656,LC-GP-656,ml,Inventory,Gel Polish,Solid Colours,,25,10ml,Bottle,,/img/b2b/solid-colours/LC-GP-656.webp
LC-GP-0656,LC-GP-0656,ml,Inventory,Gel Polish,Solid Colours,Colour: #403030,25,10ml,Bottle,#403030,
LC-GP-657,LC-GP-657,ml,Inventory,Gel Polish,Solid Colours,,25,10ml,Bottle,,/img/b2b/solid-colours/LC-GP-657.webp
LC-GP-0657,LC-GP-0657,ml,Inventory,Gel Polish,Solid Colours,Colour: #501820,25,10ml,Bottle,#501820,
LC-GP-658,LC-GP-658,ml,Inventory,Gel Polish,Solid Colours,,25,10ml,Bottle,,/img/b2b/solid-colours/LC-GP-658.webp
LC-GP-0658,LC-GP-0658,ml,Inventory,Gel Polish,Solid Colours,Colour: #502828,25,10ml,Bottle,#502828,
LC-GP-659,LC-GP-659,ml,Inventory,Gel Polish,Solid Colours,,25,10ml,Bottle,,/img/b2b/solid-colours/LC-GP-659.webp
LC-GP-0659,LC-GP-0659,ml,Inventory,Gel Polish,Solid Colours,Colour: #301818,25,10ml,Bottle,#301818,
LC-GP-660,LC-GP-660,ml,Inventory,Gel Polish,Solid Colours,,25,10ml,Bottle,,/img/b2b/solid-colours/LC-GP-660.webp
LC-GP-0660,LC-GP-0660,ml,Inventory,Gel Polish,Solid Colours,Colour: #181818,25,10ml,Bottle,#181818,
LC-GP-661,LC-GP-661,ml,Inventory,Gel Polish,Solid Colours,,25,10ml,Bottle,,/img/b2b/solid-colours/LC-GP-661.webp
LC-GP-0661,LC-GP-0661,ml,Inventory,Gel Polish,Solid Colours,Colour: #301818,25,10ml,Bottle,#301818,
LC-GP-662,LC-GP-662,ml,Inventory,Gel Polish,Solid Colours,,25,10ml,Bottle,,/img/b2b/solid-colours/LC-GP-662.webp
LC-GP-0662,LC-GP-0662,ml,Inventory,Gel Polish,Solid Colours,Colour: #402020,25,10ml,Bottle,#402020,
LC-GP-663,LC-GP-663,ml,Inventory,Gel Polish,Solid Colours,,25,10ml,Bottle,,/img/b2b/solid-colours/LC-GP-663.webp
LC-GP-0663,LC-GP-0663,ml,Inventory,Gel Polish,Solid Colours,Colour: #382028,25,10ml,Bottle,#382028,
LC-GP-664,LC-GP-664,ml,Inventory,Gel Polish,Solid Colours,,25,10ml,Bottle,,/img/b2b/solid-colours/LC-GP-664.webp
LC-GP-0664,LC-GP-0664,ml,Inventory,Gel Polish,Solid Colours,Colour: #402020,25,10ml,Bottle,#402020,
LC-GP-665,LC-GP-665,ml,Inventory,Gel Polish,Solid Colours,,25,10ml,Bottle,,/img/b2b/solid-colours/LC-GP-665.webp
LC-GP-0665,LC-GP-0665,ml,Inventory,Gel Polish,Solid Colours,Colour: #402028,25,10ml,Bottle,#402028,
LC-GP-666,LC-GP-666,ml,Inventory,Gel Polish,Solid Colours,,25,10ml,Bottle,,/img/b2b/solid-colours/LC-GP-666.webp
LC-GP-0666,LC-GP-0666,ml,Inventory,Gel Polish,Solid Colours,Colour: #482030,25,10ml,Bottle,#482030,
LC-GP-667,LC-GP-667,ml,Inventory,Gel Polish,Solid Colours,,25,10ml,Bottle,,/img/b2b/solid-colours/LC-GP-667.webp
LC-GP-0667,LC-GP-0667,ml,Inventory,Gel Polish,Solid Colours,Colour: #301820,25,10ml,Bottle,#301820,
LC-GP-668,LC-GP-668,ml,Inventory,Gel Polish,Solid Colours,,25,10ml,Bottle,,/img/b2b/solid-colours/LC-GP-668.webp
LC-GP-0668,LC-GP-0668,ml,Inventory,Gel Polish,Solid Colours,Colour: #481898,25,10ml,Bottle,#481898,
LC-GP-669,LC-GP-669,ml,Inventory,Gel Polish,Solid Colours,,25,10ml,Bottle,,/img/b2b/solid-colours/LC-GP-669.webp
LC-GP-0669,LC-GP-0669,ml,Inventory,Gel Polish,Solid Colours,Colour: #582880,25,10ml,Bottle,#582880,
LC-GP-670,LC-GP-670,ml,Inventory,Gel Polish,Solid Colours,,25,10ml,Bottle,,/img/b2b/solid-colours/LC-GP-670.webp
LC-GP-0670,LC-GP-0670,ml,Inventory,Gel Polish,Solid Colours,Colour: #502078,25,10ml,Bottle,#502078,
LC-GP-671,LC-GP-671,ml,Inventory,Gel Polish,Solid Colours,,25,10ml,Bottle,,/img/b2b/solid-colours/LC-GP-671.webp
LC-GP-0671,LC-GP-0671,ml,Inventory,Gel Polish,Solid Colours,Colour: #281838,25,10ml,Bottle,#281838,
LC-GP-672,LC-GP-672,ml,Inventory,Gel Polish,Solid Colours,,25,10ml,Bottle,,/img/b2b/solid-colours/LC-GP-672.webp
LC-GP-0672,LC-GP-0672,ml,Inventory,Gel Polish,Solid Colours,Colour: #481870,25,10ml,Bottle,#481870,
LC-GP-673,LC-GP-673,ml,Inventory,Gel Polish,Solid Colours,,25,10ml,Bottle,,/img/b2b/solid-colours/LC-GP-673.webp
LC-GP-0673,LC-GP-0673,ml,Inventory,Gel Polish,Solid Colours,Colour: #501870,25,10ml,Bottle,#501870,
LC-GP-674,LC-GP-674,ml,Inventory,Gel Polish,Solid Colours,,25,10ml,Bottle,,/img/b2b/solid-colours/LC-GP-674.webp
LC-GP-0674,LC-GP-0674,ml,Inventory,Gel Polish,Solid Colours,Colour: #482860,25,10ml,Bottle,#482860,
LC-GP-675,LC-GP-675,ml,Inventory,Gel Polish,Solid Colours,,25,10ml,Bottle,,/img/b2b/solid-colours/LC-GP-675.webp
LC-GP-0675,LC-GP-0675,ml,Inventory,Gel Polish,Solid Colours,Colour: #402038,25,10ml,Bottle,#402038,
LC-GP-676,LC-GP-676,ml,Inventory,Gel Polish,Solid Colours,,25,10ml,Bottle,,/img/b2b/solid-colours/LC-GP-676.webp
LC-GP-0676,LC-GP-0676,ml,Inventory,Gel Polish,Solid Colours,Colour: #7818A0,25,10ml,Bottle,#7818A0,
LC-GP-677,LC-GP-677,ml,Inventory,Gel Polish,Solid Colours,,25,10ml,Bottle,,/img/b2b/solid-colours/LC-GP-677.webp
LC-GP-0677,LC-GP-0677,ml,Inventory,Gel Polish,Solid Colours,Colour: #8048A0,25,10ml,Bottle,#8048A0,
LC-GP-678,LC-GP-678,ml,Inventory,Gel Polish,Solid Colours,,25,10ml,Bottle,,/img/b2b/solid-colours/LC-GP-678.webp
LC-GP-0678,LC-GP-0678,ml,Inventory,Gel Polish,Solid Colours,Colour: #603888,25,10ml,Bottle,#603888,
LC-GP-679,LC-GP-679,ml,Inventory,Gel Polish,Solid Colours,,25,10ml,Bottle,,/img/b2b/solid-colours/LC-GP-679.webp
LC-GP-0679,LC-GP-0679,ml,Inventory,Gel Polish,Solid Colours,Colour: #704098,25,10ml,Bottle,#704098,
LC-GP-680,LC-GP-680,ml,Inventory,Gel Polish,Solid Colours,,25,10ml,Bottle,,/img/b2b/solid-colours/LC-GP-680.webp
LC-GP-0680,LC-GP-0680,ml,Inventory,Gel Polish,Solid Colours,Colour: #603090,25,10ml,Bottle,#603090,
LC-GP-681,LC-GP-681,ml,Inventory,Gel Polish,Solid Colours,,25,10ml,Bottle,,/img/b2b/solid-colours/LC-GP-681.webp
LC-GP-0681,LC-GP-0681,ml,Inventory,Gel Polish,Solid Colours,Colour: #603888,25,10ml,Bottle,#603888,
LC-GP-682,LC-GP-682,ml,Inventory,Gel Polish,Solid Colours,,25,10ml,Bottle,,/img/b2b/solid-colours/LC-GP-682.webp
LC-GP-0682,LC-GP-0682,ml,Inventory,Gel Polish,Solid Colours,Colour: #5018A0,25,10ml,Bottle,#5018A0,
LC-GP-683,LC-GP-683,ml,Inventory,Gel Polish,Solid Colours,,25,10ml,Bottle,,/img/b2b/solid-colours/LC-GP-683.webp
LC-GP-0683,LC-GP-0683,ml,Inventory,Gel Polish,Solid Colours,Colour: #402058,25,10ml,Bottle,#402058,
LC-GP-684,LC-GP-684,ml,Inventory,Gel Polish,Solid Colours,,25,10ml,Bottle,,/img/b2b/solid-colours/LC-GP-684.webp
LC-GP-0684,LC-GP-0684,ml,Inventory,Gel Polish,Solid Colours,Colour: #684878,25,10ml,Bottle,#684878,
LC-GP-685,LC-GP-685,ml,Inventory,Gel Polish,Solid Colours,,25,10ml,Bottle,,/img/b2b/solid-colours/LC-GP-685.webp
LC-GP-0685,LC-GP-0685,ml,Inventory,Gel Polish,Solid Colours,Colour: #603868,25,10ml,Bottle,#603868,
LC-GP-686,LC-GP-686,ml,Inventory,Gel Polish,Solid Colours,,25,10ml,Bottle,,/img/b2b/solid-colours/LC-GP-686.webp
LC-GP-0686,LC-GP-0686,ml,Inventory,Gel Polish,Solid Colours,Colour: #704078,25,10ml,Bottle,#704078,
LC-GP-687,LC-GP-687,ml,Inventory,Gel Polish,Solid Colours,,25,10ml,Bottle,,/img/b2b/solid-colours/LC-GP-687.webp
LC-GP-0687,LC-GP-0687,ml,Inventory,Gel Polish,Solid Colours,Colour: #905078,25,10ml,Bottle,#905078,
LC-GP-688,LC-GP-688,ml,Inventory,Gel Polish,Solid Colours,,25,10ml,Bottle,,/img/b2b/solid-colours/LC-GP-688.webp
LC-GP-0688,LC-GP-0688,ml,Inventory,Gel Polish,Solid Colours,Colour: #A06890,25,10ml,Bottle,#A06890,
LC-GP-689,LC-GP-689,ml,Inventory,Gel Polish,Solid Colours,,25,10ml,Bottle,,/img/b2b/solid-colours/LC-GP-689.webp
LC-GP-0689,LC-GP-0689,ml,Inventory,Gel Polish,Solid Colours,Colour: #A878D8,25,10ml,Bottle,#A878D8,
LC-GP-690,LC-GP-690,ml,Inventory,Gel Polish,Solid Colours,,25,10ml,Bottle,,/img/b2b/solid-colours/LC-GP-690.webp
LC-GP-0690,LC-GP-0690,ml,Inventory,Gel Polish,Solid Colours,Colour: #A068D0,25,10ml,Bottle,#A068D0,
LC-GP-691,LC-GP-691,ml,Inventory,Gel Polish,Solid Colours,,25,10ml,Bottle,,/img/b2b/solid-colours/LC-GP-691.webp
LC-GP-0691,LC-GP-0691,ml,Inventory,Gel Polish,Solid Colours,Colour: #9870B8,25,10ml,Bottle,#9870B8,
LC-GP-692,LC-GP-692,ml,Inventory,Gel Polish,Solid Colours,,25,10ml,Bottle,,/img/b2b/solid-colours/LC-GP-692.webp
LC-GP-0692,LC-GP-0692,ml,Inventory,Gel Polish,Solid Colours,Colour: #D080D8,25,10ml,Bottle,#D080D8,
LC-GP-693,LC-GP-693,ml,Inventory,Gel Polish,Solid Colours,,25,10ml,Bottle,,/img/b2b/solid-colours/LC-GP-693.webp
LC-GP-0693,LC-GP-0693,ml,Inventory,Gel Polish,Solid Colours,Colour: #B080B8,25,10ml,Bottle,#B080B8,
LC-GP-694,LC-GP-694,ml,Inventory,Gel Polish,Solid Colours,,25,10ml,Bottle,,/img/b2b/solid-colours/LC-GP-694.webp
LC-GP-0694,LC-GP-0694,ml,Inventory,Gel Polish,Solid Colours,Colour: #9860A0,25,10ml,Bottle,#9860A0,
LC-GP-695,LC-GP-695,ml,Inventory,Gel Polish,Solid Colours,,25,10ml,Bottle,,/img/b2b/solid-colours/LC-GP-695.webp
LC-GP-0695,LC-GP-0695,ml,Inventory,Gel Polish,Solid Colours,Colour: #D878E8,25,10ml,Bottle,#D878E8,
LC-GP-696,LC-GP-696,ml,Inventory,Gel Polish,Solid Colours,,25,10ml,Bottle,,/img/b2b/solid-colours/LC-GP-696.webp
LC-GP-0696,LC-GP-0696,ml,Inventory,Gel Polish,Solid Colours,Colour: #B068B8,25,10ml,Bottle,#B068B8,
LC-GP-697,LC-GP-697,ml,Inventory,Gel Polish,Solid Colours,,25,10ml,Bottle,,/img/b2b/solid-colours/LC-GP-697.webp
LC-GP-0697,LC-GP-0697,ml,Inventory,Gel Polish,Solid Colours,Colour: #B058B8,25,10ml,Bottle,#B058B8,
LC-GP-698,LC-GP-698,ml,Inventory,Gel Polish,Solid Colours,,25,10ml,Bottle,,/img/b2b/solid-colours/LC-GP-698.webp
LC-GP-0698,LC-GP-0698,ml,Inventory,Gel Polish,Solid Colours,Colour: #9058C8,25,10ml,Bottle,#9058C8,
LC-GP-699,LC-GP-699,ml,Inventory,Gel Polish,Solid Colours,,25,10ml,Bottle,,/img/b2b/solid-colours/LC-GP-699.webp
LC-GP-0699,LC-GP-0699,ml,Inventory,Gel Polish,Solid Colours,Colour: #9070C8,25,10ml,Bottle,#9070C8,
LC-GP-700,LC-GP-700,ml,Inventory,Gel Polish,Solid Colours,,25,10ml,Bottle,,/img/b2b/solid-colours/LC-GP-700.webp
LC-GP-0700,LC-GP-0700,ml,Inventory,Gel Polish,Solid Colours,Colour: #8848B8,25,10ml,Bottle,#8848B8,
LC-GP-701,LC-GP-701,ml,Inventory,Gel Polish,Solid Colours,,25,10ml,Bottle,,/img/b2b/solid-colours/LC-GP-701.webp
LC-GP-0701,LC-GP-0701,ml,Inventory,Gel Polish,Solid Colours,Colour: #9840B0,25,10ml,Bottle,#9840B0,
LC-GP-702,LC-GP-702,ml,Inventory,Gel Polish,Solid Colours,,25,10ml,Bottle,,/img/b2b/solid-colours/LC-GP-702.webp
LC-GP-0702,LC-GP-0702,ml,Inventory,Gel Polish,Solid Colours,Colour: #704098,25,10ml,Bottle,#704098,
LC-GP-703,LC-GP-703,ml,Inventory,Gel Polish,Solid Colours,,25,10ml,Bottle,,/img/b2b/solid-colours/LC-GP-703.webp
LC-GP-0703,LC-GP-0703,ml,Inventory,Gel Polish,Solid Colours,Colour: #8050A0,25,10ml,Bottle,#8050A0,
LC-GP-704,LC-GP-704,ml,Inventory,Gel Polish,Solid Colours,,25,10ml,Bottle,,/img/b2b/solid-colours/LC-GP-704.webp
LC-GP-0704,LC-GP-0704,ml,Inventory,Gel Polish,Solid Colours,Colour: #9050C8,25,10ml,Bottle,#9050C8,
LC-GP-705,LC-GP-705,ml,Inventory,Gel Polish,Solid Colours,,25,10ml,Bottle,,/img/b2b/solid-colours/LC-GP-705.webp
LC-GP-0705,LC-GP-0705,ml,Inventory,Gel Polish,Solid Colours,Colour: #A088B8,25,10ml,Bottle,#A088B8,
LC-GP-706,LC-GP-706,ml,Inventory,Gel Polish,Solid Colours,,25,10ml,Bottle,,/img/b2b/solid-colours/LC-GP-706.webp
LC-GP-0706,LC-GP-0706,ml,Inventory,Gel Polish,Solid Colours,Colour: #B070A8,25,10ml,Bottle,#B070A8,
LC-GP-707,LC-GP-707,ml,Inventory,Gel Polish,Solid Colours,,25,10ml,Bottle,,/img/b2b/solid-colours/LC-GP-707.webp
LC-GP-0707,LC-GP-0707,ml,Inventory,Gel Polish,Solid Colours,Colour: #B07098,25,10ml,Bottle,#B07098,
LC-GP-708,LC-GP-708,ml,Inventory,Gel Polish,Solid Colours,,25,10ml,Bottle,,/img/b2b/solid-colours/LC-GP-708.webp
LC-GP-0708,LC-GP-0708,ml,Inventory,Gel Polish,Solid Colours,Colour: #B86090,25,10ml,Bottle,#B86090,
LC-GP-709,LC-GP-709,ml,Inventory,Gel Polish,Solid Colours,,25,10ml,Bottle,,/img/b2b/solid-colours/LC-GP-709.webp
LC-GP-0709,LC-GP-0709,ml,Inventory,Gel Polish,Solid Colours,Colour: #C07898,25,10ml,Bottle,#C07898,
LC-GP-710,LC-GP-710,ml,Inventory,Gel Polish,Solid Colours,,25,10ml,Bottle,,/img/b2b/solid-colours/LC-GP-710.webp
LC-GP-0710,LC-GP-0710,ml,Inventory,Gel Polish,Solid Colours,Colour: #D090B0,25,10ml,Bottle,#D090B0,
LC-GP-711,LC-GP-711,ml,Inventory,Gel Polish,Solid Colours,,25,10ml,Bottle,,/img/b2b/solid-colours/LC-GP-711.webp
LC-GP-0711,LC-GP-0711,ml,Inventory,Gel Polish,Solid Colours,Colour: #C07098,25,10ml,Bottle,#C07098,
LC-GP-712,LC-GP-712,ml,Inventory,Gel Polish,Solid Colours,,25,10ml,Bottle,,/img/b2b/solid-colours/LC-GP-712.webp
LC-GP-0712,LC-GP-0712,ml,Inventory,Gel Polish,Solid Colours,Colour: #A86098,25,10ml,Bottle,#A86098,
LC-GP-713,LC-GP-713,ml,Inventory,Gel Polish,Solid Colours,,25,10ml,Bottle,,/img/b2b/solid-colours/LC-GP-713.webp
LC-GP-0713,LC-GP-0713,ml,Inventory,Gel Polish,Solid Colours,Colour: #C078B0,25,10ml,Bottle,#C078B0,
LC-GP-714,LC-GP-714,ml,Inventory,Gel Polish,Solid Colours,,25,10ml,Bottle,,/img/b2b/solid-colours/LC-GP-714.webp
LC-GP-0714,LC-GP-0714,ml,Inventory,Gel Polish,Solid Colours,Colour: #D090B8,25,10ml,Bottle,#D090B8,
LC-GP-715,LC-GP-715,ml,Inventory,Gel Polish,Solid Colours,,25,10ml,Bottle,,/img/b2b/solid-colours/LC-GP-715.webp
LC-GP-0715,LC-GP-0715,ml,Inventory,Gel Polish,Solid Colours,Colour: #E888D0,25,10ml,Bottle,#E888D0,
LC-GP-716,LC-GP-716,ml,Inventory,Gel Polish,Solid Colours,,25,10ml,Bottle,,/img/b2b/solid-colours/LC-GP-716.webp
LC-GP-0716,LC-GP-0716,ml,Inventory,Gel Polish,Solid Colours,Colour: #E090C0,25,10ml,Bottle,#E090C0,
LC-GP-717,LC-GP-717,ml,Inventory,Gel Polish,Solid Colours,,25,10ml,Bottle,,/img/b2b/solid-colours/LC-GP-717.webp
LC-GP-0717,LC-GP-0717,ml,Inventory,Gel Polish,Solid Colours,Colour: #E090D0,25,10ml,Bottle,#E090D0,
LC-GP-718,LC-GP-718,ml,Inventory,Gel Polish,Solid Colours,,25,10ml,Bottle,,/img/b2b/solid-colours/LC-GP-718.webp
LC-GP-0718,LC-GP-0718,ml,Inventory,Gel Polish,Solid Colours,Colour: #D098E0,25,10ml,Bottle,#D098E0,
LC-GP-719,LC-GP-719,ml,Inventory,Gel Polish,Solid Colours,,25,10ml,Bottle,,/img/b2b/solid-colours/LC-GP-719.webp
LC-GP-0719,LC-GP-0719,ml,Inventory,Gel Polish,Solid Colours,Colour: #D8A8E8,25,10ml,Bottle,#D8A8E8,
LC-GP-720,LC-GP-720,ml,Inventory,Gel Polish,Solid Colours,,25,10ml,Bottle,,/img/b2b/solid-colours/LC-GP-720.webp
LC-GP-0720,LC-GP-0720,ml,Inventory,Gel Polish,Solid Colours,Colour: #D898C0,25,10ml,Bottle,#D898C0,
LC-GP-721,LC-GP-721,ml,Inventory,Gel Polish,Solid Colours,,25,10ml,Bottle,,/img/b2b/solid-colours/LC-GP-721.webp
LC-GP-0721,LC-GP-0721,ml,Inventory,Gel Polish,Solid Colours,Colour: #E8B8D8,25,10ml,Bottle,#E8B8D8,
LC-GP-722,LC-GP-722,ml,Inventory,Gel Polish,Solid Colours,,25,10ml,Bottle,,/img/b2b/solid-colours/LC-GP-722.webp
LC-GP-0722,LC-GP-0722,ml,Inventory,Gel Polish,Solid Colours,Colour: #E8C0D0,25,10ml,Bottle,#E8C0D0,
LC-GP-723,LC-GP-723,ml,Inventory,Gel Polish,Solid Colours,,25,10ml,Bottle,,/img/b2b/solid-colours/LC-GP-723.webp
LC-GP-0723,LC-GP-0723,ml,Inventory,Gel Polish,Solid Colours,Colour: #F8B8E0,25,10ml,Bottle,#F8B8E0,
LC-GP-724,LC-GP-724,ml,Inventory,Gel Polish,Solid Colours,,25,10ml,Bottle,,/img/b2b/solid-colours/LC-GP-724.webp
LC-GP-0724,LC-GP-0724,ml,Inventory,Gel Polish,Solid Colours,Colour: #F8B8E0,25,10ml,Bottle,#F8B8E0,
LC-GP-725,LC-GP-725,ml,Inventory,Gel Polish,Solid Colours,,25,10ml,Bottle,,/img/b2b/solid-colours/LC-GP-725.webp
LC-GP-0725,LC-GP-0725,ml,Inventory,Gel Polish,Solid Colours,Colour: #F0C8E0,25,10ml,Bottle,#F0C8E0,
LC-GP-726,LC-GP-726,ml,Inventory,Gel Polish,Solid Colours,,25,10ml,Bottle,,/img/b2b/solid-colours/LC-GP-726.webp
LC-GP-0726,LC-GP-0726,ml,Inventory,Gel Polish,Solid Colours,Colour: #F0C8E8,25,10ml,Bottle,#F0C8E8,
LC-GP-727,LC-GP-727,ml,Inventory,Gel Polish,Solid Colours,,25,10ml,Bottle,,/img/b2b/solid-colours/LC-GP-727.webp
LC-GP-0727,LC-GP-0727,ml,Inventory,Gel Polish,Solid Colours,Colour: #E0C8E0,25,10ml,Bottle,#E0C8E0,
LC-GP-728,LC-GP-728,ml,Inventory,Gel Polish,Solid Colours,,25,10ml,Bottle,,/img/b2b/solid-colours/LC-GP-728.webp
LC-GP-0728,LC-GP-0728,ml,Inventory,Gel Polish,Solid Colours,Colour: #D0B0E0,25,10ml,Bottle,#D0B0E0,
LC-GP-729,LC-GP-729,ml,Inventory,Gel Polish,Solid Colours,,25,10ml,Bottle,,/img/b2b/solid-colours/LC-GP-729.webp
LC-GP-0729,LC-GP-0729,ml,Inventory,Gel Polish,Solid Colours,Colour: #D8C0F0,25,10ml,Bottle,#D8C0F0,
LC-GP-730,LC-GP-730,ml,Inventory,Gel Polish,Solid Colours,,25,10ml,Bottle,,/img/b2b/solid-colours/LC-GP-730.webp
LC-GP-0730,LC-GP-0730,ml,Inventory,Gel Polish,Solid Colours,Colour: #C0B8F0,25,10ml,Bottle,#C0B8F0,
LC-GP-731,LC-GP-731,ml,Inventory,Gel Polish,Solid Colours,,25,10ml,Bottle,,/img/b2b/solid-colours/LC-GP-731.webp
LC-GP-0731,LC-GP-0731,ml,Inventory,Gel Polish,Solid Colours,Colour: #B0A8E8,25,10ml,Bottle,#B0A8E8,
LC-GP-732,LC-GP-732,ml,Inventory,Gel Polish,Solid Colours,,25,10ml,Bottle,,/img/b2b/solid-colours/LC-GP-732.webp
LC-GP-0732,LC-GP-0732,ml,Inventory,Gel Polish,Solid Colours,Colour: #D8B8F0,25,10ml,Bottle,#D8B8F0,
LC-GP-733,LC-GP-733,ml,Inventory,Gel Polish,Solid Colours,,25,10ml,Bottle,,/img/b2b/solid-colours/LC-GP-733.webp
LC-GP-0733,LC-GP-0733,ml,Inventory,Gel Polish,Solid Colours,Colour: #B8A0D0,25,10ml,Bottle,#B8A0D0,
LC-GP-734,LC-GP-734,ml,Inventory,Gel Polish,Solid Colours,,25,10ml,Bottle,,/img/b2b/solid-colours/LC-GP-734.webp
LC-GP-0734,LC-GP-0734,ml,Inventory,Gel Polish,Solid Colours,Colour: #B890C8,25,10ml,Bottle,#B890C8,
LC-GP-735,LC-GP-735,ml,Inventory,Gel Polish,Solid Colours,,25,10ml,Bottle,,/img/b2b/solid-colours/LC-GP-735.webp
LC-GP-0735,LC-GP-0735,ml,Inventory,Gel Polish,Solid Colours,Colour: #C8A8E0,25,10ml,Bottle,#C8A8E0,
LC-GP-736,LC-GP-736,ml,Inventory,Gel Polish,Solid Colours,,25,10ml,Bottle,,/img/b2b/solid-colours/LC-GP-736.webp
LC-GP-0736,LC-GP-0736,ml,Inventory,Gel Polish,Solid Colours,Colour: #B888D8,25,10ml,Bottle,#B888D8,
LC-GP-737,LC-GP-737,ml,Inventory,Gel Polish,Solid Colours,,25,10ml,Bottle,,/img/b2b/solid-colours/LC-GP-737.webp
LC-GP-0737,LC-GP-0737,ml,Inventory,Gel Polish,Solid Colours,Colour: #E8E0F8,25,10ml,Bottle,#E8E0F8,
LC-GP-738,LC-GP-738,ml,Inventory,Gel Polish,Solid Colours,,25,10ml,Bottle,,/img/b2b/solid-colours/LC-GP-738.webp
LC-GP-0738,LC-GP-0738,ml,Inventory,Gel Polish,Solid Colours,Colour: #C8C8D8,25,10ml,Bottle,#C8C8D8,
LC-GP-739,LC-GP-739,ml,Inventory,Gel Polish,Solid Colours,,25,10ml,Bottle,,/img/b2b/solid-colours/LC-GP-739.webp
LC-GP-0739,LC-GP-0739,ml,Inventory,Gel Polish,Solid Colours,Colour: #D0C8E0,25,10ml,Bottle,#D0C8E0,
LC-GP-740,LC-GP-740,ml,Inventory,Gel Polish,Solid Colours,,25,10ml,Bottle,,/img/b2b/solid-colours/LC-GP-740.webp
LC-GP-0740,LC-GP-0740,ml,Inventory,Gel Polish,Solid Colours,Colour: #A8A0B8,25,10ml,Bottle,#A8A0B8,
LC-GP-741,LC-GP-741,ml,Inventory,Gel Polish,Solid Colours,,25,10ml,Bottle,,/img/b2b/solid-colours/LC-GP-741.webp
LC-GP-0741,LC-GP-0741,ml,Inventory,Gel Polish,Solid Colours,Colour: #A8A0C8,25,10ml,Bottle,#A8A0C8,
LC-GP-742,LC-GP-742,ml,Inventory,Gel Polish,Solid Colours,,25,10ml,Bottle,,/img/b2b/solid-colours/LC-GP-742.webp
LC-GP-0742,LC-GP-0742,ml,Inventory,Gel Polish,Solid Colours,Colour: #9898D8,25,10ml,Bottle,#9898D8,
LC-GP-743,LC-GP-743,ml,Inventory,Gel Polish,Solid Colours,,25,10ml,Bottle,,/img/b2b/solid-colours/LC-GP-743.webp
LC-GP-0743,LC-GP-0743,ml,Inventory,Gel Polish,Solid Colours,Colour: #A8A0D8,25,10ml,Bottle,#A8A0D8,
LC-GP-744,LC-GP-744,ml,Inventory,Gel Polish,Solid Colours,,25,10ml,Bottle,,/img/b2b/solid-colours/LC-GP-744.webp
LC-GP-0744,LC-GP-0744,ml,Inventory,Gel Polish,Solid Colours,Colour: #9880B0,25,10ml,Bottle,#9880B0,
LC-GP-745,LC-GP-745,ml,Inventory,Gel Polish,Solid Colours,,25,10ml,Bottle,,/img/b2b/solid-colours/LC-GP-745.webp
LC-GP-0745,LC-GP-0745,ml,Inventory,Gel Polish,Solid Colours,Colour: #B098D0,25,10ml,Bottle,#B098D0,
LC-GP-746,LC-GP-746,ml,Inventory,Gel Polish,Solid Colours,,25,10ml,Bottle,,/img/b2b/solid-colours/LC-GP-746.webp
LC-GP-0746,LC-GP-0746,ml,Inventory,Gel Polish,Solid Colours,Colour: #9078B8,25,10ml,Bottle,#9078B8,
LC-GP-747,LC-GP-747,ml,Inventory,Gel Polish,Solid Colours,,25,10ml,Bottle,,/img/b2b/solid-colours/LC-GP-747.webp
LC-GP-0747,LC-GP-0747,ml,Inventory,Gel Polish,Solid Colours,Colour: #8878B8,25,10ml,Bottle,#8878B8,
LC-GP-748,LC-GP-748,ml,Inventory,Gel Polish,Solid Colours,,25,10ml,Bottle,,/img/b2b/solid-colours/LC-GP-748.webp
LC-GP-0748,LC-GP-0748,ml,Inventory,Gel Polish,Solid Colours,Colour: #706098,25,10ml,Bottle,#706098,
LC-GP-749,LC-GP-749,ml,Inventory,Gel Polish,Solid Colours,,25,10ml,Bottle,,/img/b2b/solid-colours/LC-GP-749.webp
LC-GP-0749,LC-GP-0749,ml,Inventory,Gel Polish,Solid Colours,Colour: #605890,25,10ml,Bottle,#605890,
LC-GP-750,LC-GP-750,ml,Inventory,Gel Polish,Solid Colours,,25,10ml,Bottle,,/img/b2b/solid-colours/LC-GP-750.webp
LC-GP-0750,LC-GP-0750,ml,Inventory,Gel Polish,Solid Colours,Colour: #505880,25,10ml,Bottle,#505880,
LC-GP-751,LC-GP-751,ml,Inventory,Gel Polish,Solid Colours,,25,10ml,Bottle,,/img/b2b/solid-colours/LC-GP-751.webp
LC-GP-0751,LC-GP-0751,ml,Inventory,Gel Polish,Solid Colours,Colour: #7070B0,25,10ml,Bottle,#7070B0,
LC-GP-752,LC-GP-752,ml,Inventory,Gel Polish,Solid Colours,,25,10ml,Bottle,,/img/b2b/solid-colours/LC-GP-752.webp
LC-GP-0752,LC-GP-0752,ml,Inventory,Gel Polish,Solid Colours,Colour: #7878B8,25,10ml,Bottle,#7878B8,
LC-GP-753,LC-GP-753,ml,Inventory,Gel Polish,Solid Colours,,25,10ml,Bottle,,/img/b2b/solid-colours/LC-GP-753.webp
LC-GP-0753,LC-GP-0753,ml,Inventory,Gel Polish,Solid Colours,Colour: #C0D8F8,25,10ml,Bottle,#C0D8F8,
LC-GP-754,LC-GP-754,ml,Inventory,Gel Polish,Solid Colours,,25,10ml,Bottle,,/img/b2b/solid-colours/LC-GP-754.webp
LC-GP-0754,LC-GP-0754,ml,Inventory,Gel Polish,Solid Colours,Colour: #A0B0D8,25,10ml,Bottle,#A0B0D8,
LC-GP-755,LC-GP-755,ml,Inventory,Gel Polish,Solid Colours,,25,10ml,Bottle,,/img/b2b/solid-colours/LC-GP-755.webp
LC-GP-0755,LC-GP-0755,ml,Inventory,Gel Polish,Solid Colours,Colour: #98B0E8,25,10ml,Bottle,#98B0E8,
LC-GP-756,LC-GP-756,ml,Inventory,Gel Polish,Solid Colours,,25,10ml,Bottle,,/img/b2b/solid-colours/LC-GP-756.webp
LC-GP-0756,LC-GP-0756,ml,Inventory,Gel Polish,Solid Colours,Colour: #A0A8E0,25,10ml,Bottle,#A0A8E0,
LC-GP-757,LC-GP-757,ml,Inventory,Gel Polish,Solid Colours,,25,10ml,Bottle,,/img/b2b/solid-colours/LC-GP-757.webp
LC-GP-0757,LC-GP-0757,ml,Inventory,Gel Polish,Solid Colours,Colour: #98A8E8,25,10ml,Bottle,#98A8E8,
LC-GP-758,LC-GP-758,ml,Inventory,Gel Polish,Solid Colours,,25,10ml,Bottle,,/img/b2b/solid-colours/LC-GP-758.webp
LC-GP-0758,LC-GP-0758,ml,Inventory,Gel Polish,Solid Colours,Colour: #98B0F0,25,10ml,Bottle,#98B0F0,
LC-GP-759,LC-GP-759,ml,Inventory,Gel Polish,Solid Colours,,25,10ml,Bottle,,/img/b2b/solid-colours/LC-GP-759.webp
LC-GP-0759,LC-GP-0759,ml,Inventory,Gel Polish,Solid Colours,Colour: #9898E0,25,10ml,Bottle,#9898E0,
LC-GP-760,LC-GP-760,ml,Inventory,Gel Polish,Solid Colours,,25,10ml,Bottle,,/img/b2b/solid-colours/LC-GP-760.webp
LC-GP-0760,LC-GP-0760,ml,Inventory,Gel Polish,Solid Colours,Colour: #9090D8,25,10ml,Bottle,#9090D8,
LC-GP-761,LC-GP-761,ml,Inventory,Gel Polish,Solid Colours,,25,10ml,Bottle,,/img/b2b/solid-colours/LC-GP-761.webp
LC-GP-0761,LC-GP-0761,ml,Inventory,Gel Polish,Solid Colours,Colour: #8878D0,25,10ml,Bottle,#8878D0,
LC-GP-762,LC-GP-762,ml,Inventory,Gel Polish,Solid Colours,,25,10ml,Bottle,,/img/b2b/solid-colours/LC-GP-762.webp
LC-GP-0762,LC-GP-0762,ml,Inventory,Gel Polish,Solid Colours,Colour: #7860D0,25,10ml,Bottle,#7860D0,
LC-GP-763,LC-GP-763,ml,Inventory,Gel Polish,Solid Colours,,25,10ml,Bottle,,/img/b2b/solid-colours/LC-GP-763.webp
LC-GP-0763,LC-GP-0763,ml,Inventory,Gel Polish,Solid Colours,Colour: #6858D0,25,10ml,Bottle,#6858D0,
LC-GP-764,LC-GP-764,ml,Inventory,Gel Polish,Solid Colours,,25,10ml,Bottle,,/img/b2b/solid-colours/LC-GP-764.webp
LC-GP-0764,LC-GP-0764,ml,Inventory,Gel Polish,Solid Colours,Colour: #6058B0,25,10ml,Bottle,#6058B0,
LC-GP-765,LC-GP-765,ml,Inventory,Gel Polish,Solid Colours,,25,10ml,Bottle,,/img/b2b/solid-colours/LC-GP-765.webp
LC-GP-0765,LC-GP-0765,ml,Inventory,Gel Polish,Solid Colours,Colour: #4848A0,25,10ml,Bottle,#4848A0,
LC-GP-766,LC-GP-766,ml,Inventory,Gel Polish,Solid Colours,,25,10ml,Bottle,,/img/b2b/solid-colours/LC-GP-766.webp
LC-GP-0766,LC-GP-0766,ml,Inventory,Gel Polish,Solid Colours,Colour: #6068B8,25,10ml,Bottle,#6068B8,
LC-GP-767,LC-GP-767,ml,Inventory,Gel Polish,Solid Colours,,25,10ml,Bottle,,/img/b2b/solid-colours/LC-GP-767.webp
LC-GP-0767,LC-GP-0767,ml,Inventory,Gel Polish,Solid Colours,Colour: #6878C8,25,10ml,Bottle,#6878C8,
LC-GP-768,LC-GP-768,ml,Inventory,Gel Polish,Solid Colours,,25,10ml,Bottle,,/img/b2b/solid-colours/LC-GP-768.webp
LC-GP-0768,LC-GP-0768,ml,Inventory,Gel Polish,Solid Colours,Colour: #5868C0,25,10ml,Bottle,#5868C0,
LC-GP-769,LC-GP-769,ml,Inventory,Gel Polish,Solid Colours,,25,10ml,Bottle,,/img/b2b/solid-colours/LC-GP-769.webp
LC-GP-0769,LC-GP-0769,ml,Inventory,Gel Polish,Solid Colours,Colour: #5898F8,25,10ml,Bottle,#5898F8,
LC-GP-770,LC-GP-770,ml,Inventory,Gel Polish,Solid Colours,,25,10ml,Bottle,,/img/b2b/solid-colours/LC-GP-770.webp
LC-GP-0770,LC-GP-0770,ml,Inventory,Gel Polish,Solid Colours,Colour: #6090C8,25,10ml,Bottle,#6090C8,
LC-GP-771,LC-GP-771,ml,Inventory,Gel Polish,Solid Colours,,25,10ml,Bottle,,/img/b2b/solid-colours/LC-GP-771.webp
LC-GP-0771,LC-GP-0771,ml,Inventory,Gel Polish,Solid Colours,Colour: #2898F0,25,10ml,Bottle,#2898F0,
LC-GP-772,LC-GP-772,ml,Inventory,Gel Polish,Solid Colours,,25,10ml,Bottle,,/img/b2b/solid-colours/LC-GP-772.webp
LC-GP-0772,LC-GP-0772,ml,Inventory,Gel Polish,Solid Colours,Colour: #2880E0,25,10ml,Bottle,#2880E0,
LC-GP-773,LC-GP-773,ml,Inventory,Gel Polish,Solid Colours,,25,10ml,Bottle,,/img/b2b/solid-colours/LC-GP-773.webp
LC-GP-0773,LC-GP-0773,ml,Inventory,Gel Polish,Solid Colours,Colour: #3880E0,25,10ml,Bottle,#3880E0,
LC-GP-774,LC-GP-774,ml,Inventory,Gel Polish,Solid Colours,,25,10ml,Bottle,,/img/b2b/solid-colours/LC-GP-774.webp
LC-GP-0774,LC-GP-0774,ml,Inventory,Gel Polish,Solid Colours,Colour: #2858C8,25,10ml,Bottle,#2858C8,
LC-GP-775,LC-GP-775,ml,Inventory,Gel Polish,Solid Colours,,25,10ml,Bottle,,/img/b2b/solid-colours/LC-GP-775.webp
LC-GP-0775,LC-GP-0775,ml,Inventory,Gel Polish,Solid Colours,Colour: #2858B0,25,10ml,Bottle,#2858B0,
LC-GP-776,LC-GP-776,ml,Inventory,Gel Polish,Solid Colours,,25,10ml,Bottle,,/img/b2b/solid-colours/LC-GP-776.webp
LC-GP-0776,LC-GP-0776,ml,Inventory,Gel Polish,Solid Colours,Colour: #3860A8,25,10ml,Bottle,#3860A8,
LC-GP-777,LC-GP-777,ml,Inventory,Gel Polish,Solid Colours,,25,10ml,Bottle,,/img/b2b/solid-colours/LC-GP-777.webp
LC-GP-0777,LC-GP-0777,ml,Inventory,Gel Polish,Solid Colours,Colour: #2060C8,25,10ml,Bottle,#2060C8,
LC-GP-778,LC-GP-778,ml,Inventory,Gel Polish,Solid Colours,,25,10ml,Bottle,,/img/b2b/solid-colours/LC-GP-778.webp
LC-GP-0778,LC-GP-0778,ml,Inventory,Gel Polish,Solid Colours,Colour: #3050B8,25,10ml,Bottle,#3050B8,
LC-GP-779,LC-GP-779,ml,Inventory,Gel Polish,Solid Colours,,25,10ml,Bottle,,/img/b2b/solid-colours/LC-GP-779.webp
LC-GP-0779,LC-GP-0779,ml,Inventory,Gel Polish,Solid Colours,Colour: #2858C0,25,10ml,Bottle,#2858C0,
LC-GP-780,LC-GP-780,ml,Inventory,Gel Polish,Solid Colours,,25,10ml,Bottle,,/img/b2b/solid-colours/LC-GP-780.webp
LC-GP-0780,LC-GP-0780,ml,Inventory,Gel Polish,Solid Colours,Colour: #302890,25,10ml,Bottle,#302890,
LC-GP-781,LC-GP-781,ml,Inventory,Gel Polish,Solid Colours,,25,10ml,Bottle,,/img/b2b/solid-colours/LC-GP-781.webp
LC-GP-0781,LC-GP-0781,ml,Inventory,Gel Polish,Solid Colours,Colour: #3840B0,25,10ml,Bottle,#3840B0,
LC-GP-782,LC-GP-782,ml,Inventory,Gel Polish,Solid Colours,,25,10ml,Bottle,,/img/b2b/solid-colours/LC-GP-782.webp
LC-GP-0782,LC-GP-0782,ml,Inventory,Gel Polish,Solid Colours,Colour: #2850B0,25,10ml,Bottle,#2850B0,
LC-GP-783,LC-GP-783,ml,Inventory,Gel Polish,Solid Colours,,25,10ml,Bottle,,/img/b2b/solid-colours/LC-GP-783.webp
LC-GP-0783,LC-GP-0783,ml,Inventory,Gel Polish,Solid Colours,Colour: #384090,25,10ml,Bottle,#384090,
LC-GP-784,LC-GP-784,ml,Inventory,Gel Polish,Solid Colours,,25,10ml,Bottle,,/img/b2b/solid-colours/LC-GP-784.webp
LC-GP-0784,LC-GP-0784,ml,Inventory,Gel Polish,Solid Colours,Colour: #4008C8,25,10ml,Bottle,#4008C8,
LC-GP-785,LC-GP-785,ml,Inventory,Gel Polish,Solid Colours,,25,10ml,Bottle,,/img/b2b/solid-colours/LC-GP-785.webp
LC-GP-0785,LC-GP-0785,ml,Inventory,Gel Polish,Solid Colours,Colour: #3828B8,25,10ml,Bottle,#3828B8,
LC-GP-786,LC-GP-786,ml,Inventory,Gel Polish,Solid Colours,,25,10ml,Bottle,,/img/b2b/solid-colours/LC-GP-786.webp
LC-GP-0786,LC-GP-0786,ml,Inventory,Gel Polish,Solid Colours,Colour: #4040B8,25,10ml,Bottle,#4040B8,
LC-GP-787,LC-GP-787,ml,Inventory,Gel Polish,Solid Colours,,25,10ml,Bottle,,/img/b2b/solid-colours/LC-GP-787.webp
LC-GP-0787,LC-GP-0787,ml,Inventory,Gel Polish,Solid Colours,Colour: #2820B8,25,10ml,Bottle,#2820B8,
LC-GP-788,LC-GP-788,ml,Inventory,Gel Polish,Solid Colours,,25,10ml,Bottle,,/img/b2b/solid-colours/LC-GP-788.webp
LC-GP-0788,LC-GP-0788,ml,Inventory,Gel Polish,Solid Colours,Colour: #3020B0,25,10ml,Bottle,#3020B0,
LC-GP-789,LC-GP-789,ml,Inventory,Gel Polish,Solid Colours,,25,10ml,Bottle,,/img/b2b/solid-colours/LC-GP-789.webp
LC-GP-0789,LC-GP-0789,ml,Inventory,Gel Polish,Solid Colours,Colour: #4010B0,25,10ml,Bottle,#4010B0,
LC-GP-790,LC-GP-790,ml,Inventory,Gel Polish,Solid Colours,,25,10ml,Bottle,,/img/b2b/solid-colours/LC-GP-790.webp
LC-GP-0790,LC-GP-0790,ml,Inventory,Gel Polish,Solid Colours,Colour: #3018A8,25,10ml,Bottle,#3018A8,
LC-GP-791,LC-GP-791,ml,Inventory,Gel Polish,Solid Colours,,25,10ml,Bottle,,/img/b2b/solid-colours/LC-GP-791.webp
LC-GP-0791,LC-GP-0791,ml,Inventory,Gel Polish,Solid Colours,Colour: #301860,25,10ml,Bottle,#301860,
LC-GP-792,LC-GP-792,ml,Inventory,Gel Polish,Solid Colours,,25,10ml,Bottle,,/img/b2b/solid-colours/LC-GP-792.webp
LC-GP-0792,LC-GP-0792,ml,Inventory,Gel Polish,Solid Colours,Colour: #181888,25,10ml,Bottle,#181888,
LC-GP-793,LC-GP-793,ml,Inventory,Gel Polish,Solid Colours,,25,10ml,Bottle,,/img/b2b/solid-colours/LC-GP-793.webp
LC-GP-0793,LC-GP-0793,ml,Inventory,Gel Polish,Solid Colours,Colour: #303078,25,10ml,Bottle,#303078,
LC-GP-794,LC-GP-794,ml,Inventory,Gel Polish,Solid Colours,,25,10ml,Bottle,,/img/b2b/solid-colours/LC-GP-794.webp
LC-GP-0794,LC-GP-0794,ml,Inventory,Gel Polish,Solid Colours,Colour: #303098,25,10ml,Bottle,#303098,
LC-GP-795,LC-GP-795,ml,Inventory,Gel Polish,Solid Colours,,25,10ml,Bottle,,/img/b2b/solid-colours/LC-GP-795.webp
LC-GP-0795,LC-GP-0795,ml,Inventory,Gel Polish,Solid Colours,Colour: #2838A0,25,10ml,Bottle,#2838A0,
LC-GP-796,LC-GP-796,ml,Inventory,Gel Polish,Solid Colours,,25,10ml,Bottle,,/img/b2b/solid-colours/LC-GP-796.webp
LC-GP-0796,LC-GP-0796,ml,Inventory,Gel Polish,Solid Colours,Colour: #403898,25,10ml,Bottle,#403898,
LC-GP-797,LC-GP-797,ml,Inventory,Gel Polish,Solid Colours,,25,10ml,Bottle,,/img/b2b/solid-colours/LC-GP-797.webp
LC-GP-0797,LC-GP-0797,ml,Inventory,Gel Polish,Solid Colours,Colour: #403078,25,10ml,Bottle,#403078,
LC-GP-798,LC-GP-798,ml,Inventory,Gel Polish,Solid Colours,,25,10ml,Bottle,,/img/b2b/solid-colours/LC-GP-798.webp
LC-GP-0798,LC-GP-0798,ml,Inventory,Gel Polish,Solid Colours,Colour: #503888,25,10ml,Bottle,#503888,
LC-GP-799,LC-GP-799,ml,Inventory,Gel Polish,Solid Colours,,25,10ml,Bottle,,/img/b2b/solid-colours/LC-GP-799.webp
LC-GP-0799,LC-GP-0799,ml,Inventory,Gel Polish,Solid Colours,Colour: #184898,25,10ml,Bottle,#184898,
LC-GP-800,LC-GP-800,ml,Inventory,Gel Polish,Solid Colours,,25,10ml,Bottle,,/img/b2b/solid-colours/LC-GP-800.webp
LC-GP-0800,LC-GP-0800,ml,Inventory,Gel Polish,Solid Colours,Colour: #3820A8,25,10ml,Bottle,#3820A8,
LC-GP-801,LC-GP-801,ml,Inventory,Gel Polish,Solid Colours,,25,10ml,Bottle,,/img/b2b/solid-colours/LC-GP-801.webp
LC-GP-0801,LC-GP-0801,ml,Inventory,Gel Polish,Solid Colours,Colour: #183848,25,10ml,Bottle,#183848,
LC-GP-802,LC-GP-802,ml,Inventory,Gel Polish,Solid Colours,,25,10ml,Bottle,,/img/b2b/solid-colours/LC-GP-802.webp
LC-GP-0802,LC-GP-0802,ml,Inventory,Gel Polish,Solid Colours,Colour: #202838,25,10ml,Bottle,#202838,
LC-GP-803,LC-GP-803,ml,Inventory,Gel Polish,Solid Colours,,25,10ml,Bottle,,/img/b2b/solid-colours/LC-GP-803.webp
LC-GP-0803,LC-GP-0803,ml,Inventory,Gel Polish,Solid Colours,Colour: #203840,25,10ml,Bottle,#203840,
LC-GP-804,LC-GP-804,ml,Inventory,Gel Polish,Solid Colours,,25,10ml,Bottle,,/img/b2b/solid-colours/LC-GP-804.webp
LC-GP-0804,LC-GP-0804,ml,Inventory,Gel Polish,Solid Colours,Colour: #284878,25,10ml,Bottle,#284878,
LC-GP-805,LC-GP-805,ml,Inventory,Gel Polish,Solid Colours,,25,10ml,Bottle,,/img/b2b/solid-colours/LC-GP-805.webp
LC-GP-0805,LC-GP-0805,ml,Inventory,Gel Polish,Solid Colours,Colour: #284078,25,10ml,Bottle,#284078,
LC-GP-806,LC-GP-806,ml,Inventory,Gel Polish,Solid Colours,,25,10ml,Bottle,,/img/b2b/solid-colours/LC-GP-806.webp
LC-GP-0806,LC-GP-0806,ml,Inventory,Gel Polish,Solid Colours,Colour: #085088,25,10ml,Bottle,#085088,
LC-GP-807,LC-GP-807,ml,Inventory,Gel Polish,Solid Colours,,25,10ml,Bottle,,/img/b2b/solid-colours/LC-GP-807.webp
LC-GP-0807,LC-GP-0807,ml,Inventory,Gel Polish,Solid Colours,Colour: #185878,25,10ml,Bottle,#185878,
LC-GP-808,LC-GP-808,ml,Inventory,Gel Polish,Solid Colours,,25,10ml,Bottle,,/img/b2b/solid-colours/LC-GP-808.webp
LC-GP-0808,LC-GP-0808,ml,Inventory,Gel Polish,Solid Colours,Colour: #607898,25,10ml,Bottle,#607898,
LC-GP-809,LC-GP-809,ml,Inventory,Gel Polish,Solid Colours,,25,10ml,Bottle,,/img/b2b/solid-colours/LC-GP-809.webp
LC-GP-0809,LC-GP-0809,ml,Inventory,Gel Polish,Solid Colours,Colour: #3060A0,25,10ml,Bottle,#3060A0,
LC-GP-810,LC-GP-810,ml,Inventory,Gel Polish,Solid Colours,,25,10ml,Bottle,,/img/b2b/solid-colours/LC-GP-810.webp
LC-GP-0810,LC-GP-0810,ml,Inventory,Gel Polish,Solid Colours,Colour: #4868A0,25,10ml,Bottle,#4868A0,
LC-GP-811,LC-GP-811,ml,Inventory,Gel Polish,Solid Colours,,25,10ml,Bottle,,/img/b2b/solid-colours/LC-GP-811.webp
LC-GP-0811,LC-GP-0811,ml,Inventory,Gel Polish,Solid Colours,Colour: #286090,25,10ml,Bottle,#286090,
LC-GP-812,LC-GP-812,ml,Inventory,Gel Polish,Solid Colours,,25,10ml,Bottle,,/img/b2b/solid-colours/LC-GP-812.webp
LC-GP-0812,LC-GP-0812,ml,Inventory,Gel Polish,Solid Colours,Colour: #5060A8,25,10ml,Bottle,#5060A8,
LC-GP-813,LC-GP-813,ml,Inventory,Gel Polish,Solid Colours,,25,10ml,Bottle,,/img/b2b/solid-colours/LC-GP-813.webp
LC-GP-0813,LC-GP-0813,ml,Inventory,Gel Polish,Solid Colours,Colour: #507098,25,10ml,Bottle,#507098,
LC-GP-814,LC-GP-814,ml,Inventory,Gel Polish,Solid Colours,,25,10ml,Bottle,,/img/b2b/solid-colours/LC-GP-814.webp
LC-GP-0814,LC-GP-0814,ml,Inventory,Gel Polish,Solid Colours,Colour: #606088,25,10ml,Bottle,#606088,
LC-GP-815,LC-GP-815,ml,Inventory,Gel Polish,Solid Colours,,25,10ml,Bottle,,/img/b2b/solid-colours/LC-GP-815.webp
LC-GP-0815,LC-GP-0815,ml,Inventory,Gel Polish,Solid Colours,Colour: #606080,25,10ml,Bottle,#606080,
LC-GP-816,LC-GP-816,ml,Inventory,Gel Polish,Solid Colours,,25,10ml,Bottle,,/img/b2b/solid-colours/LC-GP-816.webp
LC-GP-0816,LC-GP-0816,ml,Inventory,Gel Polish,Solid Colours,Colour: #8898B8,25,10ml,Bottle,#8898B8,
LC-GP-817,LC-GP-817,ml,Inventory,Gel Polish,Solid Colours,,25,10ml,Bottle,,/img/b2b/solid-colours/LC-GP-817.webp
LC-GP-0817,LC-GP-0817,ml,Inventory,Gel Polish,Solid Colours,Colour: #586888,25,10ml,Bottle,#586888,
LC-GP-818,LC-GP-818,ml,Inventory,Gel Polish,Solid Colours,,25,10ml,Bottle,,/img/b2b/solid-colours/LC-GP-818.webp
LC-GP-0818,LC-GP-0818,ml,Inventory,Gel Polish,Solid Colours,Colour: #607080,25,10ml,Bottle,#607080,
LC-GP-819,LC-GP-819,ml,Inventory,Gel Polish,Solid Colours,,25,10ml,Bottle,,/img/b2b/solid-colours/LC-GP-819.webp
LC-GP-0819,LC-GP-0819,ml,Inventory,Gel Polish,Solid Colours,Colour: #586888,25,10ml,Bottle,#586888,
LC-GP-820,LC-GP-820,ml,Inventory,Gel Polish,Solid Colours,,25,10ml,Bottle,,/img/b2b/solid-colours/LC-GP-820.webp
LC-GP-0820,LC-GP-0820,ml,Inventory,Gel Polish,Solid Colours,Colour: #586880,25,10ml,Bottle,#586880,
LC-GP-821,LC-GP-821,ml,Inventory,Gel Polish,Solid Colours,,25,10ml,Bottle,,/img/b2b/solid-colours/LC-GP-821.webp
LC-GP-0821,LC-GP-0821,ml,Inventory,Gel Polish,Solid Colours,Colour: #587080,25,10ml,Bottle,#587080,
LC-GP-822,LC-GP-822,ml,Inventory,Gel Polish,Solid Colours,,25,10ml,Bottle,,/img/b2b/solid-colours/LC-GP-822.webp
LC-GP-0822,LC-GP-0822,ml,Inventory,Gel Polish,Solid Colours,Colour: #588090,25,10ml,Bottle,#588090,
LC-GP-823,LC-GP-823,ml,Inventory,Gel Polish,Solid Colours,,25,10ml,Bottle,,/img/b2b/solid-colours/LC-GP-823.webp
LC-GP-0823,LC-GP-0823,ml,Inventory,Gel Polish,Solid Colours,Colour: #6888A8,25,10ml,Bottle,#6888A8,
LC-GP-824,LC-GP-824,ml,Inventory,Gel Polish,Solid Colours,,25,10ml,Bottle,,/img/b2b/solid-colours/LC-GP-824.webp
LC-GP-0824,LC-GP-0824,ml,Inventory,Gel Polish,Solid Colours,Colour: #608098,25,10ml,Bottle,#608098,
LC-GP-825,LC-GP-825,ml,Inventory,Gel Polish,Solid Colours,,25,10ml,Bottle,,/img/b2b/solid-colours/LC-GP-825.webp
LC-GP-0825,LC-GP-0825,ml,Inventory,Gel Polish,Solid Colours,Colour: #5080A0,25,10ml,Bottle,#5080A0,
LC-GP-826,LC-GP-826,ml,Inventory,Gel Polish,Solid Colours,,25,10ml,Bottle,,/img/b2b/solid-colours/LC-GP-826.webp
LC-GP-0826,LC-GP-0826,ml,Inventory,Gel Polish,Solid Colours,Colour: #88B0D8,25,10ml,Bottle,#88B0D8,
LC-GP-827,LC-GP-827,ml,Inventory,Gel Polish,Solid Colours,,25,10ml,Bottle,,/img/b2b/solid-colours/LC-GP-827.webp
LC-GP-0827,LC-GP-0827,ml,Inventory,Gel Polish,Solid Colours,Colour: #88B0D8,25,10ml,Bottle,#88B0D8,
LC-GP-828,LC-GP-828,ml,Inventory,Gel Polish,Solid Colours,,25,10ml,Bottle,,/img/b2b/solid-colours/LC-GP-828.webp
LC-GP-0828,LC-GP-0828,ml,Inventory,Gel Polish,Solid Colours,Colour: #7090B8,25,10ml,Bottle,#7090B8,
LC-GP-829,LC-GP-829,ml,Inventory,Gel Polish,Solid Colours,,25,10ml,Bottle,,/img/b2b/solid-colours/LC-GP-829.webp
LC-GP-0829,LC-GP-0829,ml,Inventory,Gel Polish,Solid Colours,Colour: #4888B0,25,10ml,Bottle,#4888B0,
LC-GP-830,LC-GP-830,ml,Inventory,Gel Polish,Solid Colours,,25,10ml,Bottle,,/img/b2b/solid-colours/LC-GP-830.webp
LC-GP-0830,LC-GP-0830,ml,Inventory,Gel Polish,Solid Colours,Colour: #80C0E0,25,10ml,Bottle,#80C0E0,
LC-GP-831,LC-GP-831,ml,Inventory,Gel Polish,Solid Colours,,25,10ml,Bottle,,/img/b2b/solid-colours/LC-GP-831.webp
LC-GP-0831,LC-GP-0831,ml,Inventory,Gel Polish,Solid Colours,Colour: #48B8E0,25,10ml,Bottle,#48B8E0,
LC-GP-832,LC-GP-832,ml,Inventory,Gel Polish,Solid Colours,,25,10ml,Bottle,,/img/b2b/solid-colours/LC-GP-832.webp
LC-GP-0832,LC-GP-0832,ml,Inventory,Gel Polish,Solid Colours,Colour: #60B0E8,25,10ml,Bottle,#60B0E8,
LC-GP-833,LC-GP-833,ml,Inventory,Gel Polish,Solid Colours,,25,10ml,Bottle,,/img/b2b/solid-colours/LC-GP-833.webp
LC-GP-0833,LC-GP-0833,ml,Inventory,Gel Polish,Solid Colours,Colour: #38A0D0,25,10ml,Bottle,#38A0D0,
LC-GP-834,LC-GP-834,ml,Inventory,Gel Polish,Solid Colours,,25,10ml,Bottle,,/img/b2b/solid-colours/LC-GP-834.webp
LC-GP-0834,LC-GP-0834,ml,Inventory,Gel Polish,Solid Colours,Colour: #38B0E8,25,10ml,Bottle,#38B0E8,
LC-GP-835,LC-GP-835,ml,Inventory,Gel Polish,Solid Colours,,25,10ml,Bottle,,/img/b2b/solid-colours/LC-GP-835.webp
LC-GP-0835,LC-GP-0835,ml,Inventory,Gel Polish,Solid Colours,Colour: #2898D0,25,10ml,Bottle,#2898D0,
LC-GP-836,LC-GP-836,ml,Inventory,Gel Polish,Solid Colours,,25,10ml,Bottle,,/img/b2b/solid-colours/LC-GP-836.webp
LC-GP-0836,LC-GP-0836,ml,Inventory,Gel Polish,Solid Colours,Colour: #20A0D0,25,10ml,Bottle,#20A0D0,
LC-GP-837,LC-GP-837,ml,Inventory,Gel Polish,Solid Colours,,25,10ml,Bottle,,/img/b2b/solid-colours/LC-GP-837.webp
LC-GP-0837,LC-GP-0837,ml,Inventory,Gel Polish,Solid Colours,Colour: #68B8F8,25,10ml,Bottle,#68B8F8,
LC-GP-838,LC-GP-838,ml,Inventory,Gel Polish,Solid Colours,,25,10ml,Bottle,,/img/b2b/solid-colours/LC-GP-838.webp
LC-GP-0838,LC-GP-0838,ml,Inventory,Gel Polish,Solid Colours,Colour: #70B0E8,25,10ml,Bottle,#70B0E8,
LC-GP-839,LC-GP-839,ml,Inventory,Gel Polish,Solid Colours,,25,10ml,Bottle,,/img/b2b/solid-colours/LC-GP-839.webp
LC-GP-0839,LC-GP-0839,ml,Inventory,Gel Polish,Solid Colours,Colour: #80A8E0,25,10ml,Bottle,#80A8E0,
LC-GP-840,LC-GP-840,ml,Inventory,Gel Polish,Solid Colours,,25,10ml,Bottle,,/img/b2b/solid-colours/LC-GP-840.webp
LC-GP-0840,LC-GP-0840,ml,Inventory,Gel Polish,Solid Colours,Colour: #98B8D8,25,10ml,Bottle,#98B8D8,
LC-GP-841,LC-GP-841,ml,Inventory,Gel Polish,Solid Colours,,25,10ml,Bottle,,/img/b2b/solid-colours/LC-GP-841.webp
LC-GP-0841,LC-GP-0841,ml,Inventory,Gel Polish,Solid Colours,Colour: #98B8F0,25,10ml,Bottle,#98B8F0,
LC-GP-842,LC-GP-842,ml,Inventory,Gel Polish,Solid Colours,,25,10ml,Bottle,,/img/b2b/solid-colours/LC-GP-842.webp
LC-GP-0842,LC-GP-0842,ml,Inventory,Gel Polish,Solid Colours,Colour: #A0C0F0,25,10ml,Bottle,#A0C0F0,
LC-GP-843,LC-GP-843,ml,Inventory,Gel Polish,Solid Colours,,25,10ml,Bottle,,/img/b2b/solid-colours/LC-GP-843.webp
LC-GP-0843,LC-GP-0843,ml,Inventory,Gel Polish,Solid Colours,Colour: #B0B0E0,25,10ml,Bottle,#B0B0E0,
LC-GP-844,LC-GP-844,ml,Inventory,Gel Polish,Solid Colours,,25,10ml,Bottle,,/img/b2b/solid-colours/LC-GP-844.webp
LC-GP-0844,LC-GP-0844,ml,Inventory,Gel Polish,Solid Colours,Colour: #A0A0C8,25,10ml,Bottle,#A0A0C8,
LC-GP-845,LC-GP-845,ml,Inventory,Gel Polish,Solid Colours,,25,10ml,Bottle,,/img/b2b/solid-colours/LC-GP-845.webp
LC-GP-0845,LC-GP-0845,ml,Inventory,Gel Polish,Solid Colours,Colour: #98B8E0,25,10ml,Bottle,#98B8E0,
LC-GP-846,LC-GP-846,ml,Inventory,Gel Polish,Solid Colours,,25,10ml,Bottle,,/img/b2b/solid-colours/LC-GP-846.webp
LC-GP-0846,LC-GP-0846,ml,Inventory,Gel Polish,Solid Colours,Colour: #88C0D0,25,10ml,Bottle,#88C0D0,
LC-GP-847,LC-GP-847,ml,Inventory,Gel Polish,Solid Colours,,25,10ml,Bottle,,/img/b2b/solid-colours/LC-GP-847.webp
LC-GP-0847,LC-GP-0847,ml,Inventory,Gel Polish,Solid Colours,Colour: #B0B8E0,25,10ml,Bottle,#B0B8E0,
LC-GP-848,LC-GP-848,ml,Inventory,Gel Polish,Solid Colours,,25,10ml,Bottle,,/img/b2b/solid-colours/LC-GP-848.webp
LC-GP-0848,LC-GP-0848,ml,Inventory,Gel Polish,Solid Colours,Colour: #B8B0D0,25,10ml,Bottle,#B8B0D0,
LC-GP-849,LC-GP-849,ml,Inventory,Gel Polish,Solid Colours,,25,10ml,Bottle,,/img/b2b/solid-colours/LC-GP-849.webp
LC-GP-0849,LC-GP-0849,ml,Inventory,Gel Polish,Solid Colours,Colour: #D0B8D0,25,10ml,Bottle,#D0B8D0,
LC-GP-850,LC-GP-850,ml,Inventory,Gel Polish,Solid Colours,,25,10ml,Bottle,,/img/b2b/solid-colours/LC-GP-850.webp
LC-GP-0850,LC-GP-0850,ml,Inventory,Gel Polish,Solid Colours,Colour: #D0B0B8,25,10ml,Bottle,#D0B0B8,
LC-GP-851,LC-GP-851,ml,Inventory,Gel Polish,Solid Colours,,25,10ml,Bottle,,/img/b2b/solid-colours/LC-GP-851.webp
LC-GP-0851,LC-GP-0851,ml,Inventory,Gel Polish,Solid Colours,Colour: #D0C0C8,25,10ml,Bottle,#D0C0C8,
LC-GP-852,LC-GP-852,ml,Inventory,Gel Polish,Solid Colours,,25,10ml,Bottle,,/img/b2b/solid-colours/LC-GP-852.webp
LC-GP-0852,LC-GP-0852,ml,Inventory,Gel Polish,Solid Colours,Colour: #C8B8C8,25,10ml,Bottle,#C8B8C8,
LC-GP-853,LC-GP-853,ml,Inventory,Gel Polish,Solid Colours,,25,10ml,Bottle,,/img/b2b/solid-colours/LC-GP-853.webp
LC-GP-0853,LC-GP-0853,ml,Inventory,Gel Polish,Solid Colours,Colour: #D8C0C0,25,10ml,Bottle,#D8C0C0,
LC-GP-854,LC-GP-854,ml,Inventory,Gel Polish,Solid Colours,,25,10ml,Bottle,,/img/b2b/solid-colours/LC-GP-854.webp
LC-GP-0854,LC-GP-0854,ml,Inventory,Gel Polish,Solid Colours,Colour: #C8B0B0,25,10ml,Bottle,#C8B0B0,
LC-GP-855,LC-GP-855,ml,Inventory,Gel Polish,Solid Colours,,25,10ml,Bottle,,/img/b2b/solid-colours/LC-GP-855.webp
LC-GP-0855,LC-GP-0855,ml,Inventory,Gel Polish,Solid Colours,Colour: #C8C0C8,25,10ml,Bottle,#C8C0C8,
LC-GP-856,LC-GP-856,ml,Inventory,Gel Polish,Solid Colours,,25,10ml,Bottle,,/img/b2b/solid-colours/LC-GP-856.webp
LC-GP-0856,LC-GP-0856,ml,Inventory,Gel Polish,Solid Colours,Colour: #B8B0A8,25,10ml,Bottle,#B8B0A8,
LC-GP-857,LC-GP-857,ml,Inventory,Gel Polish,Solid Colours,,25,10ml,Bottle,,/img/b2b/solid-colours/LC-GP-857.webp
LC-GP-0857,LC-GP-0857,ml,Inventory,Gel Polish,Solid Colours,Colour: #D0B8B8,25,10ml,Bottle,#D0B8B8,
LC-GP-858,LC-GP-858,ml,Inventory,Gel Polish,Solid Colours,,25,10ml,Bottle,,/img/b2b/solid-colours/LC-GP-858.webp
LC-GP-0858,LC-GP-0858,ml,Inventory,Gel Polish,Solid Colours,Colour: #C0B8C0,25,10ml,Bottle,#C0B8C0,
LC-GP-859,LC-GP-859,ml,Inventory,Gel Polish,Solid Colours,,25,10ml,Bottle,,/img/b2b/solid-colours/LC-GP-859.webp
LC-GP-0859,LC-GP-0859,ml,Inventory,Gel Polish,Solid Colours,Colour: #B0A8A8,25,10ml,Bottle,#B0A8A8,
LC-GP-860,LC-GP-860,ml,Inventory,Gel Polish,Solid Colours,,25,10ml,Bottle,,/img/b2b/solid-colours/LC-GP-860.webp
LC-GP-0860,LC-GP-0860,ml,Inventory,Gel Polish,Solid Colours,Colour: #B8B0C0,25,10ml,Bottle,#B8B0C0,
LC-GP-861,LC-GP-861,ml,Inventory,Gel Polish,Solid Colours,,25,10ml,Bottle,,/img/b2b/solid-colours/LC-GP-861.webp
LC-GP-0861,LC-GP-0861,ml,Inventory,Gel Polish,Solid Colours,Colour: #C8C0C8,25,10ml,Bottle,#C8C0C8,
LC-GP-862,LC-GP-862,ml,Inventory,Gel Polish,Solid Colours,,25,10ml,Bottle,,/img/b2b/solid-colours/LC-GP-862.webp
LC-GP-0862,LC-GP-0862,ml,Inventory,Gel Polish,Solid Colours,Colour: #C0B0C0,25,10ml,Bottle,#C0B0C0,
LC-GP-863,LC-GP-863,ml,Inventory,Gel Polish,Solid Colours,,25,10ml,Bottle,,/img/b2b/solid-colours/LC-GP-863.webp
LC-GP-0863,LC-GP-0863,ml,Inventory,Gel Polish,Solid Colours,Colour: #B0B0C8,25,10ml,Bottle,#B0B0C8,
LC-GP-864,LC-GP-864,ml,Inventory,Gel Polish,Solid Colours,,25,10ml,Bottle,,/img/b2b/solid-colours/LC-GP-864.webp
LC-GP-0864,LC-GP-0864,ml,Inventory,Gel Polish,Solid Colours,Colour: #C0B0C0,25,10ml,Bottle,#C0B0C0,
LC-GP-865,LC-GP-865,ml,Inventory,Gel Polish,Solid Colours,,25,10ml,Bottle,,/img/b2b/solid-colours/LC-GP-865.webp
LC-GP-0865,LC-GP-0865,ml,Inventory,Gel Polish,Solid Colours,Colour: #E8E0E0,25,10ml,Bottle,#E8E0E0,
LC-GP-866,LC-GP-866,ml,Inventory,Gel Polish,Solid Colours,,25,10ml,Bottle,,/img/b2b/solid-colours/LC-GP-866.webp
LC-GP-0866,LC-GP-0866,ml,Inventory,Gel Polish,Solid Colours,Colour: #F0F0F0,25,10ml,Bottle,#F0F0F0,
LC-GP-867,LC-GP-867,ml,Inventory,Gel Polish,Solid Colours,,25,10ml,Bottle,,/img/b2b/solid-colours/LC-GP-867.webp
LC-GP-0867,LC-GP-0867,ml,Inventory,Gel Polish,Solid Colours,Colour: #E8E0E8,25,10ml,Bottle,#E8E0E8,
LC-GP-868,LC-GP-868,ml,Inventory,Gel Polish,Solid Colours,,25,10ml,Bottle,,/img/b2b/solid-colours/LC-GP-868.webp
LC-GP-0868,LC-GP-0868,ml,Inventory,Gel Polish,Solid Colours,Colour: #E0D8E0,25,10ml,Bottle,#E0D8E0,
LC-GP-869,LC-GP-869,ml,Inventory,Gel Polish,Solid Colours,,25,10ml,Bottle,,/img/b2b/solid-colours/LC-GP-869.webp
LC-GP-0869,LC-GP-0869,ml,Inventory,Gel Polish,Solid Colours,Colour: #E0E8E8,25,10ml,Bottle,#E0E8E8,
LC-GP-870,LC-GP-870,ml,Inventory,Gel Polish,Solid Colours,,25,10ml,Bottle,,/img/b2b/solid-colours/LC-GP-870.webp
LC-GP-0870,LC-GP-0870,ml,Inventory,Gel Polish,Solid Colours,Colour: #D0D0D8,25,10ml,Bottle,#D0D0D8,
LC-GP-871,LC-GP-871,ml,Inventory,Gel Polish,Solid Colours,,25,10ml,Bottle,,/img/b2b/solid-colours/LC-GP-871.webp
LC-GP-0871,LC-GP-0871,ml,Inventory,Gel Polish,Solid Colours,Colour: #C8D0D8,25,10ml,Bottle,#C8D0D8,
LC-GP-872,LC-GP-872,ml,Inventory,Gel Polish,Solid Colours,,25,10ml,Bottle,,/img/b2b/solid-colours/LC-GP-872.webp
LC-GP-0872,LC-GP-0872,ml,Inventory,Gel Polish,Solid Colours,Colour: #D0D0D0,25,10ml,Bottle,#D0D0D0,
LC-GP-873,LC-GP-873,ml,Inventory,Gel Polish,Solid Colours,,25,10ml,Bottle,,/img/b2b/solid-colours/LC-GP-873.webp
LC-GP-0873,LC-GP-0873,ml,Inventory,Gel Polish,Solid Colours,Colour: #C0D8F0,25,10ml,Bottle,#C0D8F0,
LC-GP-874,LC-GP-874,ml,Inventory,Gel Polish,Solid Colours,,25,10ml,Bottle,,/img/b2b/solid-colours/LC-GP-874.webp
LC-GP-0874,LC-GP-0874,ml,Inventory,Gel Polish,Solid Colours,Colour: #D0D0E8,25,10ml,Bottle,#D0D0E8,
LC-GP-875,LC-GP-875,ml,Inventory,Gel Polish,Solid Colours,,25,10ml,Bottle,,/img/b2b/solid-colours/LC-GP-875.webp
LC-GP-0875,LC-GP-0875,ml,Inventory,Gel Polish,Solid Colours,Colour: #A0A8C0,25,10ml,Bottle,#A0A8C0,
LC-GP-876,LC-GP-876,ml,Inventory,Gel Polish,Solid Colours,,25,10ml,Bottle,,/img/b2b/solid-colours/LC-GP-876.webp
LC-GP-0876,LC-GP-0876,ml,Inventory,Gel Polish,Solid Colours,Colour: #A0A8D0,25,10ml,Bottle,#A0A8D0,
LC-GP-877,LC-GP-877,ml,Inventory,Gel Polish,Solid Colours,,25,10ml,Bottle,,/img/b2b/solid-colours/LC-GP-877.webp
LC-GP-0877,LC-GP-0877,ml,Inventory,Gel Polish,Solid Colours,Colour: #98A8C0,25,10ml,Bottle,#98A8C0,
LC-GP-878,LC-GP-878,ml,Inventory,Gel Polish,Solid Colours,,25,10ml,Bottle,,/img/b2b/solid-colours/LC-GP-878.webp
LC-GP-0878,LC-GP-0878,ml,Inventory,Gel Polish,Solid Colours,Colour: #A0B0D0,25,10ml,Bottle,#A0B0D0,
LC-GP-879,LC-GP-879,ml,Inventory,Gel Polish,Solid Colours,,25,10ml,Bottle,,/img/b2b/solid-colours/LC-GP-879.webp
LC-GP-0879,LC-GP-0879,ml,Inventory,Gel Polish,Solid Colours,Colour: #A0B0C0,25,10ml,Bottle,#A0B0C0,
LC-GP-880,LC-GP-880,ml,Inventory,Gel Polish,Solid Colours,,25,10ml,Bottle,,/img/b2b/solid-colours/LC-GP-880.webp
LC-GP-0880,LC-GP-0880,ml,Inventory,Gel Polish,Solid Colours,Colour: #A8C0C0,25,10ml,Bottle,#A8C0C0,
LC-GP-0881,LC-GP-0881,ml,Inventory,Gel Polish,Solid Colours,,25,10ml,Bottle,,/img/b2b/solid-colours/LC-GP-0881.webp
LC-GP-0882,LC-GP-0882,ml,Inventory,Gel Polish,Solid Colours,,25,10ml,Bottle,,/img/b2b/solid-colours/LC-GP-0882.webp
LC-GP-0883,LC-GP-0883,ml,Inventory,Gel Polish,Solid Colours,,25,10ml,Bottle,,/img/b2b/solid-colours/LC-GP-0883.webp
LC-GP-0884,LC-GP-0884,ml,Inventory,Gel Polish,Solid Colours,,25,10ml,Bottle,,/img/b2b/solid-colours/LC-GP-0884.webp
LC-GP-0885,LC-GP-0885,ml,Inventory,Gel Polish,Solid Colours,,25,10ml,Bottle,,/img/b2b/solid-colours/LC-GP-0885.webp
LC-GP-0886,LC-GP-0886,ml,Inventory,Gel Polish,Solid Colours,,25,10ml,Bottle,,/img/b2b/solid-colours/LC-GP-0886.webp
LC-GP-0887,LC-GP-0887,ml,Inventory,Gel Polish,Solid Colours,,25,10ml,Bottle,,/img/b2b/solid-colours/LC-GP-0887.webp
LC-GP-0888,LC-GP-0888,ml,Inventory,Gel Polish,Solid Colours,,25,10ml,Bottle,,/img/b2b/solid-colours/LC-GP-0888.webp
LC-GP-0889,LC-GP-0889,ml,Inventory,Gel Polish,Solid Colours,,25,10ml,Bottle,,/img/b2b/solid-colours/LC-GP-0889.webp
LC-GP-0890,LC-GP-0890,ml,Inventory,Gel Polish,Solid Colours,,25,10ml,Bottle,,/img/b2b/solid-colours/LC-GP-0890.webp
LC-GP-0891,LC-GP-0891,ml,Inventory,Gel Polish,Solid Colours,,25,10ml,Bottle,,/img/b2b/solid-colours/LC-GP-0891.webp
LC-GP-0892,LC-GP-0892,ml,Inventory,Gel Polish,Solid Colours,,25,10ml,Bottle,,/img/b2b/solid-colours/LC-GP-0892.webp
LC-GP-0893,LC-GP-0893,ml,Inventory,Gel Polish,Solid Colours,,25,10ml,Bottle,,/img/b2b/solid-colours/LC-GP-0893.webp
LC-GP-0894,LC-GP-0894,ml,Inventory,Gel Polish,Solid Colours,,25,10ml,Bottle,,/img/b2b/solid-colours/LC-GP-0894.webp
LC-GP-0895,LC-GP-0895,ml,Inventory,Gel Polish,Solid Colours,,25,10ml,Bottle,,/img/b2b/solid-colours/LC-GP-0895.webp
LC-GP-0896,LC-GP-0896,ml,Inventory,Gel Polish,Solid Colours,,25,10ml,Bottle,,/img/b2b/solid-colours/LC-GP-0896.webp
LC-GP-0897,LC-GP-0897,ml,Inventory,Gel Polish,Solid Colours,,25,10ml,Bottle,,/img/b2b/solid-colours/LC-GP-0897.webp
LC-GP-0898,LC-GP-0898,ml,Inventory,Gel Polish,Solid Colours,,25,10ml,Bottle,,/img/b2b/solid-colours/LC-GP-0898.webp
LC-GP-0899,LC-GP-0899,ml,Inventory,Gel Polish,Solid Colours,,25,10ml,Bottle,,/img/b2b/solid-colours/LC-GP-0899.webp
LC-GP-0900,LC-GP-0900,ml,Inventory,Gel Polish,Solid Colours,,25,10ml,Bottle,,/img/b2b/solid-colours/LC-GP-0900.webp
LC-GP-0901,LC-GP-0901,ml,Inventory,Gel Polish,Solid Colours,,25,10ml,Bottle,,/img/b2b/solid-colours/LC-GP-0901.webp
LC-GP-0902,LC-GP-0902,ml,Inventory,Gel Polish,Solid Colours,,25,10ml,Bottle,,/img/b2b/solid-colours/LC-GP-0902.webp
LC-GP-0903,LC-GP-0903,ml,Inventory,Gel Polish,Solid Colours,,25,10ml,Bottle,,/img/b2b/solid-colours/LC-GP-0903.webp
LC-GP-0904,LC-GP-0904,ml,Inventory,Gel Polish,Solid Colours,,25,10ml,Bottle,,/img/b2b/solid-colours/LC-GP-0904.webp
LC-GP-0905,LC-GP-0905,ml,Inventory,Gel Polish,Solid Colours,,25,10ml,Bottle,,/img/b2b/solid-colours/LC-GP-0905.webp
LC-GP-0906,LC-GP-0906,ml,Inventory,Gel Polish,Solid Colours,,25,10ml,Bottle,,/img/b2b/solid-colours/LC-GP-0906.webp
LC-GP-0907,LC-GP-0907,ml,Inventory,Gel Polish,Solid Colours,,25,10ml,Bottle,,/img/b2b/solid-colours/LC-GP-0907.webp
LC-GP-0908,LC-GP-0908,ml,Inventory,Gel Polish,Solid Colours,,25,10ml,Bottle,,/img/b2b/solid-colours/LC-GP-0908.webp
LC-GP-0909,LC-GP-0909,ml,Inventory,Gel Polish,Solid Colours,,25,10ml,Bottle,,/img/b2b/solid-colours/LC-GP-0909.webp
LC-GP-0910,LC-GP-0910,ml,Inventory,Gel Polish,Solid Colours,,25,10ml,Bottle,,/img/b2b/solid-colours/LC-GP-0910.webp
LC-GP-0911,LC-GP-0911,ml,Inventory,Gel Polish,Solid Colours,,25,10ml,Bottle,,/img/b2b/solid-colours/LC-GP-0911.webp
LC-GP-0912,LC-GP-0912,ml,Inventory,Gel Polish,Solid Colours,,25,10ml,Bottle,,/img/b2b/solid-colours/LC-GP-0912.webp
LC-GP-0913,LC-GP-0913,ml,Inventory,Gel Polish,Solid Colours,,25,10ml,Bottle,,/img/b2b/solid-colours/LC-GP-0913.webp
LC-GP-0914,LC-GP-0914,ml,Inventory,Gel Polish,Solid Colours,,25,10ml,Bottle,,/img/b2b/solid-colours/LC-GP-0914.webp
LC-GP-0915,LC-GP-0915,ml,Inventory,Gel Polish,Solid Colours,,25,10ml,Bottle,,/img/b2b/solid-colours/LC-GP-0915.webp
LC-GP-0916,LC-GP-0916,ml,Inventory,Gel Polish,Solid Colours,,25,10ml,Bottle,,/img/b2b/solid-colours/LC-GP-0916.webp
LC-GP-0917,LC-GP-0917,ml,Inventory,Gel Polish,Solid Colours,,25,10ml,Bottle,,/img/b2b/solid-colours/LC-GP-0917.webp
LC-GP-0918,LC-GP-0918,ml,Inventory,Gel Polish,Solid Colours,,25,10ml,Bottle,,/img/b2b/solid-colours/LC-GP-0918.webp
LC-GP-0919,LC-GP-0919,ml,Inventory,Gel Polish,Solid Colours,,25,10ml,Bottle,,/img/b2b/solid-colours/LC-GP-0919.webp
LC-GP-0920,LC-GP-0920,ml,Inventory,Gel Polish,Solid Colours,,25,10ml,Bottle,,/img/b2b/solid-colours/LC-GP-0920.webp
LC-GP-0921,LC-GP-0921,ml,Inventory,Gel Polish,Solid Colours,,25,10ml,Bottle,,/img/b2b/solid-colours/LC-GP-0921.webp
LC-GP-0922,LC-GP-0922,ml,Inventory,Gel Polish,Solid Colours,,25,10ml,Bottle,,/img/b2b/solid-colours/LC-GP-0922.webp
LC-GP-0923,LC-GP-0923,ml,Inventory,Gel Polish,Solid Colours,,25,10ml,Bottle,,/img/b2b/solid-colours/LC-GP-0923.webp
LC-GP-0924,LC-GP-0924,ml,Inventory,Gel Polish,Solid Colours,,25,10ml,Bottle,,/img/b2b/solid-colours/LC-GP-0924.webp
LC-GP-0925,LC-GP-0925,ml,Inventory,Gel Polish,Solid Colours,,25,10ml,Bottle,,/img/b2b/solid-colours/LC-GP-0925.webp
LC-GP-0926,LC-GP-0926,ml,Inventory,Gel Polish,Solid Colours,,25,10ml,Bottle,,/img/b2b/solid-colours/LC-GP-0926.webp
LC-GP-0927,LC-GP-0927,ml,Inventory,Gel Polish,Solid Colours,,25,10ml,Bottle,,/img/b2b/solid-colours/LC-GP-0927.webp
LC-GP-0928,LC-GP-0928,ml,Inventory,Gel Polish,Solid Colours,,25,10ml,Bottle,,/img/b2b/solid-colours/LC-GP-0928.webp
LC-GP-0929,LC-GP-0929,ml,Inventory,Gel Polish,Solid Colours,,25,10ml,Bottle,,/img/b2b/solid-colours/LC-GP-0929.webp
LC-GP-0930,LC-GP-0930,ml,Inventory,Gel Polish,Solid Colours,,25,10ml,Bottle,,/img/b2b/solid-colours/LC-GP-0930.webp
LC-GP-0931,LC-GP-0931,ml,Inventory,Gel Polish,Solid Colours,,25,10ml,Bottle,,/img/b2b/solid-colours/LC-GP-0931.webp
LC-GP-0932,LC-GP-0932,ml,Inventory,Gel Polish,Solid Colours,,25,10ml,Bottle,,/img/b2b/solid-colours/LC-GP-0932.webp
LC-GP-0933,LC-GP-0933,ml,Inventory,Gel Polish,Solid Colours,,25,10ml,Bottle,,/img/b2b/solid-colours/LC-GP-0933.webp
LC-GP-0934,LC-GP-0934,ml,Inventory,Gel Polish,Solid Colours,,25,10ml,Bottle,,/img/b2b/solid-colours/LC-GP-0934.webp
LC-GP-0935,LC-GP-0935,ml,Inventory,Gel Polish,Solid Colours,,25,10ml,Bottle,,/img/b2b/solid-colours/LC-GP-0935.webp
LC-GP-0936,LC-GP-0936,ml,Inventory,Gel Polish,Solid Colours,,25,10ml,Bottle,,/img/b2b/solid-colours/LC-GP-0936.webp
LC-GP-0937,LC-GP-0937,ml,Inventory,Gel Polish,Solid Colours,,25,10ml,Bottle,,/img/b2b/solid-colours/LC-GP-0937.webp
LC-GP-0938,LC-GP-0938,ml,Inventory,Gel Polish,Solid Colours,,25,10ml,Bottle,,/img/b2b/solid-colours/LC-GP-0938.webp
LC-GP-0939,LC-GP-0939,ml,Inventory,Gel Polish,Solid Colours,,25,10ml,Bottle,,/img/b2b/solid-colours/LC-GP-0939.webp
LC-GP-0940,LC-GP-0940,ml,Inventory,Gel Polish,Solid Colours,,25,10ml,Bottle,,/img/b2b/solid-colours/LC-GP-0940.webp
LC-GP-0941,LC-GP-0941,ml,Inventory,Gel Polish,Solid Colours,,25,10ml,Bottle,,/img/b2b/solid-colours/LC-GP-0941.webp
LC-GP-0942,LC-GP-0942,ml,Inventory,Gel Polish,Solid Colours,,25,10ml,Bottle,,/img/b2b/solid-colours/LC-GP-0942.webp
LC-GP-0943,LC-GP-0943,ml,Inventory,Gel Polish,Solid Colours,,25,10ml,Bottle,,/img/b2b/solid-colours/LC-GP-0943.webp
LC-GP-0944,LC-GP-0944,ml,Inventory,Gel Polish,Solid Colours,,25,10ml,Bottle,,/img/b2b/solid-colours/LC-GP-0944.webp
LC-GP-0945,LC-GP-0945,ml,Inventory,Gel Polish,Solid Colours,,25,10ml,Bottle,,/img/b2b/solid-colours/LC-GP-0945.webp
LC-GP-0946,LC-GP-0946,ml,Inventory,Gel Polish,Solid Colours,,25,10ml,Bottle,,/img/b2b/solid-colours/LC-GP-0946.webp
LC-GP-0947,LC-GP-0947,ml,Inventory,Gel Polish,Solid Colours,,25,10ml,Bottle,,/img/b2b/solid-colours/LC-GP-0947.webp
LC-GP-0948,LC-GP-0948,ml,Inventory,Gel Polish,Solid Colours,,25,10ml,Bottle,,/img/b2b/solid-colours/LC-GP-0948.webp
LC-GP-0949,LC-GP-0949,ml,Inventory,Gel Polish,Solid Colours,,25,10ml,Bottle,,/img/b2b/solid-colours/LC-GP-0949.webp
LC-GP-0950,LC-GP-0950,ml,Inventory,Gel Polish,Solid Colours,,25,10ml,Bottle,,/img/b2b/solid-colours/LC-GP-0950.webp
LC-GP-0951,LC-GP-0951,ml,Inventory,Gel Polish,Solid Colours,,25,10ml,Bottle,,/img/b2b/solid-colours/LC-GP-0951.webp
LC-GP-0952,LC-GP-0952,ml,Inventory,Gel Polish,Solid Colours,,25,10ml,Bottle,,/img/b2b/solid-colours/LC-GP-0952.webp
LC-GP-0953,LC-GP-0953,ml,Inventory,Gel Polish,Solid Colours,,25,10ml,Bottle,,/img/b2b/solid-colours/LC-GP-0953.webp
LC-GP-0954,LC-GP-0954,ml,Inventory,Gel Polish,Solid Colours,,25,10ml,Bottle,,/img/b2b/solid-colours/LC-GP-0954.webp
LC-GP-0955,LC-GP-0955,ml,Inventory,Gel Polish,Solid Colours,,25,10ml,Bottle,,/img/b2b/solid-colours/LC-GP-0955.webp
LC-GP-0956,LC-GP-0956,ml,Inventory,Gel Polish,Solid Colours,,25,10ml,Bottle,,/img/b2b/solid-colours/LC-GP-0956.webp
LC-GP-0957,LC-GP-0957,ml,Inventory,Gel Polish,Solid Colours,,25,10ml,Bottle,,/img/b2b/solid-colours/LC-GP-0957.webp
LC-GP-0958,LC-GP-0958,ml,Inventory,Gel Polish,Solid Colours,,25,10ml,Bottle,,/img/b2b/solid-colours/LC-GP-0958.webp
LC-GP-0959,LC-GP-0959,ml,Inventory,Gel Polish,Solid Colours,,25,10ml,Bottle,,/img/b2b/solid-colours/LC-GP-0959.webp
LC-GP-0960,LC-GP-0960,ml,Inventory,Gel Polish,Solid Colours,,25,10ml,Bottle,,/img/b2b/solid-colours/LC-GP-0960.webp
LC-GP-0961,LC-GP-0961,ml,Inventory,Gel Polish,Solid Colours,,25,10ml,Bottle,,/img/b2b/solid-colours/LC-GP-0961.webp
LC-GP-0962,LC-GP-0962,ml,Inventory,Gel Polish,Solid Colours,,25,10ml,Bottle,,/img/b2b/solid-colours/LC-GP-0962.webp
LC-GP-0963,LC-GP-0963,ml,Inventory,Gel Polish,Solid Colours,,25,10ml,Bottle,,/img/b2b/solid-colours/LC-GP-0963.webp
LC-GP-0964,LC-GP-0964,ml,Inventory,Gel Polish,Solid Colours,,25,10ml,Bottle,,/img/b2b/solid-colours/LC-GP-0964.webp
LC-GP-0965,LC-GP-0965,ml,Inventory,Gel Polish,Solid Colours,,25,10ml,Bottle,,/img/b2b/solid-colours/LC-GP-0965.webp
LC-GP-0966,LC-GP-0966,ml,Inventory,Gel Polish,Solid Colours,,25,10ml,Bottle,,/img/b2b/solid-colours/LC-GP-0966.webp
LC-GP-0967,LC-GP-0967,ml,Inventory,Gel Polish,Solid Colours,,25,10ml,Bottle,,/img/b2b/solid-colours/LC-GP-0967.webp
LC-GP-0968,LC-GP-0968,ml,Inventory,Gel Polish,Solid Colours,,25,10ml,Bottle,,/img/b2b/solid-colours/LC-GP-0968.webp
LC-GP-0969,LC-GP-0969,ml,Inventory,Gel Polish,Solid Colours,,25,10ml,Bottle,,/img/b2b/solid-colours/LC-GP-0969.webp
LC-GP-0970,LC-GP-0970,ml,Inventory,Gel Polish,Solid Colours,,25,10ml,Bottle,,/img/b2b/solid-colours/LC-GP-0970.webp
LC-GP-0971,LC-GP-0971,ml,Inventory,Gel Polish,Solid Colours,,25,10ml,Bottle,,/img/b2b/solid-colours/LC-GP-0971.webp
LC-GP-0972,LC-GP-0972,ml,Inventory,Gel Polish,Solid Colours,,25,10ml,Bottle,,/img/b2b/solid-colours/LC-GP-0972.webp
LC-GP-0973,LC-GP-0973,ml,Inventory,Gel Polish,Solid Colours,,25,10ml,Bottle,,/img/b2b/solid-colours/LC-GP-0973.webp
LC-GP-0974,LC-GP-0974,ml,Inventory,Gel Polish,Solid Colours,,25,10ml,Bottle,,/img/b2b/solid-colours/LC-GP-0974.webp
LC-GP-0975,LC-GP-0975,ml,Inventory,Gel Polish,Solid Colours,,25,10ml,Bottle,,/img/b2b/solid-colours/LC-GP-0975.webp
LC-GP-0976,LC-GP-0976,ml,Inventory,Gel Polish,Solid Colours,,25,10ml,Bottle,,/img/b2b/solid-colours/LC-GP-0976.webp
LC-GP-0977,LC-GP-0977,ml,Inventory,Gel Polish,Solid Colours,,25,10ml,Bottle,,/img/b2b/solid-colours/LC-GP-0977.webp
LC-GP-0978,LC-GP-0978,ml,Inventory,Gel Polish,Solid Colours,,25,10ml,Bottle,,/img/b2b/solid-colours/LC-GP-0978.webp
LC-GP-0979,LC-GP-0979,ml,Inventory,Gel Polish,Solid Colours,,25,10ml,Bottle,,/img/b2b/solid-colours/LC-GP-0979.webp
LC-GP-0980,LC-GP-0980,ml,Inventory,Gel Polish,Solid Colours,,25,10ml,Bottle,,/img/b2b/solid-colours/LC-GP-0980.webp
LC-GP-0981,LC-GP-0981,ml,Inventory,Gel Polish,Solid Colours,,25,10ml,Bottle,,/img/b2b/solid-colours/LC-GP-0981.webp
LC-GP-0982,LC-GP-0982,ml,Inventory,Gel Polish,Solid Colours,,25,10ml,Bottle,,/img/b2b/solid-colours/LC-GP-0982.webp
LC-GP-0983,LC-GP-0983,ml,Inventory,Gel Polish,Solid Colours,,25,10ml,Bottle,,/img/b2b/solid-colours/LC-GP-0983.webp
LC-GP-0984,LC-GP-0984,ml,Inventory,Gel Polish,Solid Colours,,25,10ml,Bottle,,/img/b2b/solid-colours/LC-GP-0984.webp
LC-GP-0985,LC-GP-0985,ml,Inventory,Gel Polish,Solid Colours,,25,10ml,Bottle,,/img/b2b/solid-colours/LC-GP-0985.webp
LC-GP-0986,LC-GP-0986,ml,Inventory,Gel Polish,Solid Colours,,25,10ml,Bottle,,/img/b2b/solid-colours/LC-GP-0986.webp
LC-GP-0987,LC-GP-0987,ml,Inventory,Gel Polish,Solid Colours,,25,10ml,Bottle,,/img/b2b/solid-colours/LC-GP-0987.webp
LC-GP-0988,LC-GP-0988,ml,Inventory,Gel Polish,Solid Colours,,25,10ml,Bottle,,/img/b2b/solid-colours/LC-GP-0988.webp
LC-GP-0989,LC-GP-0989,ml,Inventory,Gel Polish,Solid Colours,,25,10ml,Bottle,,/img/b2b/solid-colours/LC-GP-0989.webp
LC-GP-0990,LC-GP-0990,ml,Inventory,Gel Polish,Solid Colours,,25,10ml,Bottle,,/img/b2b/solid-colours/LC-GP-0990.webp
LC-GP-0991,LC-GP-0991,ml,Inventory,Gel Polish,Solid Colours,,25,10ml,Bottle,,/img/b2b/solid-colours/LC-GP-0991.webp
LC-GP-0992,LC-GP-0992,ml,Inventory,Gel Polish,Solid Colours,,25,10ml,Bottle,,/img/b2b/solid-colours/LC-GP-0992.webp
LC-GP-0993,LC-GP-0993,ml,Inventory,Gel Polish,Solid Colours,,25,10ml,Bottle,,/img/b2b/solid-colours/LC-GP-0993.webp
LC-GP-0994,LC-GP-0994,ml,Inventory,Gel Polish,Solid Colours,,25,10ml,Bottle,,/img/b2b/solid-colours/LC-GP-0994.webp
LC-GP-0995,LC-GP-0995,ml,Inventory,Gel Polish,Solid Colours,,25,10ml,Bottle,,/img/b2b/solid-colours/LC-GP-0995.webp
LC-GP-0996,LC-GP-0996,ml,Inventory,Gel Polish,Solid Colours,,25,10ml,Bottle,,/img/b2b/solid-colours/LC-GP-0996.webp
LC-GP-0997,LC-GP-0997,ml,Inventory,Gel Polish,Solid Colours,,25,10ml,Bottle,,/img/b2b/solid-colours/LC-GP-0997.webp
LC-GP-0998,LC-GP-0998,ml,Inventory,Gel Polish,Solid Colours,,25,10ml,Bottle,,/img/b2b/solid-colours/LC-GP-0998.webp
LC-GP-0999,LC-GP-0999,ml,Inventory,Gel Polish,Solid Colours,,25,10ml,Bottle,,/img/b2b/solid-colours/LC-GP-0999.webp
LC-GP-1000,LC-GP-1000,ml,Inventory,Gel Polish,Solid Colours,,25,10ml,Bottle,,/img/b2b/solid-colours/LC-GP-1000.webp
LC-GP-1001,LC-GP-1001,ml,Inventory,Gel Polish,Solid Colours,,25,10ml,Bottle,,/img/b2b/solid-colours/LC-GP-1001.webp
LC-GP-1002,LC-GP-1002,ml,Inventory,Gel Polish,Solid Colours,,25,10ml,Bottle,,/img/b2b/solid-colours/LC-GP-1002.webp
LC-GP-1003,LC-GP-1003,ml,Inventory,Gel Polish,Solid Colours,,25,10ml,Bottle,,/img/b2b/solid-colours/LC-GP-1003.webp
LC-GP-1004,LC-GP-1004,ml,Inventory,Gel Polish,Solid Colours,,25,10ml,Bottle,,/img/b2b/solid-colours/LC-GP-1004.webp
LC-GP-1005,LC-GP-1005,ml,Inventory,Gel Polish,Solid Colours,,25,10ml,Bottle,,/img/b2b/solid-colours/LC-GP-1005.webp
LC-GP-1006,LC-GP-1006,ml,Inventory,Gel Polish,Solid Colours,,25,10ml,Bottle,,/img/b2b/solid-colours/LC-GP-1006.webp
LC-GP-1007,LC-GP-1007,ml,Inventory,Gel Polish,Solid Colours,,25,10ml,Bottle,,/img/b2b/solid-colours/LC-GP-1007.webp
LC-GP-1008,LC-GP-1008,ml,Inventory,Gel Polish,Solid Colours,,25,10ml,Bottle,,/img/b2b/solid-colours/LC-GP-1008.webp
LC-GP-1009,LC-GP-1009,ml,Inventory,Gel Polish,Solid Colours,,25,10ml,Bottle,,/img/b2b/solid-colours/LC-GP-1009.webp
LC-GP-1010,LC-GP-1010,ml,Inventory,Gel Polish,Solid Colours,,25,10ml,Bottle,,/img/b2b/solid-colours/LC-GP-1010.webp
LC-GP-1011,LC-GP-1011,ml,Inventory,Gel Polish,Solid Colours,,25,10ml,Bottle,,/img/b2b/solid-colours/LC-GP-1011.webp
LC-GP-1012,LC-GP-1012,ml,Inventory,Gel Polish,Solid Colours,,25,10ml,Bottle,,/img/b2b/solid-colours/LC-GP-1012.webp
LC-GP-1013,LC-GP-1013,ml,Inventory,Gel Polish,Solid Colours,,25,10ml,Bottle,,/img/b2b/solid-colours/LC-GP-1013.webp
LC-GP-1014,LC-GP-1014,ml,Inventory,Gel Polish,Solid Colours,,25,10ml,Bottle,,/img/b2b/solid-colours/LC-GP-1014.webp
LC-GP-1015,LC-GP-1015,ml,Inventory,Gel Polish,Solid Colours,,25,10ml,Bottle,,/img/b2b/solid-colours/LC-GP-1015.webp
LC-GP-1016,LC-GP-1016,ml,Inventory,Gel Polish,Solid Colours,,25,10ml,Bottle,,/img/b2b/solid-colours/LC-GP-1016.webp
LC-GP-1017,LC-GP-1017,ml,Inventory,Gel Polish,Solid Colours,,25,10ml,Bottle,,/img/b2b/solid-colours/LC-GP-1017.webp
LC-GP-1018,LC-GP-1018,ml,Inventory,Gel Polish,Solid Colours,,25,10ml,Bottle,,/img/b2b/solid-colours/LC-GP-1018.webp
LC-GP-1019,LC-GP-1019,ml,Inventory,Gel Polish,Solid Colours,,25,10ml,Bottle,,/img/b2b/solid-colours/LC-GP-1019.webp
LC-GP-1020,LC-GP-1020,ml,Inventory,Gel Polish,Solid Colours,,25,10ml,Bottle,,/img/b2b/solid-colours/LC-GP-1020.webp
LC-GP-1021,LC-GP-1021,ml,Inventory,Gel Polish,Solid Colours,,25,10ml,Bottle,,/img/b2b/solid-colours/LC-GP-1021.webp
LC-GP-1022,LC-GP-1022,ml,Inventory,Gel Polish,Solid Colours,,25,10ml,Bottle,,/img/b2b/solid-colours/LC-GP-1022.webp
LC-GP-1023,LC-GP-1023,ml,Inventory,Gel Polish,Solid Colours,,25,10ml,Bottle,,/img/b2b/solid-colours/LC-GP-1023.webp
LC-GP-1024,LC-GP-1024,ml,Inventory,Gel Polish,Solid Colours,,25,10ml,Bottle,,/img/b2b/solid-colours/LC-GP-1024.webp
LC-GP-1025,LC-GP-1025,ml,Inventory,Gel Polish,Solid Colours,,25,10ml,Bottle,,/img/b2b/solid-colours/LC-GP-1025.webp
LC-GP-1026,LC-GP-1026,ml,Inventory,Gel Polish,Solid Colours,,25,10ml,Bottle,,/img/b2b/solid-colours/LC-GP-1026.webp
LC-GP-1027,LC-GP-1027,ml,Inventory,Gel Polish,Solid Colours,,25,10ml,Bottle,,/img/b2b/solid-colours/LC-GP-1027.webp
LC-GP-1028,LC-GP-1028,ml,Inventory,Gel Polish,Solid Colours,,25,10ml,Bottle,,/img/b2b/solid-colours/LC-GP-1028.webp
LC-GP-1029,LC-GP-1029,ml,Inventory,Gel Polish,Solid Colours,,25,10ml,Bottle,,/img/b2b/solid-colours/LC-GP-1029.webp
LC-GP-1030,LC-GP-1030,ml,Inventory,Gel Polish,Solid Colours,,25,10ml,Bottle,,/img/b2b/solid-colours/LC-GP-1030.webp
LC-GP-1031,LC-GP-1031,ml,Inventory,Gel Polish,Solid Colours,,25,10ml,Bottle,,/img/b2b/solid-colours/LC-GP-1031.webp
LC-GP-1032,LC-GP-1032,ml,Inventory,Gel Polish,Solid Colours,,25,10ml,Bottle,,/img/b2b/solid-colours/LC-GP-1032.webp
LC-GP-1033,LC-GP-1033,ml,Inventory,Gel Polish,Solid Colours,,25,10ml,Bottle,,/img/b2b/solid-colours/LC-GP-1033.webp
LC-GP-1034,LC-GP-1034,ml,Inventory,Gel Polish,Solid Colours,,25,10ml,Bottle,,/img/b2b/solid-colours/LC-GP-1034.webp
LC-GP-1035,LC-GP-1035,ml,Inventory,Gel Polish,Solid Colours,,25,10ml,Bottle,,/img/b2b/solid-colours/LC-GP-1035.webp
LC-GP-1036,LC-GP-1036,ml,Inventory,Gel Polish,Solid Colours,,25,10ml,Bottle,,/img/b2b/solid-colours/LC-GP-1036.webp
LC-GP-1037,LC-GP-1037,ml,Inventory,Gel Polish,Solid Colours,,25,10ml,Bottle,,/img/b2b/solid-colours/LC-GP-1037.webp
LC-GP-1038,LC-GP-1038,ml,Inventory,Gel Polish,Solid Colours,,25,10ml,Bottle,,/img/b2b/solid-colours/LC-GP-1038.webp
LC-GP-1039,LC-GP-1039,ml,Inventory,Gel Polish,Solid Colours,,25,10ml,Bottle,,/img/b2b/solid-colours/LC-GP-1039.webp
LC-GP-1040,LC-GP-1040,ml,Inventory,Gel Polish,Solid Colours,,25,10ml,Bottle,,/img/b2b/solid-colours/LC-GP-1040.webp
LC-GP-1041,LC-GP-1041,ml,Inventory,Gel Polish,Solid Colours,,25,10ml,Bottle,,/img/b2b/solid-colours/LC-GP-1041.webp
LC-GP-1042,LC-GP-1042,ml,Inventory,Gel Polish,Solid Colours,,25,10ml,Bottle,,/img/b2b/solid-colours/LC-GP-1042.webp
LC-GP-1043,LC-GP-1043,ml,Inventory,Gel Polish,Solid Colours,,25,10ml,Bottle,,/img/b2b/solid-colours/LC-GP-1043.webp
LC-GP-1044,LC-GP-1044,ml,Inventory,Gel Polish,Solid Colours,,25,10ml,Bottle,,/img/b2b/solid-colours/LC-GP-1044.webp
LC-GP-1045,LC-GP-1045,ml,Inventory,Gel Polish,Solid Colours,,25,10ml,Bottle,,/img/b2b/solid-colours/LC-GP-1045.webp
LC-GP-1046,LC-GP-1046,ml,Inventory,Gel Polish,Solid Colours,,25,10ml,Bottle,,/img/b2b/solid-colours/LC-GP-1046.webp
LC-GP-1047,LC-GP-1047,ml,Inventory,Gel Polish,Solid Colours,,25,10ml,Bottle,,/img/b2b/solid-colours/LC-GP-1047.webp
LC-GP-1048,LC-GP-1048,ml,Inventory,Gel Polish,Solid Colours,,25,10ml,Bottle,,/img/b2b/solid-colours/LC-GP-1048.webp
LC-GP-1049,LC-GP-1049,ml,Inventory,Gel Polish,Solid Colours,,25,10ml,Bottle,,/img/b2b/solid-colours/LC-GP-1049.webp
LC-GP-1050,LC-GP-1050,ml,Inventory,Gel Polish,Solid Colours,,25,10ml,Bottle,,/img/b2b/solid-colours/LC-GP-1050.webp
LC-GP-1051,LC-GP-1051,ml,Inventory,Gel Polish,Solid Colours,,25,10ml,Bottle,,/img/b2b/solid-colours/LC-GP-1051.webp
LC-GP-1052,LC-GP-1052,ml,Inventory,Gel Polish,Solid Colours,,25,10ml,Bottle,,/img/b2b/solid-colours/LC-GP-1052.webp
LC-GP-1053,LC-GP-1053,ml,Inventory,Gel Polish,Solid Colours,,25,10ml,Bottle,,/img/b2b/solid-colours/LC-GP-1053.webp
LC-GP-1054,LC-GP-1054,ml,Inventory,Gel Polish,Solid Colours,,25,10ml,Bottle,,/img/b2b/solid-colours/LC-GP-1054.webp
LC-GP-1055,LC-GP-1055,ml,Inventory,Gel Polish,Solid Colours,,25,10ml,Bottle,,/img/b2b/solid-colours/LC-GP-1055.webp
LC-GP-1056,LC-GP-1056,ml,Inventory,Gel Polish,Solid Colours,,25,10ml,Bottle,,/img/b2b/solid-colours/LC-GP-1056.webp
LC-GP-1057,LC-GP-1057,ml,Inventory,Gel Polish,Solid Colours,,25,10ml,Bottle,,/img/b2b/solid-colours/LC-GP-1057.webp
LC-GP-1058,LC-GP-1058,ml,Inventory,Gel Polish,Solid Colours,,25,10ml,Bottle,,/img/b2b/solid-colours/LC-GP-1058.webp
LC-GP-1059,LC-GP-1059,ml,Inventory,Gel Polish,Solid Colours,,25,10ml,Bottle,,/img/b2b/solid-colours/LC-GP-1059.webp
LC-GP-1060,LC-GP-1060,ml,Inventory,Gel Polish,Solid Colours,,25,10ml,Bottle,,/img/b2b/solid-colours/LC-GP-1060.webp
LC-GP-1061,LC-GP-1061,ml,Inventory,Gel Polish,Solid Colours,,25,10ml,Bottle,,/img/b2b/solid-colours/LC-GP-1061.webp
LC-GP-1062,LC-GP-1062,ml,Inventory,Gel Polish,Solid Colours,,25,10ml,Bottle,,/img/b2b/solid-colours/LC-GP-1062.webp
LC-GP-1063,LC-GP-1063,ml,Inventory,Gel Polish,Solid Colours,,25,10ml,Bottle,,/img/b2b/solid-colours/LC-GP-1063.webp
LC-GP-1064,LC-GP-1064,ml,Inventory,Gel Polish,Solid Colours,,25,10ml,Bottle,,/img/b2b/solid-colours/LC-GP-1064.webp
LC-GP-1065,LC-GP-1065,ml,Inventory,Gel Polish,Solid Colours,,25,10ml,Bottle,,/img/b2b/solid-colours/LC-GP-1065.webp
LC-GP-1066,LC-GP-1066,ml,Inventory,Gel Polish,Solid Colours,,25,10ml,Bottle,,/img/b2b/solid-colours/LC-GP-1066.webp
LC-GP-1067,LC-GP-1067,ml,Inventory,Gel Polish,Solid Colours,,25,10ml,Bottle,,/img/b2b/solid-colours/LC-GP-1067.webp
LC-GP-1068,LC-GP-1068,ml,Inventory,Gel Polish,Solid Colours,,25,10ml,Bottle,,/img/b2b/solid-colours/LC-GP-1068.webp
LC-GP-1069,LC-GP-1069,ml,Inventory,Gel Polish,Solid Colours,,25,10ml,Bottle,,/img/b2b/solid-colours/LC-GP-1069.webp
LC-GP-1070,LC-GP-1070,ml,Inventory,Gel Polish,Solid Colours,,25,10ml,Bottle,,/img/b2b/solid-colours/LC-GP-1070.webp
LC-GP-1071,LC-GP-1071,ml,Inventory,Gel Polish,Solid Colours,,25,10ml,Bottle,,/img/b2b/solid-colours/LC-GP-1071.webp
LC-GP-1072,LC-GP-1072,ml,Inventory,Gel Polish,Solid Colours,,25,10ml,Bottle,,/img/b2b/solid-colours/LC-GP-1072.webp
LC-GP-1073,LC-GP-1073,ml,Inventory,Gel Polish,Solid Colours,,25,10ml,Bottle,,/img/b2b/solid-colours/LC-GP-1073.webp
LC-GP-1074,LC-GP-1074,ml,Inventory,Gel Polish,Solid Colours,,25,10ml,Bottle,,/img/b2b/solid-colours/LC-GP-1074.webp
LC-GP-1075,LC-GP-1075,ml,Inventory,Gel Polish,Solid Colours,,25,10ml,Bottle,,/img/b2b/solid-colours/LC-GP-1075.webp
LC-GP-1076,LC-GP-1076,ml,Inventory,Gel Polish,Solid Colours,,25,10ml,Bottle,,/img/b2b/solid-colours/LC-GP-1076.webp
LC-GP-1077,LC-GP-1077,ml,Inventory,Gel Polish,Solid Colours,,25,10ml,Bottle,,/img/b2b/solid-colours/LC-GP-1077.webp
LC-GP-1078,LC-GP-1078,ml,Inventory,Gel Polish,Solid Colours,,25,10ml,Bottle,,/img/b2b/solid-colours/LC-GP-1078.webp
LC-GP-1079,LC-GP-1079,ml,Inventory,Gel Polish,Solid Colours,,25,10ml,Bottle,,/img/b2b/solid-colours/LC-GP-1079.webp
LC-GP-1080,LC-GP-1080,ml,Inventory,Gel Polish,Solid Colours,,25,10ml,Bottle,,/img/b2b/solid-colours/LC-GP-1080.webp
LC-GP-1081,LC-GP-1081,ml,Inventory,Gel Polish,Solid Colours,,25,10ml,Bottle,,/img/b2b/solid-colours/LC-GP-1081.webp
LC-GP-1082,LC-GP-1082,ml,Inventory,Gel Polish,Solid Colours,,25,10ml,Bottle,,/img/b2b/solid-colours/LC-GP-1082.webp
LC-GP-1083,LC-GP-1083,ml,Inventory,Gel Polish,Solid Colours,,25,10ml,Bottle,,/img/b2b/solid-colours/LC-GP-1083.webp
LC-GP-1084,LC-GP-1084,ml,Inventory,Gel Polish,Solid Colours,,25,10ml,Bottle,,/img/b2b/solid-colours/LC-GP-1084.webp
LC-GP-1085,LC-GP-1085,ml,Inventory,Gel Polish,Solid Colours,,25,10ml,Bottle,,/img/b2b/solid-colours/LC-GP-1085.webp
LC-GP-1086,LC-GP-1086,ml,Inventory,Gel Polish,Solid Colours,,25,10ml,Bottle,,/img/b2b/solid-colours/LC-GP-1086.webp
LC-GP-1087,LC-GP-1087,ml,Inventory,Gel Polish,Solid Colours,,25,10ml,Bottle,,/img/b2b/solid-colours/LC-GP-1087.webp
LC-GP-1088,LC-GP-1088,ml,Inventory,Gel Polish,Solid Colours,,25,10ml,Bottle,,/img/b2b/solid-colours/LC-GP-1088.webp
LC-GP-1089,LC-GP-1089,ml,Inventory,Gel Polish,Solid Colours,,25,10ml,Bottle,,/img/b2b/solid-colours/LC-GP-1089.webp
LC-GP-1090,LC-GP-1090,ml,Inventory,Gel Polish,Solid Colours,,25,10ml,Bottle,,/img/b2b/solid-colours/LC-GP-1090.webp
LC-GP-1091,LC-GP-1091,ml,Inventory,Gel Polish,Solid Colours,,25,10ml,Bottle,,/img/b2b/solid-colours/LC-GP-1091.webp
LC-GP-1092,LC-GP-1092,ml,Inventory,Gel Polish,Solid Colours,,25,10ml,Bottle,,/img/b2b/solid-colours/LC-GP-1092.webp
LC-GP-1093,LC-GP-1093,ml,Inventory,Gel Polish,Solid Colours,,25,10ml,Bottle,,/img/b2b/solid-colours/LC-GP-1093.webp
LC-GP-1094,LC-GP-1094,ml,Inventory,Gel Polish,Solid Colours,,25,10ml,Bottle,,/img/b2b/solid-colours/LC-GP-1094.webp
LC-GP-1095,LC-GP-1095,ml,Inventory,Gel Polish,Solid Colours,,25,10ml,Bottle,,/img/b2b/solid-colours/LC-GP-1095.webp
LC-GP-1096,LC-GP-1096,ml,Inventory,Gel Polish,Solid Colours,,25,10ml,Bottle,,/img/b2b/solid-colours/LC-GP-1096.webp
LC-GP-1097,LC-GP-1097,ml,Inventory,Gel Polish,Solid Colours,,25,10ml,Bottle,,/img/b2b/solid-colours/LC-GP-1097.webp
LC-GP-1098,LC-GP-1098,ml,Inventory,Gel Polish,Solid Colours,,25,10ml,Bottle,,/img/b2b/solid-colours/LC-GP-1098.webp
LC-GP-1099,LC-GP-1099,ml,Inventory,Gel Polish,Solid Colours,,25,10ml,Bottle,,/img/b2b/solid-colours/LC-GP-1099.webp
LC-GP-1100,LC-GP-1100,ml,Inventory,Gel Polish,Solid Colours,,25,10ml,Bottle,,/img/b2b/solid-colours/LC-GP-1100.webp
LC-GP-1101,LC-GP-1101,ml,Inventory,Gel Polish,Solid Colours,,25,10ml,Bottle,,/img/b2b/solid-colours/LC-GP-1101.webp
LC-GP-1102,LC-GP-1102,ml,Inventory,Gel Polish,Solid Colours,,25,10ml,Bottle,,/img/b2b/solid-colours/LC-GP-1102.webp
LC-GP-1103,LC-GP-1103,ml,Inventory,Gel Polish,Solid Colours,,25,10ml,Bottle,,/img/b2b/solid-colours/LC-GP-1103.webp
LC-GP-1104,LC-GP-1104,ml,Inventory,Gel Polish,Solid Colours,,25,10ml,Bottle,,/img/b2b/solid-colours/LC-GP-1104.webp
LC-GP-1105,LC-GP-1105,ml,Inventory,Gel Polish,Solid Colours,,25,10ml,Bottle,,/img/b2b/solid-colours/LC-GP-1105.webp
LC-GP-1106,LC-GP-1106,ml,Inventory,Gel Polish,Solid Colours,,25,10ml,Bottle,,/img/b2b/solid-colours/LC-GP-1106.webp
LC-GP-1107,LC-GP-1107,ml,Inventory,Gel Polish,Solid Colours,,25,10ml,Bottle,,/img/b2b/solid-colours/LC-GP-1107.webp
LC-GP-1108,LC-GP-1108,ml,Inventory,Gel Polish,Solid Colours,,25,10ml,Bottle,,/img/b2b/solid-colours/LC-GP-1108.webp
LC-GP-1109,LC-GP-1109,ml,Inventory,Gel Polish,Solid Colours,,25,10ml,Bottle,,/img/b2b/solid-colours/LC-GP-1109.webp
LC-GP-1110,LC-GP-1110,ml,Inventory,Gel Polish,Solid Colours,,25,10ml,Bottle,,/img/b2b/solid-colours/LC-GP-1110.webp
LC-GP-1111,LC-GP-1111,ml,Inventory,Gel Polish,Solid Colours,,25,10ml,Bottle,,/img/b2b/solid-colours/LC-GP-1111.webp
LC-GP-1112,LC-GP-1112,ml,Inventory,Gel Polish,Solid Colours,,25,10ml,Bottle,,/img/b2b/solid-colours/LC-GP-1112.webp
LC-GP-1113,LC-GP-1113,ml,Inventory,Gel Polish,Solid Colours,,25,10ml,Bottle,,/img/b2b/solid-colours/LC-GP-1113.webp
LC-GP-1114,LC-GP-1114,ml,Inventory,Gel Polish,Solid Colours,,25,10ml,Bottle,,/img/b2b/solid-colours/LC-GP-1114.webp
LC-GP-1115,LC-GP-1115,ml,Inventory,Gel Polish,Solid Colours,,25,10ml,Bottle,,/img/b2b/solid-colours/LC-GP-1115.webp
LC-GP-1116,LC-GP-1116,ml,Inventory,Gel Polish,Solid Colours,,25,10ml,Bottle,,/img/b2b/solid-colours/LC-GP-1116.webp
LC-GP-1117,LC-GP-1117,ml,Inventory,Gel Polish,Solid Colours,,25,10ml,Bottle,,/img/b2b/solid-colours/LC-GP-1117.webp
LC-GP-1118,LC-GP-1118,ml,Inventory,Gel Polish,Solid Colours,,25,10ml,Bottle,,/img/b2b/solid-colours/LC-GP-1118.webp
LC-GP-1119,LC-GP-1119,ml,Inventory,Gel Polish,Solid Colours,,25,10ml,Bottle,,/img/b2b/solid-colours/LC-GP-1119.webp
LC-GP-1120,LC-GP-1120,ml,Inventory,Gel Polish,Solid Colours,,25,10ml,Bottle,,/img/b2b/solid-colours/LC-GP-1120.webp
LC-GP-1121,LC-GP-1121,ml,Inventory,Gel Polish,Solid Colours,,25,10ml,Bottle,,/img/b2b/solid-colours/LC-GP-1121.webp
LC-GP-1122,LC-GP-1122,ml,Inventory,Gel Polish,Solid Colours,,25,10ml,Bottle,,/img/b2b/solid-colours/LC-GP-1122.webp
LC-GP-1123,LC-GP-1123,ml,Inventory,Gel Polish,Solid Colours,,25,10ml,Bottle,,/img/b2b/solid-colours/LC-GP-1123.webp
LC-GP-1124,LC-GP-1124,ml,Inventory,Gel Polish,Solid Colours,,25,10ml,Bottle,,/img/b2b/solid-colours/LC-GP-1124.webp
LC-GP-1125,LC-GP-1125,ml,Inventory,Gel Polish,Solid Colours,,25,10ml,Bottle,,/img/b2b/solid-colours/LC-GP-1125.webp
LC-GP-1126,LC-GP-1126,ml,Inventory,Gel Polish,Solid Colours,,25,10ml,Bottle,,/img/b2b/solid-colours/LC-GP-1126.webp
LC-GP-1127,LC-GP-1127,ml,Inventory,Gel Polish,Solid Colours,,25,10ml,Bottle,,/img/b2b/solid-colours/LC-GP-1127.webp
LC-GP-1128,LC-GP-1128,ml,Inventory,Gel Polish,Solid Colours,,25,10ml,Bottle,,/img/b2b/solid-colours/LC-GP-1128.webp
LC-GP-1129,LC-GP-1129,ml,Inventory,Gel Polish,Solid Colours,,25,10ml,Bottle,,/img/b2b/solid-colours/LC-GP-1129.webp
LC-GP-1130,LC-GP-1130,ml,Inventory,Gel Polish,Solid Colours,,25,10ml,Bottle,,/img/b2b/solid-colours/LC-GP-1130.webp
LC-GP-1131,LC-GP-1131,ml,Inventory,Gel Polish,Solid Colours,,25,10ml,Bottle,,/img/b2b/solid-colours/LC-GP-1131.webp
LC-GP-1132,LC-GP-1132,ml,Inventory,Gel Polish,Solid Colours,,25,10ml,Bottle,,/img/b2b/solid-colours/LC-GP-1132.webp
LC-GP-1133,LC-GP-1133,ml,Inventory,Gel Polish,Solid Colours,,25,10ml,Bottle,,/img/b2b/solid-colours/LC-GP-1133.webp
LC-GP-1134,LC-GP-1134,ml,Inventory,Gel Polish,Solid Colours,,25,10ml,Bottle,,/img/b2b/solid-colours/LC-GP-1134.webp
LC-GP-1135,LC-GP-1135,ml,Inventory,Gel Polish,Solid Colours,,25,10ml,Bottle,,/img/b2b/solid-colours/LC-GP-1135.webp
LC-GP-1136,LC-GP-1136,ml,Inventory,Gel Polish,Solid Colours,,25,10ml,Bottle,,/img/b2b/solid-colours/LC-GP-1136.webp
LC-GP-1137,LC-GP-1137,ml,Inventory,Gel Polish,Solid Colours,,25,10ml,Bottle,,/img/b2b/solid-colours/LC-GP-1137.webp
LC-GP-1138,LC-GP-1138,ml,Inventory,Gel Polish,Solid Colours,,25,10ml,Bottle,,/img/b2b/solid-colours/LC-GP-1138.webp
LC-GP-1139,LC-GP-1139,ml,Inventory,Gel Polish,Solid Colours,,25,10ml,Bottle,,/img/b2b/solid-colours/LC-GP-1139.webp
LC-GP-1140,LC-GP-1140,ml,Inventory,Gel Polish,Solid Colours,,25,10ml,Bottle,,/img/b2b/solid-colours/LC-GP-1140.webp
LC-GP-1141,LC-GP-1141,ml,Inventory,Gel Polish,Solid Colours,,25,10ml,Bottle,,/img/b2b/solid-colours/LC-GP-1141.webp
LC-GP-1142,LC-GP-1142,ml,Inventory,Gel Polish,Solid Colours,,25,10ml,Bottle,,/img/b2b/solid-colours/LC-GP-1142.webp
LC-GP-1143,LC-GP-1143,ml,Inventory,Gel Polish,Solid Colours,,25,10ml,Bottle,,/img/b2b/solid-colours/LC-GP-1143.webp
LC-GP-1144,LC-GP-1144,ml,Inventory,Gel Polish,Solid Colours,,25,10ml,Bottle,,/img/b2b/solid-colours/LC-GP-1144.webp
LC-GP-1145,LC-GP-1145,ml,Inventory,Gel Polish,Solid Colours,,25,10ml,Bottle,,/img/b2b/solid-colours/LC-GP-1145.webp
LC-GP-1146,LC-GP-1146,ml,Inventory,Gel Polish,Solid Colours,,25,10ml,Bottle,,/img/b2b/solid-colours/LC-GP-1146.webp
LC-GP-1147,LC-GP-1147,ml,Inventory,Gel Polish,Solid Colours,,25,10ml,Bottle,,/img/b2b/solid-colours/LC-GP-1147.webp
LC-GP-1148,LC-GP-1148,ml,Inventory,Gel Polish,Solid Colours,,25,10ml,Bottle,,/img/b2b/solid-colours/LC-GP-1148.webp
LC-GP-1149,LC-GP-1149,ml,Inventory,Gel Polish,Solid Colours,,25,10ml,Bottle,,/img/b2b/solid-colours/LC-GP-1149.webp
LC-GP-1150,LC-GP-1150,ml,Inventory,Gel Polish,Solid Colours,,25,10ml,Bottle,,/img/b2b/solid-colours/LC-GP-1150.webp
LC-GP-1151,LC-GP-1151,ml,Inventory,Gel Polish,Solid Colours,,25,10ml,Bottle,,/img/b2b/solid-colours/LC-GP-1151.webp
LC-GP-1152,LC-GP-1152,ml,Inventory,Gel Polish,Solid Colours,,25,10ml,Bottle,,/img/b2b/solid-colours/LC-GP-1152.webp
LC-GP-1153,LC-GP-1153,ml,Inventory,Gel Polish,Solid Colours,,25,10ml,Bottle,,/img/b2b/solid-colours/LC-GP-1153.webp
LC-GP-1154,LC-GP-1154,ml,Inventory,Gel Polish,Solid Colours,,25,10ml,Bottle,,/img/b2b/solid-colours/LC-GP-1154.webp
LC-GP-1155,LC-GP-1155,ml,Inventory,Gel Polish,Solid Colours,,25,10ml,Bottle,,/img/b2b/solid-colours/LC-GP-1155.webp
LC-GP-1156,LC-GP-1156,ml,Inventory,Gel Polish,Solid Colours,,25,10ml,Bottle,,/img/b2b/solid-colours/LC-GP-1156.webp
LC-GP-1157,LC-GP-1157,ml,Inventory,Gel Polish,Solid Colours,,25,10ml,Bottle,,/img/b2b/solid-colours/LC-GP-1157.webp
LC-GP-1158,LC-GP-1158,ml,Inventory,Gel Polish,Solid Colours,,25,10ml,Bottle,,/img/b2b/solid-colours/LC-GP-1158.webp
LC-GP-1159,LC-GP-1159,ml,Inventory,Gel Polish,Solid Colours,,25,10ml,Bottle,,/img/b2b/solid-colours/LC-GP-1159.webp
LC-GP-1160,LC-GP-1160,ml,Inventory,Gel Polish,Solid Colours,,25,10ml,Bottle,,/img/b2b/solid-colours/LC-GP-1160.webp
LC-GP-1161,LC-GP-1161,ml,Inventory,Gel Polish,Solid Colours,,25,10ml,Bottle,,/img/b2b/solid-colours/LC-GP-1161.webp
LC-GP-1162,LC-GP-1162,ml,Inventory,Gel Polish,Solid Colours,,25,10ml,Bottle,,/img/b2b/solid-colours/LC-GP-1162.webp
LC-GP-1163,LC-GP-1163,ml,Inventory,Gel Polish,Solid Colours,,25,10ml,Bottle,,/img/b2b/solid-colours/LC-GP-1163.webp
LC-GP-1164,LC-GP-1164,ml,Inventory,Gel Polish,Solid Colours,,25,10ml,Bottle,,/img/b2b/solid-colours/LC-GP-1164.webp
LC-GP-1165,LC-GP-1165,ml,Inventory,Gel Polish,Solid Colours,,25,10ml,Bottle,,/img/b2b/solid-colours/LC-GP-1165.webp
LC-GP-1166,LC-GP-1166,ml,Inventory,Gel Polish,Solid Colours,,25,10ml,Bottle,,/img/b2b/solid-colours/LC-GP-1166.webp
LC-GP-1167,LC-GP-1167,ml,Inventory,Gel Polish,Solid Colours,,25,10ml,Bottle,,/img/b2b/solid-colours/LC-GP-1167.webp
LC-GP-1168,LC-GP-1168,ml,Inventory,Gel Polish,Solid Colours,,25,10ml,Bottle,,/img/b2b/solid-colours/LC-GP-1168.webp
LC-GP-1169,LC-GP-1169,ml,Inventory,Gel Polish,Solid Colours,,25,10ml,Bottle,,/img/b2b/solid-colours/LC-GP-1169.webp
LC-GP-1170,LC-GP-1170,ml,Inventory,Gel Polish,Solid Colours,,25,10ml,Bottle,,/img/b2b/solid-colours/LC-GP-1170.webp
LC-GP-1171,LC-GP-1171,ml,Inventory,Gel Polish,Solid Colours,,25,10ml,Bottle,,/img/b2b/solid-colours/LC-GP-1171.webp
LC-GP-1172,LC-GP-1172,ml,Inventory,Gel Polish,Solid Colours,,25,10ml,Bottle,,/img/b2b/solid-colours/LC-GP-1172.webp
LC-GP-1173,LC-GP-1173,ml,Inventory,Gel Polish,Solid Colours,,25,10ml,Bottle,,/img/b2b/solid-colours/LC-GP-1173.webp
LC-GP-1174,LC-GP-1174,ml,Inventory,Gel Polish,Solid Colours,,25,10ml,Bottle,,/img/b2b/solid-colours/LC-GP-1174.webp
LC-GP-1175,LC-GP-1175,ml,Inventory,Gel Polish,Solid Colours,,25,10ml,Bottle,,/img/b2b/solid-colours/LC-GP-1175.webp
LC-GP-1176,LC-GP-1176,ml,Inventory,Gel Polish,Solid Colours,,25,10ml,Bottle,,/img/b2b/solid-colours/LC-GP-1176.webp
LC-GP-1177,LC-GP-1177,ml,Inventory,Gel Polish,Solid Colours,,25,10ml,Bottle,,/img/b2b/solid-colours/LC-GP-1177.webp
LC-GP-1178,LC-GP-1178,ml,Inventory,Gel Polish,Solid Colours,,25,10ml,Bottle,,/img/b2b/solid-colours/LC-GP-1178.webp
LC-GP-1179,LC-GP-1179,ml,Inventory,Gel Polish,Solid Colours,,25,10ml,Bottle,,/img/b2b/solid-colours/LC-GP-1179.webp
LC-GP-1180,LC-GP-1180,ml,Inventory,Gel Polish,Solid Colours,,25,10ml,Bottle,,/img/b2b/solid-colours/LC-GP-1180.webp
LC-GP-1181,LC-GP-1181,ml,Inventory,Gel Polish,Solid Colours,,25,10ml,Bottle,,/img/b2b/solid-colours/LC-GP-1181.webp
LC-GP-1182,LC-GP-1182,ml,Inventory,Gel Polish,Solid Colours,,25,10ml,Bottle,,/img/b2b/solid-colours/LC-GP-1182.webp
LC-GP-1183,LC-GP-1183,ml,Inventory,Gel Polish,Solid Colours,,25,10ml,Bottle,,/img/b2b/solid-colours/LC-GP-1183.webp
LC-GP-1184,LC-GP-1184,ml,Inventory,Gel Polish,Solid Colours,,25,10ml,Bottle,,/img/b2b/solid-colours/LC-GP-1184.webp
LC-GP-1185,LC-GP-1185,ml,Inventory,Gel Polish,Solid Colours,,25,10ml,Bottle,,/img/b2b/solid-colours/LC-GP-1185.webp
LC-GP-1186,LC-GP-1186,ml,Inventory,Gel Polish,Solid Colours,,25,10ml,Bottle,,/img/b2b/solid-colours/LC-GP-1186.webp
LC-GP-1187,LC-GP-1187,ml,Inventory,Gel Polish,Solid Colours,,25,10ml,Bottle,,/img/b2b/solid-colours/LC-GP-1187.webp
LC-GP-1188,LC-GP-1188,ml,Inventory,Gel Polish,Solid Colours,,25,10ml,Bottle,,/img/b2b/solid-colours/LC-GP-1188.webp
LC-GP-1189,LC-GP-1189,ml,Inventory,Gel Polish,Solid Colours,,25,10ml,Bottle,,/img/b2b/solid-colours/LC-GP-1189.webp
LC-GP-1190,LC-GP-1190,ml,Inventory,Gel Polish,Solid Colours,,25,10ml,Bottle,,/img/b2b/solid-colours/LC-GP-1190.webp
LC-GP-1191,LC-GP-1191,ml,Inventory,Gel Polish,Solid Colours,,25,10ml,Bottle,,/img/b2b/solid-colours/LC-GP-1191.webp
LC-GP-1192,LC-GP-1192,ml,Inventory,Gel Polish,Solid Colours,,25,10ml,Bottle,,/img/b2b/solid-colours/LC-GP-1192.webp
LC-GP-1193,LC-GP-1193,ml,Inventory,Gel Polish,Solid Colours,,25,10ml,Bottle,,/img/b2b/solid-colours/LC-GP-1193.webp
LC-GP-1194,LC-GP-1194,ml,Inventory,Gel Polish,Solid Colours,,25,10ml,Bottle,,/img/b2b/solid-colours/LC-GP-1194.webp
LC-GP-1195,LC-GP-1195,ml,Inventory,Gel Polish,Solid Colours,,25,10ml,Bottle,,/img/b2b/solid-colours/LC-GP-1195.webp
LC-GP-1196,LC-GP-1196,ml,Inventory,Gel Polish,Solid Colours,,25,10ml,Bottle,,/img/b2b/solid-colours/LC-GP-1196.webp
LC-GP-1197,LC-GP-1197,ml,Inventory,Gel Polish,Solid Colours,,25,10ml,Bottle,,/img/b2b/solid-colours/LC-GP-1197.webp
LC-GP-1198,LC-GP-1198,ml,Inventory,Gel Polish,Solid Colours,,25,10ml,Bottle,,/img/b2b/solid-colours/LC-GP-1198.webp
LC-GP-1199,LC-GP-1199,ml,Inventory,Gel Polish,Solid Colours,,25,10ml,Bottle,,/img/b2b/solid-colours/LC-GP-1199.webp
LC-GP-1200,LC-GP-1200,ml,Inventory,Gel Polish,Solid Colours,,25,10ml,Bottle,,/img/b2b/solid-colours/LC-GP-1200.webp
Gel Cleanser,LIQ-CLNR-100,ml,Inventory,Liquids,Cleansers,Removes sticky layer,1,100ml,N/A,,
Gel Cleanser,LIQ-CLNR-500,ml,Inventory,Liquids,Cleansers,Removes sticky layer,1,500ml,N/A,,
Nail Prep Dehydrator,LIQ-PREP-100,ml,Inventory,Liquids,Cleansers,Prepares nails for application,1,100ml,N/A,,
Nail Prep Dehydrator,LIQ-PREP-500,ml,Inventory,Liquids,Cleansers,Prepares nails for application,1,500ml,N/A,,
Gel Remover,LIQ-REMV-100,ml,Inventory,Liquids,Removers,Professional gel remover,1,100ml,N/A,,
Holographic Glitter Chunky,NA-GLT-HC,g,Inventory,Nail Art,Glitters,Chunky holographic glitter,12,5g,N/A,,
Holographic Glitter Fine,NA-GLT-HF,g,Inventory,Nail Art,Glitters,Fine holographic glitter,12,5g,N/A,,
Aurora Pigment,NA-AUR-001,g,Inventory,Nail Art,Pigments,Unicorn aurora effect,12,2g,N/A,,
Chrome Powder Gold,NA-CHR-GLD,g,Inventory,Nail Art,Pigments,Mirror chrome effect in gold,12,2g,N/A,,
Chrome Powder Silver,NA-CHR-SLV,g,Inventory,Nail Art,Pigments,Mirror chrome effect,12,2g,N/A,,
LC_UGL_LP_P01,LC_UGL_LP_P01,ml,Inventory,Polygel,Liquid Polygel,,25,15ml,Tube,,/img/b2b/polygels/liquid-polygel/LC_UGL_LP_P01.webp
LC_UGL_LP_P02,LC_UGL_LP_P02,ml,Inventory,Polygel,Liquid Polygel,,25,15ml,Tube,,/img/b2b/polygels/liquid-polygel/LC_UGL_LP_P02.webp
LC_UGL_LP_P03,LC_UGL_LP_P03,ml,Inventory,Polygel,Liquid Polygel,,25,15ml,Tube,,/img/b2b/polygels/liquid-polygel/LC_UGL_LP_P03.webp
LC_UGL_LP_P04,LC_UGL_LP_P04,ml,Inventory,Polygel,Liquid Polygel,,25,15ml,Tube,,/img/b2b/polygels/liquid-polygel/LC_UGL_LP_P04.webp
LC_UGL_LP_P05,LC_UGL_LP_P05,ml,Inventory,Polygel,Liquid Polygel,,25,15ml,Tube,,/img/b2b/polygels/liquid-polygel/LC_UGL_LP_P05.webp
LC_UGL_LP_P06,LC_UGL_LP_P06,ml,Inventory,Polygel,Liquid Polygel,,25,15ml,Tube,,/img/b2b/polygels/liquid-polygel/LC_UGL_LP_P06.webp
LC_UGL_LP_P07,LC_UGL_LP_P07,ml,Inventory,Polygel,Liquid Polygel,,25,15ml,Tube,,/img/b2b/polygels/liquid-polygel/LC_UGL_LP_P07.webp
LC_UGL_LP_P08,LC_UGL_LP_P08,ml,Inventory,Polygel,Liquid Polygel,,25,15ml,Tube,,/img/b2b/polygels/liquid-polygel/LC_UGL_LP_P08.webp
LC_UGL_LP_P09,LC_UGL_LP_P09,ml,Inventory,Polygel,Liquid Polygel,,25,15ml,Tube,,/img/b2b/polygels/liquid-polygel/LC_UGL_LP_P09.webp
LC_UGL_LP_P10,LC_UGL_LP_P10,ml,Inventory,Polygel,Liquid Polygel,,25,15ml,Tube,,/img/b2b/polygels/liquid-polygel/LC_UGL_LP_P10.webp
LC_UGL_LP_P11,LC_UGL_LP_P11,ml,Inventory,Polygel,Liquid Polygel,,25,15ml,Tube,,/img/b2b/polygels/liquid-polygel/LC_UGL_LP_P11.webp
LC_UGL_LP_P12,LC_UGL_LP_P12,ml,Inventory,Polygel,Liquid Polygel,,25,15ml,Tube,,/img/b2b/polygels/liquid-polygel/LC_UGL_LP_P12.webp
LC_UGL_LP_P13,LC_UGL_LP_P13,ml,Inventory,Polygel,Liquid Polygel,,25,15ml,Tube,,/img/b2b/polygels/liquid-polygel/LC_UGL_LP_P13.webp
LC_UGL_LP_P14,LC_UGL_LP_P14,ml,Inventory,Polygel,Liquid Polygel,,25,15ml,Tube,,/img/b2b/polygels/liquid-polygel/LC_UGL_LP_P14.webp
LC_UGL_LP_P15,LC_UGL_LP_P15,ml,Inventory,Polygel,Liquid Polygel,,25,15ml,Tube,,/img/b2b/polygels/liquid-polygel/LC_UGL_LP_P15.webp
LC_UGL_LP_P16,LC_UGL_LP_P16,ml,Inventory,Polygel,Liquid Polygel,,25,15ml,Tube,,/img/b2b/polygels/liquid-polygel/LC_UGL_LP_P16.webp
LC_UGL_LP_P17,LC_UGL_LP_P17,ml,Inventory,Polygel,Liquid Polygel,,25,15ml,Tube,,/img/b2b/polygels/liquid-polygel/LC_UGL_LP_P17.webp
LC_UGL_LP_P18,LC_UGL_LP_P18,ml,Inventory,Polygel,Liquid Polygel,,25,15ml,Tube,,/img/b2b/polygels/liquid-polygel/LC_UGL_LP_P18.webp
LC_UGL_LP_P19,LC_UGL_LP_P19,ml,Inventory,Polygel,Liquid Polygel,,25,15ml,Tube,,/img/b2b/polygels/liquid-polygel/LC_UGL_LP_P19.webp
LC_UGL_LP_P20,LC_UGL_LP_P20,ml,Inventory,Polygel,Liquid Polygel,,25,15ml,Tube,,/img/b2b/polygels/liquid-polygel/LC_UGL_LP_P20.webp
LC_UGL_LP_P21,LC_UGL_LP_P21,ml,Inventory,Polygel,Liquid Polygel,,25,15ml,Tube,,/img/b2b/polygels/liquid-polygel/LC_UGL_LP_P21.webp
LC_UGL_LP_P22,LC_UGL_LP_P22,ml,Inventory,Polygel,Liquid Polygel,,25,15ml,Tube,,/img/b2b/polygels/liquid-polygel/LC_UGL_LP_P22.webp
LC_UGL_LP_P23,LC_UGL_LP_P23,ml,Inventory,Polygel,Liquid Polygel,,25,15ml,Tube,,/img/b2b/polygels/liquid-polygel/LC_UGL_LP_P23.webp
LC_UGL_LP_P24,LC_UGL_LP_P24,ml,Inventory,Polygel,Liquid Polygel,,25,15ml,Tube,,/img/b2b/polygels/liquid-polygel/LC_UGL_LP_P24.webp
LC_UGL_LP_P25,LC_UGL_LP_P25,ml,Inventory,Polygel,Liquid Polygel,,25,15ml,Tube,,/img/b2b/polygels/liquid-polygel/LC_UGL_LP_P25.webp
LC_UGL_LP_P26,LC_UGL_LP_P26,ml,Inventory,Polygel,Liquid Polygel,,25,15ml,Tube,,/img/b2b/polygels/liquid-polygel/LC_UGL_LP_P26.webp
LC_UGL_LP_P27,LC_UGL_LP_P27,ml,Inventory,Polygel,Liquid Polygel,,25,15ml,Tube,,/img/b2b/polygels/liquid-polygel/LC_UGL_LP_P27.webp
LC_UGL_LP_P28,LC_UGL_LP_P28,ml,Inventory,Polygel,Liquid Polygel,,25,15ml,Tube,,/img/b2b/polygels/liquid-polygel/LC_UGL_LP_P28.webp
LC_UGL_LP_P29,LC_UGL_LP_P29,ml,Inventory,Polygel,Liquid Polygel,,25,15ml,Tube,,/img/b2b/polygels/liquid-polygel/LC_UGL_LP_P29.webp
LC_UGL_LP_P30,LC_UGL_LP_P30,ml,Inventory,Polygel,Liquid Polygel,,25,15ml,Tube,,/img/b2b/polygels/liquid-polygel/LC_UGL_LP_P30.webp
LC_UGL_LP_P31,LC_UGL_LP_P31,ml,Inventory,Polygel,Liquid Polygel,,25,15ml,Tube,,/img/b2b/polygels/liquid-polygel/LC_UGL_LP_P31.webp
LC_UGL_LP_P32,LC_UGL_LP_P32,ml,Inventory,Polygel,Liquid Polygel,,25,15ml,Tube,,/img/b2b/polygels/liquid-polygel/LC_UGL_LP_P32.webp
LC_UGL_LP_P33,LC_UGL_LP_P33,ml,Inventory,Polygel,Liquid Polygel,,25,15ml,Tube,,/img/b2b/polygels/liquid-polygel/LC_UGL_LP_P33.webp
LC_UGL_LP_P34,LC_UGL_LP_P34,ml,Inventory,Polygel,Liquid Polygel,,25,15ml,Tube,,/img/b2b/polygels/liquid-polygel/LC_UGL_LP_P34.webp
LC_UGL_LP_P35,LC_UGL_LP_P35,ml,Inventory,Polygel,Liquid Polygel,,25,15ml,Tube,,/img/b2b/polygels/liquid-polygel/LC_UGL_LP_P35.webp
LC_UGL_LP_P36,LC_UGL_LP_P36,ml,Inventory,Polygel,Liquid Polygel,,25,15ml,Tube,,/img/b2b/polygels/liquid-polygel/LC_UGL_LP_P36.webp
LC_UGL_LP_P37,LC_UGL_LP_P37,ml,Inventory,Polygel,Liquid Polygel,,25,15ml,Tube,,/img/b2b/polygels/liquid-polygel/LC_UGL_LP_P37.webp
LC_UGL_LP_P38,LC_UGL_LP_P38,ml,Inventory,Polygel,Liquid Polygel,,25,15ml,Tube,,/img/b2b/polygels/liquid-polygel/LC_UGL_LP_P38.webp
LC_UGL_LP_P39,LC_UGL_LP_P39,ml,Inventory,Polygel,Liquid Polygel,,25,15ml,Tube,,/img/b2b/polygels/liquid-polygel/LC_UGL_LP_P39.webp
LC_UGL_LP_P40,LC_UGL_LP_P40,ml,Inventory,Polygel,Liquid Polygel,,25,15ml,Tube,,/img/b2b/polygels/liquid-polygel/LC_UGL_LP_P40.webp
LC_UGL_LP_P41,LC_UGL_LP_P41,ml,Inventory,Polygel,Liquid Polygel,,25,15ml,Tube,,/img/b2b/polygels/liquid-polygel/LC_UGL_LP_P41.webp
LC_UGL_LP_P42,LC_UGL_LP_P42,ml,Inventory,Polygel,Liquid Polygel,,25,15ml,Tube,,/img/b2b/polygels/liquid-polygel/LC_UGL_LP_P42.webp
LC_UGL_LP_P43,LC_UGL_LP_P43,ml,Inventory,Polygel,Liquid Polygel,,25,15ml,Tube,,/img/b2b/polygels/liquid-polygel/LC_UGL_LP_P43.webp
LC_UGL_LP_P44,LC_UGL_LP_P44,ml,Inventory,Polygel,Liquid Polygel,,25,15ml,Tube,,/img/b2b/polygels/liquid-polygel/LC_UGL_LP_P44.webp
LC_UGL_LP_P45,LC_UGL_LP_P45,ml,Inventory,Polygel,Liquid Polygel,,25,15ml,Tube,,/img/b2b/polygels/liquid-polygel/LC_UGL_LP_P45.webp
LC_UGL_LP_P46,LC_UGL_LP_P46,ml,Inventory,Polygel,Liquid Polygel,,25,15ml,Tube,,/img/b2b/polygels/liquid-polygel/LC_UGL_LP_P46.webp
LC_UGL_LP_P47,LC_UGL_LP_P47,ml,Inventory,Polygel,Liquid Polygel,,25,15ml,Tube,,/img/b2b/polygels/liquid-polygel/LC_UGL_LP_P47.webp
LC_UGL_LP_P48,LC_UGL_LP_P48,ml,Inventory,Polygel,Liquid Polygel,,25,15ml,Tube,,/img/b2b/polygels/liquid-polygel/LC_UGL_LP_P48.webp
LC_UGL_LP_P49,LC_UGL_LP_P49,ml,Inventory,Polygel,Liquid Polygel,,25,15ml,Tube,,/img/b2b/polygels/liquid-polygel/LC_UGL_LP_P49.webp
LC_UGL_LP_P50,LC_UGL_LP_P50,ml,Inventory,Polygel,Liquid Polygel,,25,15ml,Tube,,/img/b2b/polygels/liquid-polygel/LC_UGL_LP_P50.webp
LC_UGL_LP_P51,LC_UGL_LP_P51,ml,Inventory,Polygel,Liquid Polygel,,25,15ml,Tube,,/img/b2b/polygels/liquid-polygel/LC_UGL_LP_P51.webp
LC_UGL_LP_P52,LC_UGL_LP_P52,ml,Inventory,Polygel,Liquid Polygel,,25,15ml,Tube,,/img/b2b/polygels/liquid-polygel/LC_UGL_LP_P52.webp
LC_UGL_LP_P53,LC_UGL_LP_P53,ml,Inventory,Polygel,Liquid Polygel,,25,15ml,Tube,,/img/b2b/polygels/liquid-polygel/LC_UGL_LP_P53.webp
LC_UGL_LP_P54,LC_UGL_LP_P54,ml,Inventory,Polygel,Liquid Polygel,,25,15ml,Tube,,/img/b2b/polygels/liquid-polygel/LC_UGL_LP_P54.webp
LC_UGL_LP_P55,LC_UGL_LP_P55,ml,Inventory,Polygel,Liquid Polygel,,25,15ml,Tube,,/img/b2b/polygels/liquid-polygel/LC_UGL_LP_P55.webp
LC_UGL_LP_P56,LC_UGL_LP_P56,ml,Inventory,Polygel,Liquid Polygel,,25,15ml,Tube,,/img/b2b/polygels/liquid-polygel/LC_UGL_LP_P56.webp
LC_UGL_LP_P57,LC_UGL_LP_P57,ml,Inventory,Polygel,Liquid Polygel,,25,15ml,Tube,,/img/b2b/polygels/liquid-polygel/LC_UGL_LP_P57.webp
LC_UGL_LP_P58,LC_UGL_LP_P58,ml,Inventory,Polygel,Liquid Polygel,,25,15ml,Tube,,/img/b2b/polygels/liquid-polygel/LC_UGL_LP_P58.webp
LC_UGL_LP_P59,LC_UGL_LP_P59,ml,Inventory,Polygel,Liquid Polygel,,25,15ml,Tube,,/img/b2b/polygels/liquid-polygel/LC_UGL_LP_P59.webp
LC_UGL_LP_P60,LC_UGL_LP_P60,ml,Inventory,Polygel,Liquid Polygel,,25,15ml,Tube,,/img/b2b/polygels/liquid-polygel/LC_UGL_LP_P60.webp
LC_UGL_LP_P61,LC_UGL_LP_P61,ml,Inventory,Polygel,Liquid Polygel,,25,15ml,Tube,,/img/b2b/polygels/liquid-polygel/LC_UGL_LP_P61.webp
LC_UGL_LP_P62,LC_UGL_LP_P62,ml,Inventory,Polygel,Liquid Polygel,,25,15ml,Tube,,/img/b2b/polygels/liquid-polygel/LC_UGL_LP_P62.webp
LC_UGL-M01,LC_UGL-M01,ml,Inventory,Polygel,Liquid Polygel,,25,15ml,Tube,,/img/b2b/polygels/liquid-polygel/LC_UGL-M01.webp
LC_UGL-M02,LC_UGL-M02,ml,Inventory,Polygel,Liquid Polygel,,25,15ml,Tube,,/img/b2b/polygels/liquid-polygel/LC_UGL-M02.webp
LC_UGL-M03,LC_UGL-M03,ml,Inventory,Polygel,Liquid Polygel,,25,15ml,Tube,,/img/b2b/polygels/liquid-polygel/LC_UGL-M03.webp
LC_UGL-M04,LC_UGL-M04,ml,Inventory,Polygel,Liquid Polygel,,25,15ml,Tube,,/img/b2b/polygels/liquid-polygel/LC_UGL-M04.webp
LC_UGL-M05,LC_UGL-M05,ml,Inventory,Polygel,Liquid Polygel,,25,15ml,Tube,,/img/b2b/polygels/liquid-polygel/LC_UGL-M05.webp
LC_UGL-M06,LC_UGL-M06,ml,Inventory,Polygel,Liquid Polygel,,25,15ml,Tube,,/img/b2b/polygels/liquid-polygel/LC_UGL-M06.webp
LC_UGL-M07,LC_UGL-M07,ml,Inventory,Polygel,Liquid Polygel,,25,15ml,Tube,,/img/b2b/polygels/liquid-polygel/LC_UGL-M07.webp
LC_UGL-M08,LC_UGL-M08,ml,Inventory,Polygel,Liquid Polygel,,25,15ml,Tube,,/img/b2b/polygels/liquid-polygel/LC_UGL-M08.webp
LC_UGL-M09,LC_UGL-M09,ml,Inventory,Polygel,Liquid Polygel,,25,15ml,Tube,,/img/b2b/polygels/liquid-polygel/LC_UGL-M09.webp
LC_UGL-M10,LC_UGL-M10,ml,Inventory,Polygel,Liquid Polygel,,25,15ml,Tube,,/img/b2b/polygels/liquid-polygel/LC_UGL-M10.webp
LC_UGL-M11,LC_UGL-M11,ml,Inventory,Polygel,Liquid Polygel,,25,15ml,Tube,,/img/b2b/polygels/liquid-polygel/LC_UGL-M11.webp
LC_UGL-M12,LC_UGL-M12,ml,Inventory,Polygel,Liquid Polygel,,25,15ml,Tube,,/img/b2b/polygels/liquid-polygel/LC_UGL-M12.webp
LC_UGL-M13,LC_UGL-M13,ml,Inventory,Polygel,Liquid Polygel,,25,15ml,Tube,,/img/b2b/polygels/liquid-polygel/LC_UGL-M13.webp
LC_UGL-M14,LC_UGL-M14,ml,Inventory,Polygel,Liquid Polygel,,25,15ml,Tube,,/img/b2b/polygels/liquid-polygel/LC_UGL-M14.webp
LC_UGL-M15,LC_UGL-M15,ml,Inventory,Polygel,Liquid Polygel,,25,15ml,Tube,,/img/b2b/polygels/liquid-polygel/LC_UGL-M15.webp
LC_UGL-M16,LC_UGL-M16,ml,Inventory,Polygel,Liquid Polygel,,25,15ml,Tube,,/img/b2b/polygels/liquid-polygel/LC_UGL-M16.webp
LC_UGL-M17,LC_UGL-M17,ml,Inventory,Polygel,Liquid Polygel,,25,15ml,Tube,,/img/b2b/polygels/liquid-polygel/LC_UGL-M17.webp
LC_UGL-M18,LC_UGL-M18,ml,Inventory,Polygel,Liquid Polygel,,25,15ml,Tube,,/img/b2b/polygels/liquid-polygel/LC_UGL-M18.webp
LC_UGL-M19,LC_UGL-M19,ml,Inventory,Polygel,Liquid Polygel,,25,15ml,Tube,,/img/b2b/polygels/liquid-polygel/LC_UGL-M19.webp
LC_UGL-M20,LC_UGL-M20,ml,Inventory,Polygel,Liquid Polygel,,25,15ml,Tube,,/img/b2b/polygels/liquid-polygel/LC_UGL-M20.webp
LC_UGL-M21,LC_UGL-M21,ml,Inventory,Polygel,Liquid Polygel,,25,15ml,Tube,,/img/b2b/polygels/liquid-polygel/LC_UGL-M21.webp
LC_UGL-M22,LC_UGL-M22,ml,Inventory,Polygel,Liquid Polygel,,25,15ml,Tube,,/img/b2b/polygels/liquid-polygel/LC_UGL-M22.webp
LC_UGL-M23,LC_UGL-M23,ml,Inventory,Polygel,Liquid Polygel,,25,15ml,Tube,,/img/b2b/polygels/liquid-polygel/LC_UGL-M23.webp
LC_UGL-M24,LC_UGL-M24,ml,Inventory,Polygel,Liquid Polygel,,25,15ml,Tube,,/img/b2b/polygels/liquid-polygel/LC_UGL-M24.webp
LC_UGL01,LC_UGL01,ml,Inventory,Polygel,Liquid Polygel,,25,15ml,Tube,,/img/b2b/polygels/liquid-polygel/LC_UGL01.webp
LC_UGL02,LC_UGL02,ml,Inventory,Polygel,Liquid Polygel,,25,15ml,Tube,,/img/b2b/polygels/liquid-polygel/LC_UGL02.webp
LC_UGL03,LC_UGL03,ml,Inventory,Polygel,Liquid Polygel,,25,15ml,Tube,,/img/b2b/polygels/liquid-polygel/LC_UGL03.webp
LC_UGL04,LC_UGL04,ml,Inventory,Polygel,Liquid Polygel,,25,15ml,Tube,,/img/b2b/polygels/liquid-polygel/LC_UGL04.webp
LC_UGL05,LC_UGL05,ml,Inventory,Polygel,Liquid Polygel,,25,15ml,Tube,,/img/b2b/polygels/liquid-polygel/LC_UGL05.webp
LC_UGL06,LC_UGL06,ml,Inventory,Polygel,Liquid Polygel,,25,15ml,Tube,,/img/b2b/polygels/liquid-polygel/LC_UGL06.webp
LC_UGL07,LC_UGL07,ml,Inventory,Polygel,Liquid Polygel,,25,15ml,Tube,,/img/b2b/polygels/liquid-polygel/LC_UGL07.webp
LC_UGL08,LC_UGL08,ml,Inventory,Polygel,Liquid Polygel,,25,15ml,Tube,,/img/b2b/polygels/liquid-polygel/LC_UGL08.webp
LC_UGL09,LC_UGL09,ml,Inventory,Polygel,Liquid Polygel,,25,15ml,Tube,,/img/b2b/polygels/liquid-polygel/LC_UGL09.webp
LC_UGL10,LC_UGL10,ml,Inventory,Polygel,Liquid Polygel,,25,15ml,Tube,,/img/b2b/polygels/liquid-polygel/LC_UGL10.webp
LC_UGL11,LC_UGL11,ml,Inventory,Polygel,Liquid Polygel,,25,15ml,Tube,,/img/b2b/polygels/liquid-polygel/LC_UGL11.webp
LC_UGL12,LC_UGL12,ml,Inventory,Polygel,Liquid Polygel,,25,15ml,Tube,,/img/b2b/polygels/liquid-polygel/LC_UGL12.webp
LC_UGL13,LC_UGL13,ml,Inventory,Polygel,Liquid Polygel,,25,15ml,Tube,,/img/b2b/polygels/liquid-polygel/LC_UGL13.webp
LC_UGL14,LC_UGL14,ml,Inventory,Polygel,Liquid Polygel,,25,15ml,Tube,,/img/b2b/polygels/liquid-polygel/LC_UGL14.webp
LC_UGL15,LC_UGL15,ml,Inventory,Polygel,Liquid Polygel,,25,15ml,Tube,,/img/b2b/polygels/liquid-polygel/LC_UGL15.webp
polygel_baby_blue_color,polygel_baby_blue_color,g,Inventory,Polygel,Polygel,,100,30g,Tube,,/img/b2b/polygels/polygel/polygel_baby_blue_color.webp
polygel_baby_pink_glitter_color,polygel_baby_pink_glitter_color,g,Inventory,Polygel,Polygel,,100,30g,Tube,,/img/b2b/polygels/polygel/polygel_baby_pink_glitter_color.webp
polygel_blue_glitter_color,polygel_blue_glitter_color,g,Inventory,Polygel,Polygel,,100,30g,Tube,,/img/b2b/polygels/polygel/polygel_blue_glitter_color.webp
polygel_bubble_gum_glitter_color,polygel_bubble_gum_glitter_color,g,Inventory,Polygel,Polygel,,100,30g,Tube,,/img/b2b/polygels/polygel/polygel_bubble_gum_glitter_color.webp
polygel_clear_color,polygel_clear_color,g,Inventory,Polygel,Polygel,,100,30g,Tube,,/img/b2b/polygels/polygel/polygel_clear_color.jpg
polygel_cover_color,polygel_cover_color,g,Inventory,Polygel,Polygel,,100,30g,Tube,,/img/b2b/polygels/polygel/polygel_cover_color.jpg
polygel_cover_II_color,polygel_cover_II_color,g,Inventory,Polygel,Polygel,,100,30g,Tube,,/img/b2b/polygels/polygel/polygel_cover_II_color.jpg
polygel_crystal_clear_color,polygel_crystal_clear_color,g,Inventory,Polygel,Polygel,,100,30g,Tube,,/img/b2b/polygels/polygel/polygel_crystal_clear_color.jpg
polygel_glitsy_green_color,polygel_glitsy_green_color,g,Inventory,Polygel,Polygel,,100,30g,Tube,,/img/b2b/polygels/polygel/polygel_glitsy_green_color.webp
polygel_glitterpink_color,polygel_glitterpink_color,g,Inventory,Polygel,Polygel,,100,30g,Tube,,/img/b2b/polygels/polygel/polygel_glitterpink_color.jpg
polygel_glitters_clear,polygel_glitters_clear,g,Inventory,Polygel,Polygel,,100,30g,Tube,,/img/b2b/polygels/polygel/polygel_glitters_clear.jpg
polygel_glitters_gold,polygel_glitters_gold,g,Inventory,Polygel,Polygel,,100,30g,Tube,,/img/b2b/polygels/polygel/polygel_glitters_gold.jpg
polygel_glitters_nude,polygel_glitters_nude,g,Inventory,Polygel,Polygel,,100,30g,Tube,,/img/b2b/polygels/polygel/polygel_glitters_nude.jpg
polygel_glitters_pink,polygel_glitters_pink,g,Inventory,Polygel,Polygel,,100,30g,Tube,,/img/b2b/polygels/polygel/polygel_glitters_pink.jpg
polygel_glitters_white,polygel_glitters_white,g,Inventory,Polygel,Polygel,,100,30g,Tube,,/img/b2b/polygels/polygel/polygel_glitters_white.jpg
polygel_light_nude_color,polygel_light_nude_color,g,Inventory,Polygel,Polygel,,100,30g,Tube,,/img/b2b/polygels/polygel/polygel_light_nude_color.webp
polygel_light_pink_color,polygel_light_pink_color,g,Inventory,Polygel,Polygel,,100,30g,Tube,,/img/b2b/polygels/polygel/polygel_light_pink_color.jpg
polygel_lilac_color,polygel_lilac_color,g,Inventory,Polygel,Polygel,,100,30g,Tube,,/img/b2b/polygels/polygel/polygel_lilac_color.jpg
polygel_milky_white_color,polygel_milky_white_color,g,Inventory,Polygel,Polygel,,100,30g,Tube,,/img/b2b/polygels/polygel/polygel_milky_white_color.jpg
polygel_mint_green_color,polygel_mint_green_color,g,Inventory,Polygel,Polygel,,100,30g,Tube,,/img/b2b/polygels/polygel/polygel_mint_green_color.webp
polygel_nude_color,polygel_nude_color,g,Inventory,Polygel,Polygel,,100,30g,Tube,,/img/b2b/polygels/polygel/polygel_nude_color.jpg
polygel_pink_color,polygel_pink_color,g,Inventory,Polygel,Polygel,,100,30g,Tube,,/img/b2b/polygels/polygel/polygel_pink_color.jpg
polygel_pink_II_color,polygel_pink_II_color,g,Inventory,Polygel,Polygel,,100,30g,Tube,,/img/b2b/polygels/polygel/polygel_pink_II_color.jpg
polygel_pinkIII_color,polygel_pinkIII_color,g,Inventory,Polygel,Polygel,,100,30g,Tube,,/img/b2b/polygels/polygel/polygel_pinkIII_color.webp
polygel_super_milky_color,polygel_super_milky_color,g,Inventory,Polygel,Polygel,,100,30g,Tube,,/img/b2b/polygels/polygel/polygel_super_milky_color.jpg
polygel_super_soft_pink_color,polygel_super_soft_pink_color,g,Inventory,Polygel,Polygel,,100,30g,Tube,,/img/b2b/polygels/polygel/polygel_super_soft_pink_color.webp
polygel_white_color,polygel_white_color,g,Inventory,Polygel,Polygel,,100,30g,Tube,,/img/b2b/polygels/polygel/polygel_white_color.jpg
LC-base,LC-base,ml,Inventory,Top & Base,Classic Base,,25,15ml,Bottle,,/img/b2b/tops-bases/classic-base/LC-base.webp
LC-Extra_Strength_Base-01-Milky-White,LC-Extra_Strength_Base-01-Milky-White,ml,Inventory,Top & Base,Extra Strength Base,,25,15ml,Bottle,,/img/b2b/bases/Extra Strength Base Coat/LC-Extra_Strength_Base-01-Milky-White.png
LC-Extra_Strength_Base-02-Solid-White,LC-Extra_Strength_Base-02-Solid-White,ml,Inventory,Top & Base,Extra Strength Base,,25,15ml,Bottle,,/img/b2b/bases/Extra Strength Base Coat/LC-Extra_Strength_Base-02-Solid-White.png
LC-Extra_Strength_Base03-Milky-Nude,LC-Extra_Strength_Base03-Milky-Nude,ml,Inventory,Top & Base,Extra Strength Base,,25,15ml,Bottle,,/img/b2b/bases/Extra Strength Base Coat/LC-Extra_Strength_Base03-Milky-Nude.png
LC-Extra_Strength_Base04-Milky-Pink,LC-Extra_Strength_Base04-Milky-Pink,ml,Inventory,Top & Base,Extra Strength Base,,25,15ml,Bottle,,/img/b2b/bases/Extra Strength Base Coat/LC-Extra_Strength_Base04-Milky-Pink.png
LC-Extra_Strength_Base05-Milky-Champagne,LC-Extra_Strength_Base05-Milky-Champagne,ml,Inventory,Top & Base,Extra Strength Base,,25,15ml,Bottle,,/img/b2b/bases/Extra Strength Base Coat/LC-Extra_Strength_Base05-Milky-Champagne.png
LC-Extra_Strength_Base06-Milky,LC-Extra_Strength_Base06-Milky,ml,Inventory,Top & Base,Extra Strength Base,,25,15ml,Bottle,,/img/b2b/bases/Extra Strength Base Coat/LC-Extra_Strength_Base06-Milky.png
LC-Extra_Strength_Base07-Peach,LC-Extra_Strength_Base07-Peach,ml,Inventory,Top & Base,Extra Strength Base,,25,15ml,Bottle,,/img/b2b/bases/Extra Strength Base Coat/LC-Extra_Strength_Base07-Peach.png
LC-Extra_Strength_Base08,LC-Extra_Strength_Base08,ml,Inventory,Top & Base,Extra Strength Base,,25,15ml,Bottle,,/img/b2b/bases/Extra Strength Base Coat/LC-Extra_Strength_Base08.png
LC-Extra_Strength_Base09,LC-Extra_Strength_Base09,ml,Inventory,Top & Base,Extra Strength Base,,25,15ml,Bottle,,/img/b2b/bases/Extra Strength Base Coat/LC-Extra_Strength_Base09.png
LC-Extra_Strength_Base10,LC-Extra_Strength_Base10,ml,Inventory,Top & Base,Extra Strength Base,,25,15ml,Bottle,,/img/b2b/bases/Extra Strength Base Coat/LC-Extra_Strength_Base10.png
LC-Extra_Strength_Base11,LC-Extra_Strength_Base11,ml,Inventory,Top & Base,Extra Strength Base,,25,15ml,Bottle,,/img/b2b/bases/Extra Strength Base Coat/LC-Extra_Strength_Base11.png
LC-Extra_Strength_Base12,LC-Extra_Strength_Base12,ml,Inventory,Top & Base,Extra Strength Base,,25,15ml,Bottle,,/img/b2b/bases/Extra Strength Base Coat/LC-Extra_Strength_Base12.png
LC-Extra_Strength_Base13,LC-Extra_Strength_Base13,ml,Inventory,Top & Base,Extra Strength Base,,25,15ml,Bottle,,/img/b2b/bases/Extra Strength Base Coat/LC-Extra_Strength_Base13.png
LC-Extra_Strength_Base14,LC-Extra_Strength_Base14,ml,Inventory,Top & Base,Extra Strength Base,,25,15ml,Bottle,,/img/b2b/bases/Extra Strength Base Coat/LC-Extra_Strength_Base14.png
LC-Extra_Strength_Base15,LC-Extra_Strength_Base15,ml,Inventory,Top & Base,Extra Strength Base,,25,15ml,Bottle,,/img/b2b/bases/Extra Strength Base Coat/LC-Extra_Strength_Base15.png
LC-Extra_Strength_Base16,LC-Extra_Strength_Base16,ml,Inventory,Top & Base,Extra Strength Base,,25,15ml,Bottle,,/img/b2b/bases/Extra Strength Base Coat/LC-Extra_Strength_Base16.png
LC-Extra_Strength_Base17,LC-Extra_Strength_Base17,ml,Inventory,Top & Base,Extra Strength Base,,25,15ml,Bottle,,/img/b2b/bases/Extra Strength Base Coat/LC-Extra_Strength_Base17.png
LC-Extra_Strength_Base18,LC-Extra_Strength_Base18,ml,Inventory,Top & Base,Extra Strength Base,,25,15ml,Bottle,,/img/b2b/bases/Extra Strength Base Coat/LC-Extra_Strength_Base18.png
LC-Extra_Strength_Base19,LC-Extra_Strength_Base19,ml,Inventory,Top & Base,Extra Strength Base,,25,15ml,Bottle,,/img/b2b/bases/Extra Strength Base Coat/LC-Extra_Strength_Base19.png
LC-Extra_Strength_Base20,LC-Extra_Strength_Base20,ml,Inventory,Top & Base,Extra Strength Base,,25,15ml,Bottle,,/img/b2b/bases/Extra Strength Base Coat/LC-Extra_Strength_Base20.png
LC-Extra_Strength_Base21,LC-Extra_Strength_Base21,ml,Inventory,Top & Base,Extra Strength Base,,25,15ml,Bottle,,/img/b2b/bases/Extra Strength Base Coat/LC-Extra_Strength_Base21.png
LC-Extra_Strength_Base22,LC-Extra_Strength_Base22,ml,Inventory,Top & Base,Extra Strength Base,,25,15ml,Bottle,,/img/b2b/bases/Extra Strength Base Coat/LC-Extra_Strength_Base22.png
LC-Extra_Strength_Base23,LC-Extra_Strength_Base23,ml,Inventory,Top & Base,Extra Strength Base,,25,15ml,Bottle,,/img/b2b/bases/Extra Strength Base Coat/LC-Extra_Strength_Base23.png
LC-Extra_Strength_Base24,LC-Extra_Strength_Base24,ml,Inventory,Top & Base,Extra Strength Base,,25,15ml,Bottle,,/img/b2b/bases/Extra Strength Base Coat/LC-Extra_Strength_Base24.png
LC-Extra_Strength_Base25,LC-Extra_Strength_Base25,ml,Inventory,Top & Base,Extra Strength Base,,25,15ml,Bottle,,/img/b2b/bases/Extra Strength Base Coat/LC-Extra_Strength_Base25.png
LC-Extra_Strength_Base26,LC-Extra_Strength_Base26,ml,Inventory,Top & Base,Extra Strength Base,,25,15ml,Bottle,,/img/b2b/bases/Extra Strength Base Coat/LC-Extra_Strength_Base26.png
LC-Extra_Strength_Base27,LC-Extra_Strength_Base27,ml,Inventory,Top & Base,Extra Strength Base,,25,15ml,Bottle,,/img/b2b/bases/Extra Strength Base Coat/LC-Extra_Strength_Base27.png
LC-Extra_Strength_Base28,LC-Extra_Strength_Base28,ml,Inventory,Top & Base,Extra Strength Base,,25,15ml,Bottle,,/img/b2b/bases/Extra Strength Base Coat/LC-Extra_Strength_Base28.png
LC-Extra_Strength_Base29,LC-Extra_Strength_Base29,ml,Inventory,Top & Base,Extra Strength Base,,25,15ml,Bottle,,/img/b2b/bases/Extra Strength Base Coat/LC-Extra_Strength_Base29.png
LC-Extra_Strength_Base30,LC-Extra_Strength_Base30,ml,Inventory,Top & Base,Extra Strength Base,,25,15ml,Bottle,,/img/b2b/bases/Extra Strength Base Coat/LC-Extra_Strength_Base30.png
LC-Extra_Strength_Base31,LC-Extra_Strength_Base31,ml,Inventory,Top & Base,Extra Strength Base,,25,15ml,Bottle,,/img/b2b/bases/Extra Strength Base Coat/LC-Extra_Strength_Base31.png
LC-Extra_Strength_Base32,LC-Extra_Strength_Base32,ml,Inventory,Top & Base,Extra Strength Base,,25,15ml,Bottle,,/img/b2b/bases/Extra Strength Base Coat/LC-Extra_Strength_Base32.png
LC-Extra_Strength_Base33,LC-Extra_Strength_Base33,ml,Inventory,Top & Base,Extra Strength Base,,25,15ml,Bottle,,/img/b2b/bases/Extra Strength Base Coat/LC-Extra_Strength_Base33.png
LC-Extra_Strength_Base34,LC-Extra_Strength_Base34,ml,Inventory,Top & Base,Extra Strength Base,,25,15ml,Bottle,,/img/b2b/bases/Extra Strength Base Coat/LC-Extra_Strength_Base34.png
LC-Extra_Strength_Base35,LC-Extra_Strength_Base35,ml,Inventory,Top & Base,Extra Strength Base,,25,15ml,Bottle,,/img/b2b/bases/Extra Strength Base Coat/LC-Extra_Strength_Base35.png
LC-Extra_Strength_Base36,LC-Extra_Strength_Base36,ml,Inventory,Top & Base,Extra Strength Base,,25,15ml,Bottle,,/img/b2b/bases/Extra Strength Base Coat/LC-Extra_Strength_Base36.png
LC-Extra_Strength_Base37,LC-Extra_Strength_Base37,ml,Inventory,Top & Base,Extra Strength Base,,25,15ml,Bottle,,/img/b2b/bases/Extra Strength Base Coat/LC-Extra_Strength_Base37.png
LC-Extra_Strength_Base38,LC-Extra_Strength_Base38,ml,Inventory,Top & Base,Extra Strength Base,,25,15ml,Bottle,,/img/b2b/bases/Extra Strength Base Coat/LC-Extra_Strength_Base38.png
LC-Extra_Strength_Base39,LC-Extra_Strength_Base39,ml,Inventory,Top & Base,Extra Strength Base,,25,15ml,Bottle,,/img/b2b/bases/Extra Strength Base Coat/LC-Extra_Strength_Base39.png
LC-Extra_Strength_Base40,LC-Extra_Strength_Base40,ml,Inventory,Top & Base,Extra Strength Base,,25,15ml,Bottle,,/img/b2b/bases/Extra Strength Base Coat/LC-Extra_Strength_Base40.png
LC-Extra_Strength_Base41,LC-Extra_Strength_Base41,ml,Inventory,Top & Base,Extra Strength Base,,25,15ml,Bottle,,/img/b2b/bases/Extra Strength Base Coat/LC-Extra_Strength_Base41.png
LC-Extra_Strength_Base42,LC-Extra_Strength_Base42,ml,Inventory,Top & Base,Extra Strength Base,,25,15ml,Bottle,,/img/b2b/bases/Extra Strength Base Coat/LC-Extra_Strength_Base42.png
LC-Extra_Strength_Base43,LC-Extra_Strength_Base43,ml,Inventory,Top & Base,Extra Strength Base,,25,15ml,Bottle,,/img/b2b/bases/Extra Strength Base Coat/LC-Extra_Strength_Base43.png
LC-Extra_Strength_Base44,LC-Extra_Strength_Base44,ml,Inventory,Top & Base,Extra Strength Base,,25,15ml,Bottle,,/img/b2b/bases/Extra Strength Base Coat/LC-Extra_Strength_Base44.png
LC-Extra_Strength_Base45,LC-Extra_Strength_Base45,ml,Inventory,Top & Base,Extra Strength Base,,25,15ml,Bottle,,/img/b2b/bases/Extra Strength Base Coat/LC-Extra_Strength_Base45.png
LC-Extra_Strength_Base46,LC-Extra_Strength_Base46,ml,Inventory,Top & Base,Extra Strength Base,,25,15ml,Bottle,,/img/b2b/bases/Extra Strength Base Coat/LC-Extra_Strength_Base46.png
LC-Extra_Strength_Base47,LC-Extra_Strength_Base47,ml,Inventory,Top & Base,Extra Strength Base,,25,15ml,Bottle,,/img/b2b/bases/Extra Strength Base Coat/LC-Extra_Strength_Base47.png
LC-Extra_Strength_Base48,LC-Extra_Strength_Base48,ml,Inventory,Top & Base,Extra Strength Base,,25,15ml,Bottle,,/img/b2b/bases/Extra Strength Base Coat/LC-Extra_Strength_Base48.png
LC-Extra_Strength_Base49,LC-Extra_Strength_Base49,ml,Inventory,Top & Base,Extra Strength Base,,25,15ml,Bottle,,/img/b2b/bases/Extra Strength Base Coat/LC-Extra_Strength_Base49.png
LC-Extra_Strength_Base50,LC-Extra_Strength_Base50,ml,Inventory,Top & Base,Extra Strength Base,,25,15ml,Bottle,,/img/b2b/bases/Extra Strength Base Coat/LC-Extra_Strength_Base50.png
LC-Extra_Strength_Base51,LC-Extra_Strength_Base51,ml,Inventory,Top & Base,Extra Strength Base,,25,15ml,Bottle,,/img/b2b/bases/Extra Strength Base Coat/LC-Extra_Strength_Base51.png
LC-Extra_Strength_Base52,LC-Extra_Strength_Base52,ml,Inventory,Top & Base,Extra Strength Base,,25,15ml,Bottle,,/img/b2b/bases/Extra Strength Base Coat/LC-Extra_Strength_Base52.png
LC-Extra_Strength_Base53,LC-Extra_Strength_Base53,ml,Inventory,Top & Base,Extra Strength Base,,25,15ml,Bottle,,/img/b2b/bases/Extra Strength Base Coat/LC-Extra_Strength_Base53.png
LC-Extra_Strength_Base54,LC-Extra_Strength_Base54,ml,Inventory,Top & Base,Extra Strength Base,,25,15ml,Bottle,,/img/b2b/bases/Extra Strength Base Coat/LC-Extra_Strength_Base54.png
LC-Extra_Strength_Base55,LC-Extra_Strength_Base55,ml,Inventory,Top & Base,Extra Strength Base,,25,15ml,Bottle,,/img/b2b/bases/Extra Strength Base Coat/LC-Extra_Strength_Base55.png
LC-Extra_Strength_Base56,LC-Extra_Strength_Base56,ml,Inventory,Top & Base,Extra Strength Base,,25,15ml,Bottle,,/img/b2b/bases/Extra Strength Base Coat/LC-Extra_Strength_Base56.png
LC-Extra_Strength_Base57,LC-Extra_Strength_Base57,ml,Inventory,Top & Base,Extra Strength Base,,25,15ml,Bottle,,/img/b2b/bases/Extra Strength Base Coat/LC-Extra_Strength_Base57.png
LC-Extra_Strength_Base58,LC-Extra_Strength_Base58,ml,Inventory,Top & Base,Extra Strength Base,,25,15ml,Bottle,,/img/b2b/bases/Extra Strength Base Coat/LC-Extra_Strength_Base58.png
LC-Extra_Strength_Base59,LC-Extra_Strength_Base59,ml,Inventory,Top & Base,Extra Strength Base,,25,15ml,Bottle,,/img/b2b/bases/Extra Strength Base Coat/LC-Extra_Strength_Base59.png
LC-Extra_Strength_Base60,LC-Extra_Strength_Base60,ml,Inventory,Top & Base,Extra Strength Base,,25,15ml,Bottle,,/img/b2b/bases/Extra Strength Base Coat/LC-Extra_Strength_Base60.png
LC-Extra_Strength_Base61,LC-Extra_Strength_Base61,ml,Inventory,Top & Base,Extra Strength Base,,25,15ml,Bottle,,/img/b2b/bases/Extra Strength Base Coat/LC-Extra_Strength_Base61.png
LC-Extra_Strength_Base62,LC-Extra_Strength_Base62,ml,Inventory,Top & Base,Extra Strength Base,,25,15ml,Bottle,,/img/b2b/bases/Extra Strength Base Coat/LC-Extra_Strength_Base62.png
LC-Extra_Strength_Base63,LC-Extra_Strength_Base63,ml,Inventory,Top & Base,Extra Strength Base,,25,15ml,Bottle,,/img/b2b/bases/Extra Strength Base Coat/LC-Extra_Strength_Base63.png
LC-Extra_Strength_Base64,LC-Extra_Strength_Base64,ml,Inventory,Top & Base,Extra Strength Base,,25,15ml,Bottle,,/img/b2b/bases/Extra Strength Base Coat/LC-Extra_Strength_Base64.png
LC-Extra_Strength_Base65,LC-Extra_Strength_Base65,ml,Inventory,Top & Base,Extra Strength Base,,25,15ml,Bottle,,/img/b2b/bases/Extra Strength Base Coat/LC-Extra_Strength_Base65.png
LC-Extra_Strength_Base66,LC-Extra_Strength_Base66,ml,Inventory,Top & Base,Extra Strength Base,,25,15ml,Bottle,,/img/b2b/bases/Extra Strength Base Coat/LC-Extra_Strength_Base66.png
LC-Extra_Strength_Base67,LC-Extra_Strength_Base67,ml,Inventory,Top & Base,Extra Strength Base,,25,15ml,Bottle,,/img/b2b/bases/Extra Strength Base Coat/LC-Extra_Strength_Base67.png
LC-Extra_Strength_Base68,LC-Extra_Strength_Base68,ml,Inventory,Top & Base,Extra Strength Base,,25,15ml,Bottle,,/img/b2b/bases/Extra Strength Base Coat/LC-Extra_Strength_Base68.png
LC-Extra_Strength_Base69,LC-Extra_Strength_Base69,ml,Inventory,Top & Base,Extra Strength Base,,25,15ml,Bottle,,/img/b2b/bases/Extra Strength Base Coat/LC-Extra_Strength_Base69.png
LC-Extra_Strength_Base70,LC-Extra_Strength_Base70,ml,Inventory,Top & Base,Extra Strength Base,,25,15ml,Bottle,,/img/b2b/bases/Extra Strength Base Coat/LC-Extra_Strength_Base70.png
LC-Extra_Strength_Base71,LC-Extra_Strength_Base71,ml,Inventory,Top & Base,Extra Strength Base,,25,15ml,Bottle,,/img/b2b/bases/Extra Strength Base Coat/LC-Extra_Strength_Base71.png
LC-Extra_Strength_Base72,LC-Extra_Strength_Base72,ml,Inventory,Top & Base,Extra Strength Base,,25,15ml,Bottle,,/img/b2b/bases/Extra Strength Base Coat/LC-Extra_Strength_Base72.png
LC-Extra_Strength_Base73,LC-Extra_Strength_Base73,ml,Inventory,Top & Base,Extra Strength Base,,25,15ml,Bottle,,/img/b2b/bases/Extra Strength Base Coat/LC-Extra_Strength_Base73.png
LC-Extra_Strength_Base74,LC-Extra_Strength_Base74,ml,Inventory,Top & Base,Extra Strength Base,,25,15ml,Bottle,,/img/b2b/bases/Extra Strength Base Coat/LC-Extra_Strength_Base74.png
LC-Extra_Strength_Base75,LC-Extra_Strength_Base75,ml,Inventory,Top & Base,Extra Strength Base,,25,15ml,Bottle,,/img/b2b/bases/Extra Strength Base Coat/LC-Extra_Strength_Base75.png
LC-Extra_Strength_Base76,LC-Extra_Strength_Base76,ml,Inventory,Top & Base,Extra Strength Base,,25,15ml,Bottle,,/img/b2b/bases/Extra Strength Base Coat/LC-Extra_Strength_Base76.png
LC-Extra_Strength_Base77,LC-Extra_Strength_Base77,ml,Inventory,Top & Base,Extra Strength Base,,25,15ml,Bottle,,/img/b2b/bases/Extra Strength Base Coat/LC-Extra_Strength_Base77.png
LC-Extra_Strength_Base78,LC-Extra_Strength_Base78,ml,Inventory,Top & Base,Extra Strength Base,,25,15ml,Bottle,,/img/b2b/bases/Extra Strength Base Coat/LC-Extra_Strength_Base78.png
LC-Extra_Strength_Base79,LC-Extra_Strength_Base79,ml,Inventory,Top & Base,Extra Strength Base,,25,15ml,Bottle,,/img/b2b/bases/Extra Strength Base Coat/LC-Extra_Strength_Base79.png
LC-Extra_Strength_Base80,LC-Extra_Strength_Base80,ml,Inventory,Top & Base,Extra Strength Base,,25,15ml,Bottle,,/img/b2b/bases/Extra Strength Base Coat/LC-Extra_Strength_Base80.png
LC-Extra_Strength_Base81,LC-Extra_Strength_Base81,ml,Inventory,Top & Base,Extra Strength Base,,25,15ml,Bottle,,/img/b2b/bases/Extra Strength Base Coat/LC-Extra_Strength_Base81.png
LC-Extra_Strength_Base82,LC-Extra_Strength_Base82,ml,Inventory,Top & Base,Extra Strength Base,,25,15ml,Bottle,,/img/b2b/bases/Extra Strength Base Coat/LC-Extra_Strength_Base82.png
LC-Extra_Strength_Base83,LC-Extra_Strength_Base83,ml,Inventory,Top & Base,Extra Strength Base,,25,15ml,Bottle,,/img/b2b/bases/Extra Strength Base Coat/LC-Extra_Strength_Base83.png
LC-Extra_Strength_Base84,LC-Extra_Strength_Base84,ml,Inventory,Top & Base,Extra Strength Base,,25,15ml,Bottle,,/img/b2b/bases/Extra Strength Base Coat/LC-Extra_Strength_Base84.png
LC-Extra_Strength_Base85,LC-Extra_Strength_Base85,ml,Inventory,Top & Base,Extra Strength Base,,25,15ml,Bottle,,/img/b2b/bases/Extra Strength Base Coat/LC-Extra_Strength_Base85.png
LC-Extra_Strength_Base86,LC-Extra_Strength_Base86,ml,Inventory,Top & Base,Extra Strength Base,,25,15ml,Bottle,,/img/b2b/bases/Extra Strength Base Coat/LC-Extra_Strength_Base86.png
LC-Extra_Strength_Base87,LC-Extra_Strength_Base87,ml,Inventory,Top & Base,Extra Strength Base,,25,15ml,Bottle,,/img/b2b/bases/Extra Strength Base Coat/LC-Extra_Strength_Base87.png
LC-Extra_Strength_Base88,LC-Extra_Strength_Base88,ml,Inventory,Top & Base,Extra Strength Base,,25,15ml,Bottle,,/img/b2b/bases/Extra Strength Base Coat/LC-Extra_Strength_Base88.png
LC-Extra_Strength_Base89,LC-Extra_Strength_Base89,ml,Inventory,Top & Base,Extra Strength Base,,25,15ml,Bottle,,/img/b2b/bases/Extra Strength Base Coat/LC-Extra_Strength_Base89.png
LC-Extra_Strength_Base90,LC-Extra_Strength_Base90,ml,Inventory,Top & Base,Extra Strength Base,,25,15ml,Bottle,,/img/b2b/bases/Extra Strength Base Coat/LC-Extra_Strength_Base90.png
LC-Extra_Strength_Base91,LC-Extra_Strength_Base91,ml,Inventory,Top & Base,Extra Strength Base,,25,15ml,Bottle,,/img/b2b/bases/Extra Strength Base Coat/LC-Extra_Strength_Base91.png
LC-Extra_Strength_Base92,LC-Extra_Strength_Base92,ml,Inventory,Top & Base,Extra Strength Base,,25,15ml,Bottle,,/img/b2b/bases/Extra Strength Base Coat/LC-Extra_Strength_Base92.png
LC-Extra_Strength_Base93,LC-Extra_Strength_Base93,ml,Inventory,Top & Base,Extra Strength Base,,25,15ml,Bottle,,/img/b2b/bases/Extra Strength Base Coat/LC-Extra_Strength_Base93.png
LC-Extra_Strength_Base94,LC-Extra_Strength_Base94,ml,Inventory,Top & Base,Extra Strength Base,,25,15ml,Bottle,,/img/b2b/bases/Extra Strength Base Coat/LC-Extra_Strength_Base94.png
LC-Extra_Strength_Base95,LC-Extra_Strength_Base95,ml,Inventory,Top & Base,Extra Strength Base,,25,15ml,Bottle,,/img/b2b/bases/Extra Strength Base Coat/LC-Extra_Strength_Base95.png
LC-PAST2NRB_01,LC-PAST2NRB_01,ml,Inventory,Top & Base,Extra Strength Base,,25,15ml,Bottle,,/img/b2b/bases/Pastel Nude/LC-PAST2NRB_01.webp
LC-PAST2NRB_02,LC-PAST2NRB_02,ml,Inventory,Top & Base,Extra Strength Base,,25,15ml,Bottle,,/img/b2b/bases/Pastel Nude/LC-PAST2NRB_02.webp
LC-PAST2NRB_03,LC-PAST2NRB_03,ml,Inventory,Top & Base,Extra Strength Base,,25,15ml,Bottle,,/img/b2b/bases/Pastel Nude/LC-PAST2NRB_03.webp
LC-PAST2NRB_04,LC-PAST2NRB_04,ml,Inventory,Top & Base,Extra Strength Base,,25,15ml,Bottle,,/img/b2b/bases/Pastel Nude/LC-PAST2NRB_04.webp
LC-PAST2NRB_05,LC-PAST2NRB_05,ml,Inventory,Top & Base,Extra Strength Base,,25,15ml,Bottle,,/img/b2b/bases/Pastel Nude/LC-PAST2NRB_05.webp
LC-PAST2NRB_06,LC-PAST2NRB_06,ml,Inventory,Top & Base,Extra Strength Base,,25,15ml,Bottle,,/img/b2b/bases/Pastel Nude/LC-PAST2NRB_06.webp
LC-PAST2NRB_07,LC-PAST2NRB_07,ml,Inventory,Top & Base,Extra Strength Base,,25,15ml,Bottle,,/img/b2b/bases/Pastel Nude/LC-PAST2NRB_07.webp
LC-PAST2NRB_08,LC-PAST2NRB_08,ml,Inventory,Top & Base,Extra Strength Base,,25,15ml,Bottle,,/img/b2b/bases/Pastel Nude/LC-PAST2NRB_08.webp
LC-PAST2NRB_09,LC-PAST2NRB_09,ml,Inventory,Top & Base,Extra Strength Base,,25,15ml,Bottle,,/img/b2b/bases/Pastel Nude/LC-PAST2NRB_09.webp
LC-PAST2NRB_10,LC-PAST2NRB_10,ml,Inventory,Top & Base,Extra Strength Base,,25,15ml,Bottle,,/img/b2b/bases/Pastel Nude/LC-PAST2NRB_10.webp
LC-PAST2NRB_11,LC-PAST2NRB_11,ml,Inventory,Top & Base,Extra Strength Base,,25,15ml,Bottle,,/img/b2b/bases/Pastel Nude/LC-PAST2NRB_11.webp
LC-PAST2NRB_12,LC-PAST2NRB_12,ml,Inventory,Top & Base,Extra Strength Base,,25,15ml,Bottle,,/img/b2b/bases/Pastel Nude/LC-PAST2NRB_12.webp
LC-PAST2NRB_13,LC-PAST2NRB_13,ml,Inventory,Top & Base,Extra Strength Base,,25,15ml,Bottle,,/img/b2b/bases/Pastel Nude/LC-PAST2NRB_13.webp
LC-PAST2NRB_14,LC-PAST2NRB_14,ml,Inventory,Top & Base,Extra Strength Base,,25,15ml,Bottle,,/img/b2b/bases/Pastel Nude/LC-PAST2NRB_14.webp
LC-PAST2NRB_15,LC-PAST2NRB_15,ml,Inventory,Top & Base,Extra Strength Base,,25,15ml,Bottle,,/img/b2b/bases/Pastel Nude/LC-PAST2NRB_15.webp
LC-PAST2NRB_16,LC-PAST2NRB_16,ml,Inventory,Top & Base,Extra Strength Base,,25,15ml,Bottle,,/img/b2b/bases/Pastel Nude/LC-PAST2NRB_16.webp
LC-PAST2NRB_17,LC-PAST2NRB_17,ml,Inventory,Top & Base,Extra Strength Base,,25,15ml,Bottle,,/img/b2b/bases/Pastel Nude/LC-PAST2NRB_17.webp
LC-PAST2NRB_18,LC-PAST2NRB_18,ml,Inventory,Top & Base,Extra Strength Base,,25,15ml,Bottle,,/img/b2b/bases/Pastel Nude/LC-PAST2NRB_18.webp
LC-PAST2NRB_19,LC-PAST2NRB_19,ml,Inventory,Top & Base,Extra Strength Base,,25,15ml,Bottle,,/img/b2b/bases/Pastel Nude/LC-PAST2NRB_19.webp
LC-PAST2NRB_20,LC-PAST2NRB_20,ml,Inventory,Top & Base,Extra Strength Base,,25,15ml,Bottle,,/img/b2b/bases/Pastel Nude/LC-PAST2NRB_20.webp
LC-PAST2NRB_21,LC-PAST2NRB_21,ml,Inventory,Top & Base,Extra Strength Base,,25,15ml,Bottle,,/img/b2b/bases/Pastel Nude/LC-PAST2NRB_21.webp
LC-PAST2NRB_22,LC-PAST2NRB_22,ml,Inventory,Top & Base,Extra Strength Base,,25,15ml,Bottle,,/img/b2b/bases/Pastel Nude/LC-PAST2NRB_22.webp
LC-PAST2NRB_23,LC-PAST2NRB_23,ml,Inventory,Top & Base,Extra Strength Base,,25,15ml,Bottle,,/img/b2b/bases/Pastel Nude/LC-PAST2NRB_23.webp
LC-PAST2NRB_24,LC-PAST2NRB_24,ml,Inventory,Top & Base,Extra Strength Base,,25,15ml,Bottle,,/img/b2b/bases/Pastel Nude/LC-PAST2NRB_24.webp
LC-PAST2NRB_25,LC-PAST2NRB_25,ml,Inventory,Top & Base,Extra Strength Base,,25,15ml,Bottle,,/img/b2b/bases/Pastel Nude/LC-PAST2NRB_25.webp
LC-PAST2NRB_26,LC-PAST2NRB_26,ml,Inventory,Top & Base,Extra Strength Base,,25,15ml,Bottle,,/img/b2b/bases/Pastel Nude/LC-PAST2NRB_26.webp
LC-PAST2NRB_27,LC-PAST2NRB_27,ml,Inventory,Top & Base,Extra Strength Base,,25,15ml,Bottle,,/img/b2b/bases/Pastel Nude/LC-PAST2NRB_27.webp
LC-PAST2NRB_28,LC-PAST2NRB_28,ml,Inventory,Top & Base,Extra Strength Base,,25,15ml,Bottle,,/img/b2b/bases/Pastel Nude/LC-PAST2NRB_28.webp
LC-PAST2NRB_29,LC-PAST2NRB_29,ml,Inventory,Top & Base,Extra Strength Base,,25,15ml,Bottle,,/img/b2b/bases/Pastel Nude/LC-PAST2NRB_29.webp
LC-PAST2NRB_30,LC-PAST2NRB_30,ml,Inventory,Top & Base,Extra Strength Base,,25,15ml,Bottle,,/img/b2b/bases/Pastel Nude/LC-PAST2NRB_30.webp
LC-PAST2NRB_31,LC-PAST2NRB_31,ml,Inventory,Top & Base,Extra Strength Base,,25,15ml,Bottle,,/img/b2b/bases/Pastel Nude/LC-PAST2NRB_31.webp
LC-PAST2NRB_32,LC-PAST2NRB_32,ml,Inventory,Top & Base,Extra Strength Base,,25,15ml,Bottle,,/img/b2b/bases/Pastel Nude/LC-PAST2NRB_32.webp
LC-PAST2NRB_33,LC-PAST2NRB_33,ml,Inventory,Top & Base,Extra Strength Base,,25,15ml,Bottle,,/img/b2b/bases/Pastel Nude/LC-PAST2NRB_33.webp
LC-PAST2NRB_34,LC-PAST2NRB_34,ml,Inventory,Top & Base,Extra Strength Base,,25,15ml,Bottle,,/img/b2b/bases/Pastel Nude/LC-PAST2NRB_34.webp
LC-PAST2NRB_35,LC-PAST2NRB_35,ml,Inventory,Top & Base,Extra Strength Base,,25,15ml,Bottle,,/img/b2b/bases/Pastel Nude/LC-PAST2NRB_35.webp
LC-PAST2NRB_36,LC-PAST2NRB_36,ml,Inventory,Top & Base,Extra Strength Base,,25,15ml,Bottle,,/img/b2b/bases/Pastel Nude/LC-PAST2NRB_36.webp
LC-PAST2NRB_37,LC-PAST2NRB_37,ml,Inventory,Top & Base,Extra Strength Base,,25,15ml,Bottle,,/img/b2b/bases/Pastel Nude/LC-PAST2NRB_37.webp
LC-PAST2NRB_38,LC-PAST2NRB_38,ml,Inventory,Top & Base,Extra Strength Base,,25,15ml,Bottle,,/img/b2b/bases/Pastel Nude/LC-PAST2NRB_38.webp
LC-PAST2NRB_39,LC-PAST2NRB_39,ml,Inventory,Top & Base,Extra Strength Base,,25,15ml,Bottle,,/img/b2b/bases/Pastel Nude/LC-PAST2NRB_39.webp
LC-PAST2NRB_40,LC-PAST2NRB_40,ml,Inventory,Top & Base,Extra Strength Base,,25,15ml,Bottle,,/img/b2b/bases/Pastel Nude/LC-PAST2NRB_40.webp
LC-PAST2NRB_41,LC-PAST2NRB_41,ml,Inventory,Top & Base,Extra Strength Base,,25,15ml,Bottle,,/img/b2b/bases/Pastel Nude/LC-PAST2NRB_41.webp
LC-PAST2NRB_42,LC-PAST2NRB_42,ml,Inventory,Top & Base,Extra Strength Base,,25,15ml,Bottle,,/img/b2b/bases/Pastel Nude/LC-PAST2NRB_42.webp
LC-PAST2NRB_43,LC-PAST2NRB_43,ml,Inventory,Top & Base,Extra Strength Base,,25,15ml,Bottle,,/img/b2b/bases/Pastel Nude/LC-PAST2NRB_43.webp
LC-PAST2NRB_44,LC-PAST2NRB_44,ml,Inventory,Top & Base,Extra Strength Base,,25,15ml,Bottle,,/img/b2b/bases/Pastel Nude/LC-PAST2NRB_44.webp
LC-PAST2NRB_45,LC-PAST2NRB_45,ml,Inventory,Top & Base,Extra Strength Base,,25,15ml,Bottle,,/img/b2b/bases/Pastel Nude/LC-PAST2NRB_45.webp
LC-PAST2NRB_46,LC-PAST2NRB_46,ml,Inventory,Top & Base,Extra Strength Base,,25,15ml,Bottle,,/img/b2b/bases/Pastel Nude/LC-PAST2NRB_46.webp
LC-PAST2NRB_47,LC-PAST2NRB_47,ml,Inventory,Top & Base,Extra Strength Base,,25,15ml,Bottle,,/img/b2b/bases/Pastel Nude/LC-PAST2NRB_47.webp
LC-PAST2NRB_48,LC-PAST2NRB_48,ml,Inventory,Top & Base,Extra Strength Base,,25,15ml,Bottle,,/img/b2b/bases/Pastel Nude/LC-PAST2NRB_48.webp
LC-COVRB_01,LC-COVRB_01,ml,Inventory,Top & Base,Rubber Bases,,25,15ml,Bottle,,/img/b2b/bases/Cover rubber base/LC-COVRB_01.webp
LC-COVRB_02,LC-COVRB_02,ml,Inventory,Top & Base,Rubber Bases,,25,15ml,Bottle,,/img/b2b/bases/Cover rubber base/LC-COVRB_02.webp
LC-COVRB_03,LC-COVRB_03,ml,Inventory,Top & Base,Rubber Bases,,25,15ml,Bottle,,/img/b2b/bases/Cover rubber base/LC-COVRB_03.webp
LC-COVRB_04,LC-COVRB_04,ml,Inventory,Top & Base,Rubber Bases,,25,15ml,Bottle,,/img/b2b/bases/Cover rubber base/LC-COVRB_04.webp
LC-COVRB_05,LC-COVRB_05,ml,Inventory,Top & Base,Rubber Bases,,25,15ml,Bottle,,/img/b2b/bases/Cover rubber base/LC-COVRB_05.webp
LC-COVRB_06,LC-COVRB_06,ml,Inventory,Top & Base,Rubber Bases,,25,15ml,Bottle,,/img/b2b/bases/Cover rubber base/LC-COVRB_06.webp
LC-COVRB_07,LC-COVRB_07,ml,Inventory,Top & Base,Rubber Bases,,25,15ml,Bottle,,/img/b2b/bases/Cover rubber base/LC-COVRB_07.webp
LC-COVRB_08,LC-COVRB_08,ml,Inventory,Top & Base,Rubber Bases,,25,15ml,Bottle,,/img/b2b/bases/Cover rubber base/LC-COVRB_08.webp
LC-COVRB_09,LC-COVRB_09,ml,Inventory,Top & Base,Rubber Bases,,25,15ml,Bottle,,/img/b2b/bases/Cover rubber base/LC-COVRB_09.webp
LC-COVRB_10,LC-COVRB_10,ml,Inventory,Top & Base,Rubber Bases,,25,15ml,Bottle,,/img/b2b/bases/Cover rubber base/LC-COVRB_10.webp
LC-COVRB_11,LC-COVRB_11,ml,Inventory,Top & Base,Rubber Bases,,25,15ml,Bottle,,/img/b2b/bases/Cover rubber base/LC-COVRB_11.webp
LC-COVRB_12,LC-COVRB_12,ml,Inventory,Top & Base,Rubber Bases,,25,15ml,Bottle,,/img/b2b/bases/Cover rubber base/LC-COVRB_12.webp
LC-COVRB_13,LC-COVRB_13,ml,Inventory,Top & Base,Rubber Bases,,25,15ml,Bottle,,/img/b2b/bases/Cover rubber base/LC-COVRB_13.webp
LC-COVRB_14,LC-COVRB_14,ml,Inventory,Top & Base,Rubber Bases,,25,15ml,Bottle,,/img/b2b/bases/Cover rubber base/LC-COVRB_14.webp
LC-COVRB_15,LC-COVRB_15,ml,Inventory,Top & Base,Rubber Bases,,25,15ml,Bottle,,/img/b2b/bases/Cover rubber base/LC-COVRB_15.webp
LC-COVRB_16,LC-COVRB_16,ml,Inventory,Top & Base,Rubber Bases,,25,15ml,Bottle,,/img/b2b/bases/Cover rubber base/LC-COVRB_16.webp
LC-COVRB_17,LC-COVRB_17,ml,Inventory,Top & Base,Rubber Bases,,25,15ml,Bottle,,/img/b2b/bases/Cover rubber base/LC-COVRB_17.webp
LC-COVRB_18,LC-COVRB_18,ml,Inventory,Top & Base,Rubber Bases,,25,15ml,Bottle,,/img/b2b/bases/Cover rubber base/LC-COVRB_18.webp
LC-COVRB_19,LC-COVRB_19,ml,Inventory,Top & Base,Rubber Bases,,25,15ml,Bottle,,/img/b2b/bases/Cover rubber base/LC-COVRB_19.webp
LC-COVRB_20,LC-COVRB_20,ml,Inventory,Top & Base,Rubber Bases,,25,15ml,Bottle,,/img/b2b/bases/Cover rubber base/LC-COVRB_20.webp
LC-COVRB_21,LC-COVRB_21,ml,Inventory,Top & Base,Rubber Bases,,25,15ml,Bottle,,/img/b2b/bases/Cover rubber base/LC-COVRB_21.webp
LC-COVRB_22,LC-COVRB_22,ml,Inventory,Top & Base,Rubber Bases,,25,15ml,Bottle,,/img/b2b/bases/Cover rubber base/LC-COVRB_22.webp
LC-COVRB_23,LC-COVRB_23,ml,Inventory,Top & Base,Rubber Bases,,25,15ml,Bottle,,/img/b2b/bases/Cover rubber base/LC-COVRB_23.webp
LC-COVRB_24,LC-COVRB_24,ml,Inventory,Top & Base,Rubber Bases,,25,15ml,Bottle,,/img/b2b/bases/Cover rubber base/LC-COVRB_24.webp
LC-COVRB_25,LC-COVRB_25,ml,Inventory,Top & Base,Rubber Bases,,25,15ml,Bottle,,/img/b2b/bases/Cover rubber base/LC-COVRB_25.webp
LC-COVRB-Clear,LC-COVRB-Clear,ml,Inventory,Top & Base,Rubber Bases,,25,15ml,Bottle,,/img/b2b/bases/Cover rubber base/LC-COVRB-Clear.webp
LC-CRB_01,LC-CRB_01,ml,Inventory,Top & Base,Rubber Bases,,25,15ml,Bottle,,/img/b2b/bases/rubber base/colour-rubber-base/LC-CRB_01.webp
LC-CRB_02,LC-CRB_02,ml,Inventory,Top & Base,Rubber Bases,,25,15ml,Bottle,,/img/b2b/bases/rubber base/colour-rubber-base/LC-CRB_02.webp
LC-CRB_03,LC-CRB_03,ml,Inventory,Top & Base,Rubber Bases,,25,15ml,Bottle,,/img/b2b/bases/rubber base/colour-rubber-base/LC-CRB_03.webp
LC-CRB_04,LC-CRB_04,ml,Inventory,Top & Base,Rubber Bases,,25,15ml,Bottle,,/img/b2b/bases/rubber base/colour-rubber-base/LC-CRB_04.webp
LC-CRB_05,LC-CRB_05,ml,Inventory,Top & Base,Rubber Bases,,25,15ml,Bottle,,/img/b2b/bases/rubber base/colour-rubber-base/LC-CRB_05.webp
LC-CRB_06,LC-CRB_06,ml,Inventory,Top & Base,Rubber Bases,,25,15ml,Bottle,,/img/b2b/bases/rubber base/colour-rubber-base/LC-CRB_06.webp
LC-CRB_07,LC-CRB_07,ml,Inventory,Top & Base,Rubber Bases,,25,15ml,Bottle,,/img/b2b/bases/rubber base/colour-rubber-base/LC-CRB_07.webp
LC-CRB_08,LC-CRB_08,ml,Inventory,Top & Base,Rubber Bases,,25,15ml,Bottle,,/img/b2b/bases/rubber base/colour-rubber-base/LC-CRB_08.webp
LC-CRB_09,LC-CRB_09,ml,Inventory,Top & Base,Rubber Bases,,25,15ml,Bottle,,/img/b2b/bases/rubber base/colour-rubber-base/LC-CRB_09.webp
LC-CRB_10,LC-CRB_10,ml,Inventory,Top & Base,Rubber Bases,,25,15ml,Bottle,,/img/b2b/bases/rubber base/colour-rubber-base/LC-CRB_10.webp
LC-CRB_11,LC-CRB_11,ml,Inventory,Top & Base,Rubber Bases,,25,15ml,Bottle,,/img/b2b/bases/rubber base/colour-rubber-base/LC-CRB_11.webp
LC-CRB_12,LC-CRB_12,ml,Inventory,Top & Base,Rubber Bases,,25,15ml,Bottle,,/img/b2b/bases/rubber base/colour-rubber-base/LC-CRB_12.webp
LC-CRB_13,LC-CRB_13,ml,Inventory,Top & Base,Rubber Bases,,25,15ml,Bottle,,/img/b2b/bases/rubber base/colour-rubber-base/LC-CRB_13.webp
LC-CRB_14,LC-CRB_14,ml,Inventory,Top & Base,Rubber Bases,,25,15ml,Bottle,,/img/b2b/bases/rubber base/colour-rubber-base/LC-CRB_14.webp
LC-CRB_15,LC-CRB_15,ml,Inventory,Top & Base,Rubber Bases,,25,15ml,Bottle,,/img/b2b/bases/rubber base/colour-rubber-base/LC-CRB_15.webp
LC-CRB_16,LC-CRB_16,ml,Inventory,Top & Base,Rubber Bases,,25,15ml,Bottle,,/img/b2b/bases/rubber base/colour-rubber-base/LC-CRB_16.webp
LC-CRB_17,LC-CRB_17,ml,Inventory,Top & Base,Rubber Bases,,25,15ml,Bottle,,/img/b2b/bases/rubber base/colour-rubber-base/LC-CRB_17.webp
LC-CRB_18,LC-CRB_18,ml,Inventory,Top & Base,Rubber Bases,,25,15ml,Bottle,,/img/b2b/bases/rubber base/colour-rubber-base/LC-CRB_18.webp
LC-CRB_19,LC-CRB_19,ml,Inventory,Top & Base,Rubber Bases,,25,15ml,Bottle,,/img/b2b/bases/rubber base/colour-rubber-base/LC-CRB_19.webp
LC-CRB_20,LC-CRB_20,ml,Inventory,Top & Base,Rubber Bases,,25,15ml,Bottle,,/img/b2b/bases/rubber base/colour-rubber-base/LC-CRB_20.webp
LC-CRB_21,LC-CRB_21,ml,Inventory,Top & Base,Rubber Bases,,25,15ml,Bottle,,/img/b2b/bases/rubber base/colour-rubber-base/LC-CRB_21.webp
LC-CRB_22,LC-CRB_22,ml,Inventory,Top & Base,Rubber Bases,,25,15ml,Bottle,,/img/b2b/bases/rubber base/colour-rubber-base/LC-CRB_22.webp
LC-CRB_23,LC-CRB_23,ml,Inventory,Top & Base,Rubber Bases,,25,15ml,Bottle,,/img/b2b/bases/rubber base/colour-rubber-base/LC-CRB_23.webp
LC-CRB_24,LC-CRB_24,ml,Inventory,Top & Base,Rubber Bases,,25,15ml,Bottle,,/img/b2b/bases/rubber base/colour-rubber-base/LC-CRB_24.webp
LC-CRB_25,LC-CRB_25,ml,Inventory,Top & Base,Rubber Bases,,25,15ml,Bottle,,/img/b2b/bases/rubber base/colour-rubber-base/LC-CRB_25.webp
LC-CRB_26,LC-CRB_26,ml,Inventory,Top & Base,Rubber Bases,,25,15ml,Bottle,,/img/b2b/bases/rubber base/colour-rubber-base/LC-CRB_26.webp
LC-CRB_27,LC-CRB_27,ml,Inventory,Top & Base,Rubber Bases,,25,15ml,Bottle,,/img/b2b/bases/rubber base/colour-rubber-base/LC-CRB_27.webp
LC-CRB_28,LC-CRB_28,ml,Inventory,Top & Base,Rubber Bases,,25,15ml,Bottle,,/img/b2b/bases/rubber base/colour-rubber-base/LC-CRB_28.webp
LC-CRB_29,LC-CRB_29,ml,Inventory,Top & Base,Rubber Bases,,25,15ml,Bottle,,/img/b2b/bases/rubber base/colour-rubber-base/LC-CRB_29.webp
LC-CRB_30,LC-CRB_30,ml,Inventory,Top & Base,Rubber Bases,,25,15ml,Bottle,,/img/b2b/bases/rubber base/colour-rubber-base/LC-CRB_30.webp
LC-CRB_31,LC-CRB_31,ml,Inventory,Top & Base,Rubber Bases,,25,15ml,Bottle,,/img/b2b/bases/rubber base/colour-rubber-base/LC-CRB_31.webp
LC-CRB_32,LC-CRB_32,ml,Inventory,Top & Base,Rubber Bases,,25,15ml,Bottle,,/img/b2b/bases/rubber base/colour-rubber-base/LC-CRB_32.webp
LC-CRB_33,LC-CRB_33,ml,Inventory,Top & Base,Rubber Bases,,25,15ml,Bottle,,/img/b2b/bases/rubber base/colour-rubber-base/LC-CRB_33.webp
LC-CRB_34,LC-CRB_34,ml,Inventory,Top & Base,Rubber Bases,,25,15ml,Bottle,,/img/b2b/bases/rubber base/colour-rubber-base/LC-CRB_34.webp
LC-CRB_35,LC-CRB_35,ml,Inventory,Top & Base,Rubber Bases,,25,15ml,Bottle,,/img/b2b/bases/rubber base/colour-rubber-base/LC-CRB_35.webp
LC-CRB_36,LC-CRB_36,ml,Inventory,Top & Base,Rubber Bases,,25,15ml,Bottle,,/img/b2b/bases/rubber base/colour-rubber-base/LC-CRB_36.webp
LC-CRB_37,LC-CRB_37,ml,Inventory,Top & Base,Rubber Bases,,25,15ml,Bottle,,/img/b2b/bases/rubber base/colour-rubber-base/LC-CRB_37.webp
LC-CRB_38,LC-CRB_38,ml,Inventory,Top & Base,Rubber Bases,,25,15ml,Bottle,,/img/b2b/bases/rubber base/colour-rubber-base/LC-CRB_38.webp
LC-CRB_39,LC-CRB_39,ml,Inventory,Top & Base,Rubber Bases,,25,15ml,Bottle,,/img/b2b/bases/rubber base/colour-rubber-base/LC-CRB_39.webp
LC-CRB_40,LC-CRB_40,ml,Inventory,Top & Base,Rubber Bases,,25,15ml,Bottle,,/img/b2b/bases/rubber base/colour-rubber-base/LC-CRB_40.webp
LC-CRB_41,LC-CRB_41,ml,Inventory,Top & Base,Rubber Bases,,25,15ml,Bottle,,/img/b2b/bases/rubber base/colour-rubber-base/LC-CRB_41.webp
LC-CRB_42,LC-CRB_42,ml,Inventory,Top & Base,Rubber Bases,,25,15ml,Bottle,,/img/b2b/bases/rubber base/colour-rubber-base/LC-CRB_42.webp
LC-CRB_43,LC-CRB_43,ml,Inventory,Top & Base,Rubber Bases,,25,15ml,Bottle,,/img/b2b/bases/rubber base/colour-rubber-base/LC-CRB_43.webp
LC-CRB_44,LC-CRB_44,ml,Inventory,Top & Base,Rubber Bases,,25,15ml,Bottle,,/img/b2b/bases/rubber base/colour-rubber-base/LC-CRB_44.webp
LC-CRB_45,LC-CRB_45,ml,Inventory,Top & Base,Rubber Bases,,25,15ml,Bottle,,/img/b2b/bases/rubber base/colour-rubber-base/LC-CRB_45.webp
LC-CRB_46,LC-CRB_46,ml,Inventory,Top & Base,Rubber Bases,,25,15ml,Bottle,,/img/b2b/bases/rubber base/colour-rubber-base/LC-CRB_46.webp
LC-CRB_47,LC-CRB_47,ml,Inventory,Top & Base,Rubber Bases,,25,15ml,Bottle,,/img/b2b/bases/rubber base/colour-rubber-base/LC-CRB_47.webp
LC-CRB_48,LC-CRB_48,ml,Inventory,Top & Base,Rubber Bases,,25,15ml,Bottle,,/img/b2b/bases/rubber base/colour-rubber-base/LC-CRB_48.webp
LC-CRB_49,LC-CRB_49,ml,Inventory,Top & Base,Rubber Bases,,25,15ml,Bottle,,/img/b2b/bases/rubber base/colour-rubber-base/LC-CRB_49.webp
LC-CRB_50,LC-CRB_50,ml,Inventory,Top & Base,Rubber Bases,,25,15ml,Bottle,,/img/b2b/bases/rubber base/colour-rubber-base/LC-CRB_50.webp
LC-CRB_51,LC-CRB_51,ml,Inventory,Top & Base,Rubber Bases,,25,15ml,Bottle,,/img/b2b/bases/rubber base/colour-rubber-base/LC-CRB_51.webp
LC-CRB_52,LC-CRB_52,ml,Inventory,Top & Base,Rubber Bases,,25,15ml,Bottle,,/img/b2b/bases/rubber base/colour-rubber-base/LC-CRB_52.webp
LC-CRB_53,LC-CRB_53,ml,Inventory,Top & Base,Rubber Bases,,25,15ml,Bottle,,/img/b2b/bases/rubber base/colour-rubber-base/LC-CRB_53.webp
LC-CRB_54,LC-CRB_54,ml,Inventory,Top & Base,Rubber Bases,,25,15ml,Bottle,,/img/b2b/bases/rubber base/colour-rubber-base/LC-CRB_54.webp
LC-CRB_55,LC-CRB_55,ml,Inventory,Top & Base,Rubber Bases,,25,15ml,Bottle,,/img/b2b/bases/rubber base/colour-rubber-base/LC-CRB_55.webp
LC-CRB_56,LC-CRB_56,ml,Inventory,Top & Base,Rubber Bases,,25,15ml,Bottle,,/img/b2b/bases/rubber base/colour-rubber-base/LC-CRB_56.webp
LC-CRB_57,LC-CRB_57,ml,Inventory,Top & Base,Rubber Bases,,25,15ml,Bottle,,/img/b2b/bases/rubber base/colour-rubber-base/LC-CRB_57.webp
LC-CRB_58,LC-CRB_58,ml,Inventory,Top & Base,Rubber Bases,,25,15ml,Bottle,,/img/b2b/bases/rubber base/colour-rubber-base/LC-CRB_58.webp
LC-CRB_59,LC-CRB_59,ml,Inventory,Top & Base,Rubber Bases,,25,15ml,Bottle,,/img/b2b/bases/rubber base/colour-rubber-base/LC-CRB_59.webp
LC-CRB_60,LC-CRB_60,ml,Inventory,Top & Base,Rubber Bases,,25,15ml,Bottle,,/img/b2b/bases/rubber base/colour-rubber-base/LC-CRB_60.webp
LC-GLRB_01,LC-GLRB_01,ml,Inventory,Top & Base,Rubber Bases,,25,15ml,Bottle,,/img/b2b/bases/Glass Rubber Base/LC-GLRB_01.webp
LC-GLRB_02,LC-GLRB_02,ml,Inventory,Top & Base,Rubber Bases,,25,15ml,Bottle,,/img/b2b/bases/Glass Rubber Base/LC-GLRB_02.webp
LC-GLRB_03,LC-GLRB_03,ml,Inventory,Top & Base,Rubber Bases,,25,15ml,Bottle,,/img/b2b/bases/Glass Rubber Base/LC-GLRB_03.webp
LC-GLRB_04,LC-GLRB_04,ml,Inventory,Top & Base,Rubber Bases,,25,15ml,Bottle,,/img/b2b/bases/Glass Rubber Base/LC-GLRB_04.webp
LC-GLRB_05,LC-GLRB_05,ml,Inventory,Top & Base,Rubber Bases,,25,15ml,Bottle,,/img/b2b/bases/Glass Rubber Base/LC-GLRB_05.webp
LC-GLRB_06,LC-GLRB_06,ml,Inventory,Top & Base,Rubber Bases,,25,15ml,Bottle,,/img/b2b/bases/Glass Rubber Base/LC-GLRB_06.webp
LC-GLRB_07,LC-GLRB_07,ml,Inventory,Top & Base,Rubber Bases,,25,15ml,Bottle,,/img/b2b/bases/Glass Rubber Base/LC-GLRB_07.webp
LC-GLRB_08,LC-GLRB_08,ml,Inventory,Top & Base,Rubber Bases,,25,15ml,Bottle,,/img/b2b/bases/Glass Rubber Base/LC-GLRB_08.webp
LC-GLRB_09,LC-GLRB_09,ml,Inventory,Top & Base,Rubber Bases,,25,15ml,Bottle,,/img/b2b/bases/Glass Rubber Base/LC-GLRB_09.webp
LC-GLRB_10,LC-GLRB_10,ml,Inventory,Top & Base,Rubber Bases,,25,15ml,Bottle,,/img/b2b/bases/Glass Rubber Base/LC-GLRB_10.webp
LC-GLRB_11,LC-GLRB_11,ml,Inventory,Top & Base,Rubber Bases,,25,15ml,Bottle,,/img/b2b/bases/Glass Rubber Base/LC-GLRB_11.webp
LC-GLRB_12,LC-GLRB_12,ml,Inventory,Top & Base,Rubber Bases,,25,15ml,Bottle,,/img/b2b/bases/Glass Rubber Base/LC-GLRB_12.webp
LC-GLRB_13,LC-GLRB_13,ml,Inventory,Top & Base,Rubber Bases,,25,15ml,Bottle,,/img/b2b/bases/Glass Rubber Base/LC-GLRB_13.webp
LC-GLRB_14,LC-GLRB_14,ml,Inventory,Top & Base,Rubber Bases,,25,15ml,Bottle,,/img/b2b/bases/Glass Rubber Base/LC-GLRB_14.webp
LC-GLRB_15,LC-GLRB_15,ml,Inventory,Top & Base,Rubber Bases,,25,15ml,Bottle,,/img/b2b/bases/Glass Rubber Base/LC-GLRB_15.webp
LC-GLRB_16,LC-GLRB_16,ml,Inventory,Top & Base,Rubber Bases,,25,15ml,Bottle,,/img/b2b/bases/Glass Rubber Base/LC-GLRB_16.webp
LC-GLRB_17,LC-GLRB_17,ml,Inventory,Top & Base,Rubber Bases,,25,15ml,Bottle,,/img/b2b/bases/Glass Rubber Base/LC-GLRB_17.webp
LC-GLRB_18,LC-GLRB_18,ml,Inventory,Top & Base,Rubber Bases,,25,15ml,Bottle,,/img/b2b/bases/Glass Rubber Base/LC-GLRB_18.webp
LC-GLRB_19,LC-GLRB_19,ml,Inventory,Top & Base,Rubber Bases,,25,15ml,Bottle,,/img/b2b/bases/Glass Rubber Base/LC-GLRB_19.webp
LC-GLRB_20,LC-GLRB_20,ml,Inventory,Top & Base,Rubber Bases,,25,15ml,Bottle,,/img/b2b/bases/Glass Rubber Base/LC-GLRB_20.webp
LC-GLRB_21,LC-GLRB_21,ml,Inventory,Top & Base,Rubber Bases,,25,15ml,Bottle,,/img/b2b/bases/Glass Rubber Base/LC-GLRB_21.webp
LC-GLRB_22,LC-GLRB_22,ml,Inventory,Top & Base,Rubber Bases,,25,15ml,Bottle,,/img/b2b/bases/Glass Rubber Base/LC-GLRB_22.webp
LC-GLRB_23,LC-GLRB_23,ml,Inventory,Top & Base,Rubber Bases,,25,15ml,Bottle,,/img/b2b/bases/Glass Rubber Base/LC-GLRB_23.webp
LC-GLRB_24,LC-GLRB_24,ml,Inventory,Top & Base,Rubber Bases,,25,15ml,Bottle,,/img/b2b/bases/Glass Rubber Base/LC-GLRB_24.webp
LC-NEONRB_01,LC-NEONRB_01,ml,Inventory,Top & Base,Rubber Bases,,25,15ml,Bottle,,/img/b2b/bases/Neon Rubber Base/LC-NEONRB_01.webp
LC-NEONRB_02,LC-NEONRB_02,ml,Inventory,Top & Base,Rubber Bases,,25,15ml,Bottle,,/img/b2b/bases/Neon Rubber Base/LC-NEONRB_02.webp
LC-NEONRB_03,LC-NEONRB_03,ml,Inventory,Top & Base,Rubber Bases,,25,15ml,Bottle,,/img/b2b/bases/Neon Rubber Base/LC-NEONRB_03.webp
LC-NEONRB_04,LC-NEONRB_04,ml,Inventory,Top & Base,Rubber Bases,,25,15ml,Bottle,,/img/b2b/bases/Neon Rubber Base/LC-NEONRB_04.webp
LC-NEONRB_05,LC-NEONRB_05,ml,Inventory,Top & Base,Rubber Bases,,25,15ml,Bottle,,/img/b2b/bases/Neon Rubber Base/LC-NEONRB_05.webp
LC-NEONRB_06,LC-NEONRB_06,ml,Inventory,Top & Base,Rubber Bases,,25,15ml,Bottle,,/img/b2b/bases/Neon Rubber Base/LC-NEONRB_06.webp
LC-NEONRB_07,LC-NEONRB_07,ml,Inventory,Top & Base,Rubber Bases,,25,15ml,Bottle,,/img/b2b/bases/Neon Rubber Base/LC-NEONRB_07.webp
LC-NEONRB_08,LC-NEONRB_08,ml,Inventory,Top & Base,Rubber Bases,,25,15ml,Bottle,,/img/b2b/bases/Neon Rubber Base/LC-NEONRB_08.webp
LC-NEONRB_09,LC-NEONRB_09,ml,Inventory,Top & Base,Rubber Bases,,25,15ml,Bottle,,/img/b2b/bases/Neon Rubber Base/LC-NEONRB_09.webp
LC-NEONRB_10,LC-NEONRB_10,ml,Inventory,Top & Base,Rubber Bases,,25,15ml,Bottle,,/img/b2b/bases/Neon Rubber Base/LC-NEONRB_10.webp
LC-NEONRB_11,LC-NEONRB_11,ml,Inventory,Top & Base,Rubber Bases,,25,15ml,Bottle,,/img/b2b/bases/Neon Rubber Base/LC-NEONRB_11.webp
LC-NEONRB_12,LC-NEONRB_12,ml,Inventory,Top & Base,Rubber Bases,,25,15ml,Bottle,,/img/b2b/bases/Neon Rubber Base/LC-NEONRB_12.webp
LC-NEONRB_13,LC-NEONRB_13,ml,Inventory,Top & Base,Rubber Bases,,25,15ml,Bottle,,/img/b2b/bases/Neon Rubber Base/LC-NEONRB_13.webp
LC-NEONRB_14,LC-NEONRB_14,ml,Inventory,Top & Base,Rubber Bases,,25,15ml,Bottle,,/img/b2b/bases/Neon Rubber Base/LC-NEONRB_14.webp
LC-NEONRB_15,LC-NEONRB_15,ml,Inventory,Top & Base,Rubber Bases,,25,15ml,Bottle,,/img/b2b/bases/Neon Rubber Base/LC-NEONRB_15.webp
LC-NEONRB_16,LC-NEONRB_16,ml,Inventory,Top & Base,Rubber Bases,,25,15ml,Bottle,,/img/b2b/bases/Neon Rubber Base/LC-NEONRB_16.webp
LC-NEONRB_17,LC-NEONRB_17,ml,Inventory,Top & Base,Rubber Bases,,25,15ml,Bottle,,/img/b2b/bases/Neon Rubber Base/LC-NEONRB_17.webp
LC-NEONRB_18,LC-NEONRB_18,ml,Inventory,Top & Base,Rubber Bases,,25,15ml,Bottle,,/img/b2b/bases/Neon Rubber Base/LC-NEONRB_18.webp
LC-NEONRB_19,LC-NEONRB_19,ml,Inventory,Top & Base,Rubber Bases,,25,15ml,Bottle,,/img/b2b/bases/Neon Rubber Base/LC-NEONRB_19.webp
LC-NEONRB_20,LC-NEONRB_20,ml,Inventory,Top & Base,Rubber Bases,,25,15ml,Bottle,,/img/b2b/bases/Neon Rubber Base/LC-NEONRB_20.webp
LC-NUDE2NRB_01,LC-NUDE2NRB_01,ml,Inventory,Top & Base,Rubber Bases,,25,15ml,Bottle,,/img/b2b/bases/Nude Rubber Base/LC-NUDE2NRB_01.webp
LC-NUDE2NRB_02,LC-NUDE2NRB_02,ml,Inventory,Top & Base,Rubber Bases,,25,15ml,Bottle,,/img/b2b/bases/Nude Rubber Base/LC-NUDE2NRB_02.webp
LC-NUDE2NRB_03,LC-NUDE2NRB_03,ml,Inventory,Top & Base,Rubber Bases,,25,15ml,Bottle,,/img/b2b/bases/Nude Rubber Base/LC-NUDE2NRB_03.webp
LC-NUDE2NRB_04,LC-NUDE2NRB_04,ml,Inventory,Top & Base,Rubber Bases,,25,15ml,Bottle,,/img/b2b/bases/Nude Rubber Base/LC-NUDE2NRB_04.webp
LC-NUDE2NRB_05,LC-NUDE2NRB_05,ml,Inventory,Top & Base,Rubber Bases,,25,15ml,Bottle,,/img/b2b/bases/Nude Rubber Base/LC-NUDE2NRB_05.webp
LC-NUDE2NRB_06,LC-NUDE2NRB_06,ml,Inventory,Top & Base,Rubber Bases,,25,15ml,Bottle,,/img/b2b/bases/Nude Rubber Base/LC-NUDE2NRB_06.webp
LC-NUDE2NRB_07,LC-NUDE2NRB_07,ml,Inventory,Top & Base,Rubber Bases,,25,15ml,Bottle,,/img/b2b/bases/Nude Rubber Base/LC-NUDE2NRB_07.webp
LC-NUDE2NRB_08,LC-NUDE2NRB_08,ml,Inventory,Top & Base,Rubber Bases,,25,15ml,Bottle,,/img/b2b/bases/Nude Rubber Base/LC-NUDE2NRB_08.webp
LC-NUDE2NRB_09,LC-NUDE2NRB_09,ml,Inventory,Top & Base,Rubber Bases,,25,15ml,Bottle,,/img/b2b/bases/Nude Rubber Base/LC-NUDE2NRB_09.webp
LC-NUDE2NRB_10,LC-NUDE2NRB_10,ml,Inventory,Top & Base,Rubber Bases,,25,15ml,Bottle,,/img/b2b/bases/Nude Rubber Base/LC-NUDE2NRB_10.webp
LC-NUDE2NRB_11,LC-NUDE2NRB_11,ml,Inventory,Top & Base,Rubber Bases,,25,15ml,Bottle,,/img/b2b/bases/Nude Rubber Base/LC-NUDE2NRB_11.webp
LC-NUDE2NRB_12,LC-NUDE2NRB_12,ml,Inventory,Top & Base,Rubber Bases,,25,15ml,Bottle,,/img/b2b/bases/Nude Rubber Base/LC-NUDE2NRB_12.webp
LC-NUDE2NRB_13,LC-NUDE2NRB_13,ml,Inventory,Top & Base,Rubber Bases,,25,15ml,Bottle,,/img/b2b/bases/Nude Rubber Base/LC-NUDE2NRB_13.webp
LC-NUDE2NRB_14,LC-NUDE2NRB_14,ml,Inventory,Top & Base,Rubber Bases,,25,15ml,Bottle,,/img/b2b/bases/Nude Rubber Base/LC-NUDE2NRB_14.webp
LC-NUDE2NRB_15,LC-NUDE2NRB_15,ml,Inventory,Top & Base,Rubber Bases,,25,15ml,Bottle,,/img/b2b/bases/Nude Rubber Base/LC-NUDE2NRB_15.webp
LC-NUDE2NRB_16,LC-NUDE2NRB_16,ml,Inventory,Top & Base,Rubber Bases,,25,15ml,Bottle,,/img/b2b/bases/Nude Rubber Base/LC-NUDE2NRB_16.webp
LC-NUDE2NRB_17,LC-NUDE2NRB_17,ml,Inventory,Top & Base,Rubber Bases,,25,15ml,Bottle,,/img/b2b/bases/Nude Rubber Base/LC-NUDE2NRB_17.webp
LC-NUDE2NRB_18,LC-NUDE2NRB_18,ml,Inventory,Top & Base,Rubber Bases,,25,15ml,Bottle,,/img/b2b/bases/Nude Rubber Base/LC-NUDE2NRB_18.webp
LC-NUDE2NRB_19,LC-NUDE2NRB_19,ml,Inventory,Top & Base,Rubber Bases,,25,15ml,Bottle,,/img/b2b/bases/Nude Rubber Base/LC-NUDE2NRB_19.webp
LC-NUDE2NRB_20,LC-NUDE2NRB_20,ml,Inventory,Top & Base,Rubber Bases,,25,15ml,Bottle,,/img/b2b/bases/Nude Rubber Base/LC-NUDE2NRB_20.webp
LC-NUDE2NRB_21,LC-NUDE2NRB_21,ml,Inventory,Top & Base,Rubber Bases,,25,15ml,Bottle,,/img/b2b/bases/Nude Rubber Base/LC-NUDE2NRB_21.webp
LC-NUDE2NRB_22,LC-NUDE2NRB_22,ml,Inventory,Top & Base,Rubber Bases,,25,15ml,Bottle,,/img/b2b/bases/Nude Rubber Base/LC-NUDE2NRB_22.webp
LC-NUDE2NRB_23,LC-NUDE2NRB_23,ml,Inventory,Top & Base,Rubber Bases,,25,15ml,Bottle,,/img/b2b/bases/Nude Rubber Base/LC-NUDE2NRB_23.webp
LC-NUDE2NRB_24,LC-NUDE2NRB_24,ml,Inventory,Top & Base,Rubber Bases,,25,15ml,Bottle,,/img/b2b/bases/Nude Rubber Base/LC-NUDE2NRB_24.webp
LC-NUDE2NRB_25,LC-NUDE2NRB_25,ml,Inventory,Top & Base,Rubber Bases,,25,15ml,Bottle,,/img/b2b/bases/Nude Rubber Base/LC-NUDE2NRB_25.webp
LC-NUDE2NRB_26,LC-NUDE2NRB_26,ml,Inventory,Top & Base,Rubber Bases,,25,15ml,Bottle,,/img/b2b/bases/Nude Rubber Base/LC-NUDE2NRB_26.webp
LC-NUDE2NRB_27,LC-NUDE2NRB_27,ml,Inventory,Top & Base,Rubber Bases,,25,15ml,Bottle,,/img/b2b/bases/Nude Rubber Base/LC-NUDE2NRB_27.webp
LC-NUDE2NRB_28,LC-NUDE2NRB_28,ml,Inventory,Top & Base,Rubber Bases,,25,15ml,Bottle,,/img/b2b/bases/Nude Rubber Base/LC-NUDE2NRB_28.webp
LC-NUDE2NRB_29,LC-NUDE2NRB_29,ml,Inventory,Top & Base,Rubber Bases,,25,15ml,Bottle,,/img/b2b/bases/Nude Rubber Base/LC-NUDE2NRB_29.webp
LC-NUDE2NRB_30,LC-NUDE2NRB_30,ml,Inventory,Top & Base,Rubber Bases,,25,15ml,Bottle,,/img/b2b/bases/Nude Rubber Base/LC-NUDE2NRB_30.webp
LC-NUDE2NRB_31,LC-NUDE2NRB_31,ml,Inventory,Top & Base,Rubber Bases,,25,15ml,Bottle,,/img/b2b/bases/Nude Rubber Base/LC-NUDE2NRB_31.webp
LC-NUDE2NRB_32,LC-NUDE2NRB_32,ml,Inventory,Top & Base,Rubber Bases,,25,15ml,Bottle,,/img/b2b/bases/Nude Rubber Base/LC-NUDE2NRB_32.webp
LC-NUDE2NRB_33,LC-NUDE2NRB_33,ml,Inventory,Top & Base,Rubber Bases,,25,15ml,Bottle,,/img/b2b/bases/Nude Rubber Base/LC-NUDE2NRB_33.webp
LC-NUDE2NRB_34,LC-NUDE2NRB_34,ml,Inventory,Top & Base,Rubber Bases,,25,15ml,Bottle,,/img/b2b/bases/Nude Rubber Base/LC-NUDE2NRB_34.webp
LC-NUDE2NRB_35,LC-NUDE2NRB_35,ml,Inventory,Top & Base,Rubber Bases,,25,15ml,Bottle,,/img/b2b/bases/Nude Rubber Base/LC-NUDE2NRB_35.webp
LC-NUDE2NRB_36,LC-NUDE2NRB_36,ml,Inventory,Top & Base,Rubber Bases,,25,15ml,Bottle,,/img/b2b/bases/Nude Rubber Base/LC-NUDE2NRB_36.webp
LC-NUDE2NRB_37,LC-NUDE2NRB_37,ml,Inventory,Top & Base,Rubber Bases,,25,15ml,Bottle,,/img/b2b/bases/Nude Rubber Base/LC-NUDE2NRB_37.webp
LC-NUDE2NRB_38,LC-NUDE2NRB_38,ml,Inventory,Top & Base,Rubber Bases,,25,15ml,Bottle,,/img/b2b/bases/Nude Rubber Base/LC-NUDE2NRB_38.webp
LC-NUDE2NRB_39,LC-NUDE2NRB_39,ml,Inventory,Top & Base,Rubber Bases,,25,15ml,Bottle,,/img/b2b/bases/Nude Rubber Base/LC-NUDE2NRB_39.webp
LC-NUDE2NRB_40,LC-NUDE2NRB_40,ml,Inventory,Top & Base,Rubber Bases,,25,15ml,Bottle,,/img/b2b/bases/Nude Rubber Base/LC-NUDE2NRB_40.webp
LC-NUDE2NRB_41,LC-NUDE2NRB_41,ml,Inventory,Top & Base,Rubber Bases,,25,15ml,Bottle,,/img/b2b/bases/Nude Rubber Base/LC-NUDE2NRB_41.webp
LC-NUDE2NRB_42,LC-NUDE2NRB_42,ml,Inventory,Top & Base,Rubber Bases,,25,15ml,Bottle,,/img/b2b/bases/Nude Rubber Base/LC-NUDE2NRB_42.webp
LC-NUDE2NRB_43,LC-NUDE2NRB_43,ml,Inventory,Top & Base,Rubber Bases,,25,15ml,Bottle,,/img/b2b/bases/Nude Rubber Base/LC-NUDE2NRB_43.webp
LC-NUDE2NRB_44,LC-NUDE2NRB_44,ml,Inventory,Top & Base,Rubber Bases,,25,15ml,Bottle,,/img/b2b/bases/Nude Rubber Base/LC-NUDE2NRB_44.webp
LC-NUDE2NRB_45,LC-NUDE2NRB_45,ml,Inventory,Top & Base,Rubber Bases,,25,15ml,Bottle,,/img/b2b/bases/Nude Rubber Base/LC-NUDE2NRB_45.webp
LC-NUDE2NRB_46,LC-NUDE2NRB_46,ml,Inventory,Top & Base,Rubber Bases,,25,15ml,Bottle,,/img/b2b/bases/Nude Rubber Base/LC-NUDE2NRB_46.webp
LC-NUDE2NRB_47,LC-NUDE2NRB_47,ml,Inventory,Top & Base,Rubber Bases,,25,15ml,Bottle,,/img/b2b/bases/Nude Rubber Base/LC-NUDE2NRB_47.webp
LC-NUDE2NRB_48,LC-NUDE2NRB_48,ml,Inventory,Top & Base,Rubber Bases,,25,15ml,Bottle,,/img/b2b/bases/Nude Rubber Base/LC-NUDE2NRB_48.webp
LC-NUDERB_01,LC-NUDERB_01,ml,Inventory,Top & Base,Rubber Bases,,25,15ml,Bottle,,/img/b2b/bases/Nude Rubber Base/LC-NUDERB_01.webp
LC-NUDERB_02,LC-NUDERB_02,ml,Inventory,Top & Base,Rubber Bases,,25,15ml,Bottle,,/img/b2b/bases/Nude Rubber Base/LC-NUDERB_02.webp
LC-NUDERB_03,LC-NUDERB_03,ml,Inventory,Top & Base,Rubber Bases,,25,15ml,Bottle,,/img/b2b/bases/Nude Rubber Base/LC-NUDERB_03.webp
LC-NUDERB_04,LC-NUDERB_04,ml,Inventory,Top & Base,Rubber Bases,,25,15ml,Bottle,,/img/b2b/bases/Nude Rubber Base/LC-NUDERB_04.webp
LC-NUDERB_05,LC-NUDERB_05,ml,Inventory,Top & Base,Rubber Bases,,25,15ml,Bottle,,/img/b2b/bases/Nude Rubber Base/LC-NUDERB_05.webp
LC-NUDERB_06,LC-NUDERB_06,ml,Inventory,Top & Base,Rubber Bases,,25,15ml,Bottle,,/img/b2b/bases/Nude Rubber Base/LC-NUDERB_06.webp
LC-NUDERB_07,LC-NUDERB_07,ml,Inventory,Top & Base,Rubber Bases,,25,15ml,Bottle,,/img/b2b/bases/Nude Rubber Base/LC-NUDERB_07.webp
LC-NUDERB_08,LC-NUDERB_08,ml,Inventory,Top & Base,Rubber Bases,,25,15ml,Bottle,,/img/b2b/bases/Nude Rubber Base/LC-NUDERB_08.webp
LC-NUDERB_09,LC-NUDERB_09,ml,Inventory,Top & Base,Rubber Bases,,25,15ml,Bottle,,/img/b2b/bases/Nude Rubber Base/LC-NUDERB_09.webp
LC-NUDERB_10,LC-NUDERB_10,ml,Inventory,Top & Base,Rubber Bases,,25,15ml,Bottle,,/img/b2b/bases/Nude Rubber Base/LC-NUDERB_10.webp
LC-NUDERB_11,LC-NUDERB_11,ml,Inventory,Top & Base,Rubber Bases,,25,15ml,Bottle,,/img/b2b/bases/Nude Rubber Base/LC-NUDERB_11.webp
LC-NUDERB_12,LC-NUDERB_12,ml,Inventory,Top & Base,Rubber Bases,,25,15ml,Bottle,,/img/b2b/bases/Nude Rubber Base/LC-NUDERB_12.webp
LC-NUDERB_13,LC-NUDERB_13,ml,Inventory,Top & Base,Rubber Bases,,25,15ml,Bottle,,/img/b2b/bases/Nude Rubber Base/LC-NUDERB_13.webp
LC-NUDERB_14,LC-NUDERB_14,ml,Inventory,Top & Base,Rubber Bases,,25,15ml,Bottle,,/img/b2b/bases/Nude Rubber Base/LC-NUDERB_14.webp
LC-NUDERB_15,LC-NUDERB_15,ml,Inventory,Top & Base,Rubber Bases,,25,15ml,Bottle,,/img/b2b/bases/Nude Rubber Base/LC-NUDERB_15.webp
LC-NUDERB_16,LC-NUDERB_16,ml,Inventory,Top & Base,Rubber Bases,,25,15ml,Bottle,,/img/b2b/bases/Nude Rubber Base/LC-NUDERB_16.webp
LC-NUDERB_17,LC-NUDERB_17,ml,Inventory,Top & Base,Rubber Bases,,25,15ml,Bottle,,/img/b2b/bases/Nude Rubber Base/LC-NUDERB_17.webp
LC-NUDERB_18,LC-NUDERB_18,ml,Inventory,Top & Base,Rubber Bases,,25,15ml,Bottle,,/img/b2b/bases/Nude Rubber Base/LC-NUDERB_18.webp
LC-NUDERB_19,LC-NUDERB_19,ml,Inventory,Top & Base,Rubber Bases,,25,15ml,Bottle,,/img/b2b/bases/Nude Rubber Base/LC-NUDERB_19.webp
LC-NUDERB_20,LC-NUDERB_20,ml,Inventory,Top & Base,Rubber Bases,,25,15ml,Bottle,,/img/b2b/bases/Nude Rubber Base/LC-NUDERB_20.webp
LC-NUDERB_21,LC-NUDERB_21,ml,Inventory,Top & Base,Rubber Bases,,25,15ml,Bottle,,/img/b2b/bases/Nude Rubber Base/LC-NUDERB_21.webp
LC-NUDERB_22,LC-NUDERB_22,ml,Inventory,Top & Base,Rubber Bases,,25,15ml,Bottle,,/img/b2b/bases/Nude Rubber Base/LC-NUDERB_22.webp
LC-NUDERB_23,LC-NUDERB_23,ml,Inventory,Top & Base,Rubber Bases,,25,15ml,Bottle,,/img/b2b/bases/Nude Rubber Base/LC-NUDERB_23.webp
LC-NUDERB_24,LC-NUDERB_24,ml,Inventory,Top & Base,Rubber Bases,,25,15ml,Bottle,,/img/b2b/bases/Nude Rubber Base/LC-NUDERB_24.webp
LC-NUDERB_25,LC-NUDERB_25,ml,Inventory,Top & Base,Rubber Bases,,25,15ml,Bottle,,/img/b2b/bases/Nude Rubber Base/LC-NUDERB_25.webp
LC-NUDERB_26,LC-NUDERB_26,ml,Inventory,Top & Base,Rubber Bases,,25,15ml,Bottle,,/img/b2b/bases/Nude Rubber Base/LC-NUDERB_26.webp
LC-NWTC,LC-NWTC,ml,Inventory,Top & Base,Top Coat,,25,15ml,Bottle,,/img/b2b/tops-bases/Tops/LC-NWTC.webp